brand,manufacturer,canonicalProductName,manufacturerRef,sourceAliases,variantLabel,kzStatus,publishedCard,evidenceUrl,lastChecked,notes
DentKist,DentKist,CharmFil Plus,1401588,Универсальный нанокомпозит CharmFil Plus A1 | Универсальный светоотверждаемый рентгеноконтрастный микрогибридный нанокомпозит CharmFil Plus A1-СТОМИР,Шприц · оттенок A1,KZ_CONFIRMATION_REQUIRED,YES,,,Official reference retained; Kazakhstan availability has not been confirmed
DentKist,DentKist,CharmFil Plus,1401589,Универсальный нанокомпозит CharmFil Plus A2 | Универсальный светоотверждаемый рентгеноконтрастный микрогибридный нанокомпозит CharmFil Plus A2-СТОМИР,Шприц · оттенок A2,KZ_CONFIRMATION_REQUIRED,YES,,,Official reference retained; Kazakhstan availability has not been confirmed
DentKist,DentKist,CharmFil Plus,1401590,Универсальный нанокомпозит CharmFil Plus A3 | Универсальный светоотверждаемый рентгеноконтрастный микрогибридный нанокомпозит CharmFil Plus A3-СТОМИР,Шприц · оттенок A3,KZ_CONFIRMATION_REQUIRED,YES,,,Official reference retained; Kazakhstan availability has not been confirmed
LaTus,LaTus,Latelux,1400019,Материал композиционный пломбировочный светоотверждаемый Latelux A1-СТОМИР,Шприц · оттенок A1,KZ_CONFIRMATION_REQUIRED,YES,,,Official reference retained; Kazakhstan availability has not been confirmed
LaTus,LaTus,Latelux,1400020,Материал композиционный пломбировочный светоотверждаемый Latelux A2-СТОМИР,Шприц · оттенок A2,KZ_CONFIRMATION_REQUIRED,YES,,,Official reference retained; Kazakhstan availability has not been confirmed
LaTus,LaTus,Latelux,1400021,Материал композиционный пломбировочный светоотверждаемый Latelux A3-СТОМИР,Шприц · оттенок A3,KZ_CONFIRMATION_REQUIRED,YES,,,Official reference retained; Kazakhstan availability has not been confirmed
LaTus,LaTus,Latelux,1401391,Материал композиционный пломбировочный светоотверждаемый Latelux B1-СТОМИР,Шприц · оттенок B1,KZ_CONFIRMATION_REQUIRED,YES,,,Official reference retained; Kazakhstan availability has not been confirmed
LaTus,LaTus,Latelux,1401392,Материал композиционный пломбировочный светоотверждаемый Latelux B2-СТОМИР,Шприц · оттенок B2,KZ_CONFIRMATION_REQUIRED,YES,,,Official reference retained; Kazakhstan availability has not been confirmed
LaTus,LaTus,Latelux,1401393,Материал композиционный пломбировочный светоотверждаемый Latelux OA2-СТОМИР,Шприц · оттенок OA2,KZ_CONFIRMATION_REQUIRED,YES,,,Official reference retained; Kazakhstan availability has not been confirmed
LaTus,LaTus,Latelux Flow,1400016,Материал Latelux flow A1 | Материал композиционный пломбировочный светоотверждаемый текучий Latelux flow A1-СТОМИР,Шприц · оттенок A1,KZ_CONFIRMATION_REQUIRED,YES,,,Official reference retained; Kazakhstan availability has not been confirmed
LaTus,LaTus,Latelux Flow,1400017,Материал композиционный пломбировочный светоотверждаемый текучий Latelux flow A2-СТОМИР,Шприц · оттенок A2,KZ_CONFIRMATION_REQUIRED,YES,,,Official reference retained; Kazakhstan availability has not been confirmed
LaTus,LaTus,Latelux Flow,1400018,Материал композиционный пломбировочный светоотверждаемый текучий Latelux flow A3-СТОМИР,Шприц · оттенок A3,KZ_CONFIRMATION_REQUIRED,YES,,,Official reference retained; Kazakhstan availability has not been confirmed
Kulzer,Kulzer GmbH,Kulzer Charisma Classic,66000085,karizma klassik 4g a1,Шприц 4 г · оттенок A1,KZ_CONFIRMATION_REQUIRED,YES,,,Official reference retained; Kazakhstan availability has not been confirmed
Kulzer,Kulzer GmbH,Kulzer Charisma Classic,66000086,karizma klassik 4g a2,Шприц 4 г · оттенок A2,KZ_CONFIRMATION_REQUIRED,YES,,,Official reference retained; Kazakhstan availability has not been confirmed
Kulzer,Kulzer GmbH,Kulzer Charisma Classic,66000087,karizma klassik 4g a3,Шприц 4 г · оттенок A3,KZ_CONFIRMATION_REQUIRED,YES,,,Official reference retained; Kazakhstan availability has not been confirmed
Kulzer,Kulzer GmbH,Kulzer Charisma Classic,66000088,karizma klassik 4g a3 5,Шприц 4 г · оттенок A3.5,KZ_CONFIRMATION_REQUIRED,YES,,,Official reference retained; Kazakhstan availability has not been confirmed
Kulzer,Kulzer GmbH,Kulzer Charisma Classic,66000089,karizma klassik 4g a4,Шприц 4 г · оттенок A4,KZ_CONFIRMATION_REQUIRED,YES,,,Official reference retained; Kazakhstan availability has not been confirmed
Kulzer,Kulzer GmbH,Kulzer Charisma Classic,66000090,karizma klassik 4g b1,Шприц 4 г · оттенок B1,KZ_CONFIRMATION_REQUIRED,YES,,,Official reference retained; Kazakhstan availability has not been confirmed
Kulzer,Kulzer GmbH,Kulzer Charisma Classic,66000097,karizma klassik 4g oa2,Шприц 4 г · оттенок OA2,KZ_CONFIRMATION_REQUIRED,YES,,,Official reference retained; Kazakhstan availability has not been confirmed
Kulzer,Kulzer GmbH,Kulzer Charisma Classic,66000098,karizma klassik 4g oa3,Шприц 4 г · оттенок OA3,KZ_CONFIRMATION_REQUIRED,YES,,,Official reference retained; Kazakhstan availability has not been confirmed
Kulzer,Kulzer GmbH,Kulzer Charisma Classic,66000099,karizma klassik 4g oa3 5,Шприц 4 г · оттенок OA3.5,KZ_CONFIRMATION_REQUIRED,YES,,,Official reference retained; Kazakhstan availability has not been confirmed
Kulzer,Kulzer GmbH,Kulzer Charisma Topaz,66067163,karizma topaz 4g a1,Шприц 4 г · оттенок A1,KZ_CONFIRMATION_REQUIRED,YES,,,Official reference retained; Kazakhstan availability has not been confirmed
Kulzer,Kulzer GmbH,Kulzer Charisma Topaz,66067164,karizma topaz 4g a2,Шприц 4 г · оттенок A2,KZ_CONFIRMATION_REQUIRED,YES,,,Official reference retained; Kazakhstan availability has not been confirmed
Kulzer,Kulzer GmbH,Kulzer Charisma Topaz,66067165,karizma topaz 4g a3,Шприц 4 г · оттенок A3,KZ_CONFIRMATION_REQUIRED,YES,,,Official reference retained; Kazakhstan availability has not been confirmed
Kulzer,Kulzer GmbH,Kulzer Charisma Topaz,66067166,karizma topaz 4g a3 5,Шприц 4 г · оттенок A3.5,KZ_CONFIRMATION_REQUIRED,YES,,,Official reference retained; Kazakhstan availability has not been confirmed
Kulzer,Kulzer GmbH,Kulzer Charisma Topaz,66067168,karizma topaz 4g b1 | Каризма Topaz 4г B1,Шприц 4 г · оттенок B1,KZ_CONFIRMATION_REQUIRED,YES,,,Official reference retained; Kazakhstan availability has not been confirmed
Kulzer,Kulzer GmbH,Kulzer Charisma Topaz,66067169,karizma topaz 4g b2 | Каризма Topaz 4г B2,Шприц 4 г · оттенок B2,KZ_CONFIRMATION_REQUIRED,YES,,,Official reference retained; Kazakhstan availability has not been confirmed
Kulzer,Kulzer GmbH,Kulzer Charisma Topaz,66067177,karizma topaz 4g bl,Шприц 4 г · оттенок BL,KZ_CONFIRMATION_REQUIRED,YES,,,Official reference retained; Kazakhstan availability has not been confirmed
Kulzer,Kulzer GmbH,Kulzer Charisma Topaz,66067175,karizma topaz 4g cl | Каризма Topaz 4г CL,Шприц 4 г · оттенок CL,KZ_CONFIRMATION_REQUIRED,YES,,,Official reference retained; Kazakhstan availability has not been confirmed
Kulzer,Kulzer GmbH,Kulzer Charisma Topaz,66067176,karizma topaz 4g co | Каризма Topaz 4г CO,Шприц 4 г · оттенок CO,KZ_CONFIRMATION_REQUIRED,YES,,,Official reference retained; Kazakhstan availability has not been confirmed
Kulzer,Kulzer GmbH,Kulzer Charisma Topaz,66067178,karizma topaz 4g ob,Шприц 4 г · оттенок OB,KZ_CONFIRMATION_REQUIRED,YES,,,Official reference retained; Kazakhstan availability has not been confirmed
Kulzer,Kulzer GmbH,Kulzer Charisma Topaz,66067174,karizma topaz 4g od,Шприц 4 г · оттенок OD,KZ_CONFIRMATION_REQUIRED,YES,,,Official reference retained; Kazakhstan availability has not been confirmed
Kulzer,Kulzer GmbH,Kulzer Charisma Topaz,66067172,karizma topaz 4g ol,Шприц 4 г · оттенок OL,KZ_CONFIRMATION_REQUIRED,YES,,,Official reference retained; Kazakhstan availability has not been confirmed
Kulzer,Kulzer GmbH,Kulzer Charisma Topaz,66067173,karizma topaz 4g om | Каризма Topaz 4г OM,Шприц 4 г · оттенок OM,KZ_CONFIRMATION_REQUIRED,YES,,,Official reference retained; Kazakhstan availability has not been confirmed
VOCO,VOCO GmbH,VOCO Admira,2421,admira 4 0 g a1,Шприц 4 г · оттенок A1,KZ_CONFIRMATION_REQUIRED,YES,,,Official reference retained; Kazakhstan availability has not been confirmed
VOCO,VOCO GmbH,VOCO Admira,2422,admira 4 0 g a2,Шприц 4 г · оттенок A2,KZ_CONFIRMATION_REQUIRED,YES,,,Official reference retained; Kazakhstan availability has not been confirmed
VOCO,VOCO GmbH,VOCO Admira,2423,admira 4 0 g a3,Шприц 4 г · оттенок A3,KZ_CONFIRMATION_REQUIRED,YES,,,Official reference retained; Kazakhstan availability has not been confirmed
VOCO,VOCO GmbH,VOCO Admira,2426,admira 4 0 g b2,Шприц 4 г · оттенок B2,KZ_CONFIRMATION_REQUIRED,YES,,,Official reference retained; Kazakhstan availability has not been confirmed
VOCO,VOCO GmbH,VOCO Admira,2430,admira 4 0 g oa2,Шприц 4 г · оттенок OA2,KZ_CONFIRMATION_REQUIRED,YES,,,Official reference retained; Kazakhstan availability has not been confirmed
VOCO,VOCO GmbH,VOCO Structur 2 SC,1479,struktur 2 sc 75 g a1 | struktur 2 sc 75g a1 | Структур 2 SC 75 г A1 | Структур 2 SC 75г А1,Картридж 75 г · оттенок A1,KZ_CONFIRMATION_REQUIRED,YES,,,Official reference retained; Kazakhstan availability has not been confirmed
VOCO,VOCO GmbH,VOCO Structur 2 SC,1480,struktur 2 sc 75g a2 | Структур 2 SC 75 г A2,Картридж 75 г · оттенок A2,KZ_CONFIRMATION_REQUIRED,YES,,,Official reference retained; Kazakhstan availability has not been confirmed
VOCO,VOCO GmbH,VOCO Structur 2 SC,1481,struktur 2 sc 75 g a3 | Структур 2 SC 75 г A3 | Структур 2 SC 75 г А3,Картридж 75 г · оттенок A3,KZ_CONFIRMATION_REQUIRED,YES,,,Official reference retained; Kazakhstan availability has not been confirmed
VOCO,VOCO GmbH,VOCO Structur 2 SC,1485,struktur 2 sc 75 g bl,Картридж 75 г · оттенок BL,KZ_CONFIRMATION_REQUIRED,YES,,,Official reference retained; Kazakhstan availability has not been confirmed
Ultradent,"Ultradent Products, Inc.",Peak Universal Bond,4551,Peak Universal Bond Starter Kit,"Стартовый набор · Peak 1,2 мл + Ultra-Etch 1,2 мл",KZ_CONFIRMATION_REQUIRED,YES,,,Official reference retained; Kazakhstan availability has not been confirmed
Ultradent,"Ultradent Products, Inc.",VALO X,5973,VALO X curing light kit,Комплект VALO X · 5 линз · проводной и беспроводной режим,KZ_CONFIRMATION_REQUIRED,YES,,,Official reference retained; Kazakhstan availability has not been confirmed
W&H,W&H Dentalwerk Bürmoos GmbH,W&H Assistina One,30398001,Assistina One MB301 with Quick ISO,Quick ISO · комплект с одним адаптером,KZ_CONFIRMATION_REQUIRED,YES,,,Official reference retained; Kazakhstan availability has not been confirmed
W&H,W&H Dentalwerk Bürmoos GmbH,W&H Assistina One,30398002,Assistina One MB301 with Quick RM,Quick RM · комплект с одним адаптером,KZ_CONFIRMATION_REQUIRED,YES,,,Official reference retained; Kazakhstan availability has not been confirmed
W&H,W&H Dentalwerk Bürmoos GmbH,W&H Assistina One,30398003,Assistina One MB301 with Quick RM and Quick ISO,Quick RM + Quick ISO · комплект с двумя адаптерами,KZ_CONFIRMATION_REQUIRED,YES,,,Official reference retained; Kazakhstan availability has not been confirmed
W&H,W&H Dentalwerk Bürmoos GmbH,W&H Lara XL,19933110,Lara XL RIS-311,Камера 28 л · RIS-311,KZ_CONFIRMATION_REQUIRED,YES,,,Official reference retained; Kazakhstan availability has not been confirmed
W&H,W&H Dentalwerk Bürmoos GmbH,W&H Lisa Mini,19944100,Lisa Mini RIS-303 220 V,Камера 3 л · 220 В,KZ_CONFIRMATION_REQUIRED,YES,,,Official reference retained; Kazakhstan availability has not been confirmed
W&H,W&H Dentalwerk Bürmoos GmbH,W&H Lisa Mini,19945100,Lisa Mini RIS-305 220 V,Камера 5 л · 220 В,KZ_CONFIRMATION_REQUIRED,YES,,,Official reference retained; Kazakhstan availability has not been confirmed
W&H,W&H Dentalwerk Bürmoos GmbH,W&H Implantmed Plus II,SI-2102,Implantmed Plus II Scan-Edition,Scan-Edition · беспроводная педаль,KZ_CONFIRMATION_REQUIRED,YES,,,Official reference retained; Kazakhstan availability has not been confirmed
W&H,W&H Dentalwerk Bürmoos GmbH,W&H Implantmed Plus II,SI-2101,Implantmed Plus II wireless,Беспроводная педаль,KZ_CONFIRMATION_REQUIRED,YES,,,Official reference retained; Kazakhstan availability has not been confirmed
W&H,W&H Dentalwerk Bürmoos GmbH,W&H Implantmed Plus II,SI-2100,Implantmed Plus II wired,Проводная педаль,KZ_CONFIRMATION_REQUIRED,YES,,,Official reference retained; Kazakhstan availability has not been confirmed
W&H,W&H Dentalwerk Bürmoos GmbH,W&H Piezomed,30078000,Piezomed,Основной комплект Piezomed,KZ_CONFIRMATION_REQUIRED,YES,,,Official reference retained; Kazakhstan availability has not been confirmed
Kuraray Noritake,Kuraray Noritake Dental Inc.,CLEARFIL Universal Bond Quick 2,4042-EU,CLEARFIL Universal Bond Quick 2 Bottle Refill,Флакон 5 мл,KZ_CONFIRMATION_REQUIRED,YES,,,Official reference retained; Kazakhstan availability has not been confirmed
Kuraray Noritake,Kuraray Noritake Dental Inc.,CLEARFIL Universal Bond Quick 2,4044-EU,CLEARFIL Universal Bond Quick 2 Bottle Value Pack,Набор · 3 флакона по 5 мл,KZ_CONFIRMATION_REQUIRED,YES,,,Official reference retained; Kazakhstan availability has not been confirmed
Kuraray Noritake,Kuraray Noritake Dental Inc.,CLEARFIL Universal Bond Quick 2,4046-EU,CLEARFIL Universal Bond Quick 2 Unit Dose Standard Pack,Одноразовые дозы · 50 шт.,KZ_CONFIRMATION_REQUIRED,YES,,,Official reference retained; Kazakhstan availability has not been confirmed
Kuraray Noritake,Kuraray Noritake Dental Inc.,CLEARFIL SE BOND 2,3270-EU,CLEARFIL SE BOND 2 Kit,Набор · бонд 5 мл + праймер 6 мл,KZ_CONFIRMATION_REQUIRED,YES,,,Official reference retained; Kazakhstan availability has not been confirmed
Kuraray Noritake,Kuraray Noritake Dental Inc.,CLEARFIL SE BOND 2,3272-EU,CLEARFIL SE BOND 2 Value Pack,Большой набор · 3 бонда по 5 мл + 3 праймера по 6 мл,KZ_CONFIRMATION_REQUIRED,YES,,,Official reference retained; Kazakhstan availability has not been confirmed
Kuraray Noritake,Kuraray Noritake Dental Inc.,CLEARFIL SE BOND 2,328C-EU-1,CLEARFIL SE BOND 2 Unit Dose,Одноразовые дозы · 50 бондов + 50 праймеров,KZ_CONFIRMATION_REQUIRED,YES,,,Official reference retained; Kazakhstan availability has not been confirmed
Kuraray Noritake,Kuraray Noritake Dental Inc.,CLEARFIL SE BOND 2,3281-EU,CLEARFIL SE BOND 2 Bond,Бонд · флакон 5 мл,KZ_CONFIRMATION_REQUIRED,YES,,,Official reference retained; Kazakhstan availability has not been confirmed
Kuraray Noritake,Kuraray Noritake Dental Inc.,CLEARFIL SE BOND 2,3282-EU,CLEARFIL SE BOND 2 Primer,Праймер · флакон 6 мл,KZ_CONFIRMATION_REQUIRED,YES,,,Official reference retained; Kazakhstan availability has not been confirmed
Kuraray Noritake,Kuraray Noritake Dental Inc.,PANAVIA V5,3600-EU,PANAVIA V5 Professional Kit,Профессиональный набор · 5 оттенков,KZ_CONFIRMATION_REQUIRED,YES,,,Official reference retained; Kazakhstan availability has not been confirmed
Kuraray Noritake,Kuraray Noritake Dental Inc.,PANAVIA V5,3601-EU-1,PANAVIA V5 Standard Kit,Стандартный набор · Universal A2 + Clear,KZ_CONFIRMATION_REQUIRED,YES,,,Official reference retained; Kazakhstan availability has not been confirmed
Kuraray Noritake,Kuraray Noritake Dental Inc.,PANAVIA V5,3604-EU-2,PANAVIA V5 Introductory Kit,Начальный набор · Universal A2 + Clear,KZ_CONFIRMATION_REQUIRED,YES,,,Official reference retained; Kazakhstan availability has not been confirmed
Kuraray Noritake,Kuraray Noritake Dental Inc.,PANAVIA SA Cement Universal,4200-EU-02,PANAVIA SA Cement Universal Automix Single Pack,"Automix · 4,6 мл · один шприц",KZ_CONFIRMATION_REQUIRED,YES,,,Official reference retained; Kazakhstan availability has not been confirmed
Kuraray Noritake,Kuraray Noritake Dental Inc.,PANAVIA SA Cement Universal,4202-EU-C,PANAVIA SA Cement Universal Handmix Single Pack,Handmix · 5 мл · один шприц,KZ_CONFIRMATION_REQUIRED,YES,,,Official reference retained; Kazakhstan availability has not been confirmed
Kuraray Noritake,Kuraray Noritake Dental Inc.,PANAVIA SA Cement Universal,4210-EU-1,PANAVIA SA Cement Universal Automix Value Pack,Automix · набор из 3 шприцев,KZ_CONFIRMATION_REQUIRED,YES,,,Official reference retained; Kazakhstan availability has not been confirmed
Kuraray Noritake,Kuraray Noritake Dental Inc.,PANAVIA SA Cement Universal,4206-EU,PANAVIA SA Cement Universal Handmix Value Pack,Handmix · набор из 2 шприцев,KZ_CONFIRMATION_REQUIRED,YES,,,Official reference retained; Kazakhstan availability has not been confirmed
Kuraray Noritake,Kuraray Noritake Dental Inc.,CLEARFIL MAJESTY ES-2 Universal,3181-EU,CLEARFIL MAJESTY ES-2 Universal Syringe U,Шприц 2 мл · оттенок U,KZ_CONFIRMATION_REQUIRED,YES,,,Official reference retained; Kazakhstan availability has not been confirmed
Kuraray Noritake,Kuraray Noritake Dental Inc.,CLEARFIL MAJESTY ES-2 Universal,3182-EU,CLEARFIL MAJESTY ES-2 Universal Syringe UW,Шприц 2 мл · оттенок UW,KZ_CONFIRMATION_REQUIRED,YES,,,Official reference retained; Kazakhstan availability has not been confirmed
Kuraray Noritake,Kuraray Noritake Dental Inc.,CLEARFIL MAJESTY ES-2 Universal,3183-EU,CLEARFIL MAJESTY ES-2 Universal Syringe UL,Шприц 2 мл · оттенок UL,KZ_CONFIRMATION_REQUIRED,YES,,,Official reference retained; Kazakhstan availability has not been confirmed
Kuraray Noritake,Kuraray Noritake Dental Inc.,CLEARFIL MAJESTY ES-2 Universal,3184-EU,CLEARFIL MAJESTY ES-2 Universal Syringe UD,Шприц 2 мл · оттенок UD,KZ_CONFIRMATION_REQUIRED,YES,,,Official reference retained; Kazakhstan availability has not been confirmed
Kuraray Noritake,Kuraray Noritake Dental Inc.,CLEARFIL MAJESTY ES-2 Universal,3191-EU,CLEARFIL MAJESTY ES-2 Universal PLT U,"Капсулы 20 шт. по 0,25 г · оттенок U",KZ_CONFIRMATION_REQUIRED,YES,,,Official reference retained; Kazakhstan availability has not been confirmed
Kuraray Noritake,Kuraray Noritake Dental Inc.,CLEARFIL MAJESTY ES-2 Universal,3192-EU,CLEARFIL MAJESTY ES-2 Universal PLT UW,"Капсулы 20 шт. по 0,25 г · оттенок UW",KZ_CONFIRMATION_REQUIRED,YES,,,Official reference retained; Kazakhstan availability has not been confirmed
Kuraray Noritake,Kuraray Noritake Dental Inc.,CLEARFIL MAJESTY ES-2 Universal,3193-EU,CLEARFIL MAJESTY ES-2 Universal PLT UL,"Капсулы 20 шт. по 0,25 г · оттенок UL",KZ_CONFIRMATION_REQUIRED,YES,,,Official reference retained; Kazakhstan availability has not been confirmed
Kuraray Noritake,Kuraray Noritake Dental Inc.,CLEARFIL MAJESTY ES-2 Universal,3194-EU,CLEARFIL MAJESTY ES-2 Universal PLT UD,"Капсулы 20 шт. по 0,25 г · оттенок UD",KZ_CONFIRMATION_REQUIRED,YES,,,Official reference retained; Kazakhstan availability has not been confirmed
BISCO,"BISCO, Inc.",All-Bond Universal,B-7202P,All-Bond Universal Bottle Package,Флакон 6 мл,KZ_FAMILY_CONFIRMED_VARIANT_REVIEW_REQUIRED,YES,https://www.denco.kz/index.php?option=com_virtuemart&Itemid=17&category_id=&page=shop.browse&manufacturer_id=3&limit=50&limitstart=0,2026-07-22,Listed by the Kazakhstan exclusive representative
BISCO,"BISCO, Inc.",TheraCal LC,H-3301P,TheraCal LC Single Syringe Pack,Один шприц 1 г,KZ_FAMILY_CONFIRMED_VARIANT_REVIEW_REQUIRED,YES,https://www.denco.kz/index.php?option=com_virtuemart&Itemid=17&category_id=&page=shop.browse&manufacturer_id=3&limit=50&limitstart=0,2026-07-22,Listed by the Kazakhstan exclusive representative
BISCO,"BISCO, Inc.",TheraCal LC,H-33014P,TheraCal LC 4 Syringe Pack,Набор · 4 шприца по 1 г,KZ_FAMILY_CONFIRMED_VARIANT_REVIEW_REQUIRED,YES,https://www.denco.kz/index.php?option=com_virtuemart&Itemid=17&category_id=&page=shop.browse&manufacturer_id=3&limit=50&limitstart=0,2026-07-22,Listed by the Kazakhstan exclusive representative
BISCO,"BISCO, Inc.",TheraBase Ca,D-3502PS,TheraBase Ca 1g,Шприц 1 г,KZ_CONFIRMATION_REQUIRED,NO,,,Official reference retained; Kazakhstan availability has not been confirmed
BISCO,"BISCO, Inc.",TheraBase Ca,D-35010P,TheraBase Ca 8g,Двойной шприц 8 г,KZ_CONFIRMATION_REQUIRED,NO,,,Official reference retained; Kazakhstan availability has not been confirmed
BISCO,"BISCO, Inc.",Duo-Link Universal,A-19030P,Duo-Link Universal Universal Shade,Двойной шприц 8 г · оттенок Universal,KZ_FAMILY_CONFIRMED_VARIANT_REVIEW_REQUIRED,YES,https://www.denco.kz/index.php?option=com_virtuemart&Itemid=17&category_id=&page=shop.browse&manufacturer_id=3&limit=50&limitstart=0,2026-07-22,Local catalog uses the shorter DUO-LINK family name
BISCO,"BISCO, Inc.",Duo-Link Universal,A-197MWP,Duo-Link Universal Milky White Shade,Двойной шприц 8 г · оттенок Milky White,KZ_FAMILY_CONFIRMED_VARIANT_REVIEW_REQUIRED,YES,https://www.denco.kz/index.php?option=com_virtuemart&Itemid=17&category_id=&page=shop.browse&manufacturer_id=3&limit=50&limitstart=0,2026-07-22,Local catalog uses the shorter DUO-LINK family name
BISCO,"BISCO, Inc.",BisCem,D-45011P,BisCem Translucent,Двойной шприц 8 г · оттенок Translucent,KZ_FAMILY_CONFIRMED_VARIANT_REVIEW_REQUIRED,YES,https://www.denco.kz/index.php?option=com_virtuemart&Itemid=17&category_id=&page=shop.browse&manufacturer_id=3&limit=50&limitstart=0,2026-07-22,Listed by the Kazakhstan exclusive representative
BISCO,"BISCO, Inc.",BisCem,D-45012P,BisCem Opaque,Двойной шприц 8 г · оттенок Opaque,KZ_FAMILY_CONFIRMED_VARIANT_REVIEW_REQUIRED,YES,https://www.denco.kz/index.php?option=com_virtuemart&Itemid=17&category_id=&page=shop.browse&manufacturer_id=3&limit=50&limitstart=0,2026-07-22,Listed by the Kazakhstan exclusive representative
BISCO,"BISCO, Inc.",Aeliteflo,H-671A1F,Aeliteflo Syringe A1,Шприц · оттенок A1,KZ_FAMILY_CONFIRMED_VARIANT_REVIEW_REQUIRED,YES,https://www.denco.kz/index.php?option=com_virtuemart&Itemid=17&category_id=&page=shop.browse&manufacturer_id=3&limit=50&limitstart=0,2026-07-22,Listed by the Kazakhstan exclusive representative
BISCO,"BISCO, Inc.",Aeliteflo,H-671A2F,Aeliteflo Syringe A2,Шприц · оттенок A2,KZ_FAMILY_CONFIRMED_VARIANT_REVIEW_REQUIRED,YES,https://www.denco.kz/index.php?option=com_virtuemart&Itemid=17&category_id=&page=shop.browse&manufacturer_id=3&limit=50&limitstart=0,2026-07-22,Listed by the Kazakhstan exclusive representative
BISCO,"BISCO, Inc.",Aeliteflo,H-671A2OF,Aeliteflo Syringe A2 Opaque,Шприц · оттенок A2 Opaque,KZ_FAMILY_CONFIRMED_VARIANT_REVIEW_REQUIRED,YES,https://www.denco.kz/index.php?option=com_virtuemart&Itemid=17&category_id=&page=shop.browse&manufacturer_id=3&limit=50&limitstart=0,2026-07-22,Listed by the Kazakhstan exclusive representative
BISCO,"BISCO, Inc.",Aeliteflo,H-671A3F,Aeliteflo Syringe A3,Шприц · оттенок A3,KZ_FAMILY_CONFIRMED_VARIANT_REVIEW_REQUIRED,YES,https://www.denco.kz/index.php?option=com_virtuemart&Itemid=17&category_id=&page=shop.browse&manufacturer_id=3&limit=50&limitstart=0,2026-07-22,Listed by the Kazakhstan exclusive representative
BISCO,"BISCO, Inc.",Aeliteflo,H-671A35F,Aeliteflo Syringe A3.5,Шприц · оттенок A3.5,KZ_FAMILY_CONFIRMED_VARIANT_REVIEW_REQUIRED,YES,https://www.denco.kz/index.php?option=com_virtuemart&Itemid=17&category_id=&page=shop.browse&manufacturer_id=3&limit=50&limitstart=0,2026-07-22,Listed by the Kazakhstan exclusive representative
BISCO,"BISCO, Inc.",Aeliteflo,H-671A5F,Aeliteflo Syringe A5,Шприц · оттенок A5,KZ_FAMILY_CONFIRMED_VARIANT_REVIEW_REQUIRED,YES,https://www.denco.kz/index.php?option=com_virtuemart&Itemid=17&category_id=&page=shop.browse&manufacturer_id=3&limit=50&limitstart=0,2026-07-22,Listed by the Kazakhstan exclusive representative
BISCO,"BISCO, Inc.",Aeliteflo,H-672B1F,Aeliteflo Syringe B1,Шприц · оттенок B1,KZ_FAMILY_CONFIRMED_VARIANT_REVIEW_REQUIRED,YES,https://www.denco.kz/index.php?option=com_virtuemart&Itemid=17&category_id=&page=shop.browse&manufacturer_id=3&limit=50&limitstart=0,2026-07-22,Listed by the Kazakhstan exclusive representative
BISCO,"BISCO, Inc.",Aeliteflo,H-673C2F,Aeliteflo Syringe C2,Шприц · оттенок C2,KZ_FAMILY_CONFIRMED_VARIANT_REVIEW_REQUIRED,YES,https://www.denco.kz/index.php?option=com_virtuemart&Itemid=17&category_id=&page=shop.browse&manufacturer_id=3&limit=50&limitstart=0,2026-07-22,Listed by the Kazakhstan exclusive representative
BISCO,"BISCO, Inc.",Aeliteflo,H-673C3F,Aeliteflo Syringe C3,Шприц · оттенок C3,KZ_FAMILY_CONFIRMED_VARIANT_REVIEW_REQUIRED,YES,https://www.denco.kz/index.php?option=com_virtuemart&Itemid=17&category_id=&page=shop.browse&manufacturer_id=3&limit=50&limitstart=0,2026-07-22,Listed by the Kazakhstan exclusive representative
BISCO,"BISCO, Inc.",Aeliteflo,H-674D3F,Aeliteflo Syringe D3,Шприц · оттенок D3,KZ_FAMILY_CONFIRMED_VARIANT_REVIEW_REQUIRED,YES,https://www.denco.kz/index.php?option=com_virtuemart&Itemid=17&category_id=&page=shop.browse&manufacturer_id=3&limit=50&limitstart=0,2026-07-22,Listed by the Kazakhstan exclusive representative
BISCO,"BISCO, Inc.",Aeliteflo,H-675OWF,Aeliteflo Syringe Opaque White,Шприц · оттенок Opaque White,KZ_FAMILY_CONFIRMED_VARIANT_REVIEW_REQUIRED,YES,https://www.denco.kz/index.php?option=com_virtuemart&Itemid=17&category_id=&page=shop.browse&manufacturer_id=3&limit=50&limitstart=0,2026-07-22,Listed by the Kazakhstan exclusive representative
BISCO,"BISCO, Inc.",Aeliteflo,H-675TIF,Aeliteflo Syringe Translucent Incisal,Шприц · оттенок Translucent / Incisal,KZ_FAMILY_CONFIRMED_VARIANT_REVIEW_REQUIRED,YES,https://www.denco.kz/index.php?option=com_virtuemart&Itemid=17&category_id=&page=shop.browse&manufacturer_id=3&limit=50&limitstart=0,2026-07-22,Listed by the Kazakhstan exclusive representative
BISCO,"BISCO, Inc.",Aelite Aesthetic Enamel,H-852A1P,Aelite Aesthetic Enamel Syringe A1,Шприц · оттенок A1,KZ_FAMILY_CONFIRMED_VARIANT_REVIEW_REQUIRED,YES,https://www.denco.kz/index.php?option=com_virtuemart&Itemid=17&category_id=&page=shop.browse&manufacturer_id=3&limit=50&limitstart=0,2026-07-22,Listed by the Kazakhstan exclusive representative
BISCO,"BISCO, Inc.",Aelite Aesthetic Enamel,H-852A2P,Aelite Aesthetic Enamel Syringe A2,Шприц · оттенок A2,KZ_FAMILY_CONFIRMED_VARIANT_REVIEW_REQUIRED,YES,https://www.denco.kz/index.php?option=com_virtuemart&Itemid=17&category_id=&page=shop.browse&manufacturer_id=3&limit=50&limitstart=0,2026-07-22,Listed by the Kazakhstan exclusive representative
BISCO,"BISCO, Inc.",Aelite Aesthetic Enamel,H-852A3P,Aelite Aesthetic Enamel Syringe A3,Шприц · оттенок A3,KZ_FAMILY_CONFIRMED_VARIANT_REVIEW_REQUIRED,YES,https://www.denco.kz/index.php?option=com_virtuemart&Itemid=17&category_id=&page=shop.browse&manufacturer_id=3&limit=50&limitstart=0,2026-07-22,Listed by the Kazakhstan exclusive representative
BISCO,"BISCO, Inc.",Aelite Aesthetic Enamel,H-852A35P,Aelite Aesthetic Enamel Syringe A3.5,Шприц · оттенок A3.5,KZ_FAMILY_CONFIRMED_VARIANT_REVIEW_REQUIRED,YES,https://www.denco.kz/index.php?option=com_virtuemart&Itemid=17&category_id=&page=shop.browse&manufacturer_id=3&limit=50&limitstart=0,2026-07-22,Listed by the Kazakhstan exclusive representative
BISCO,"BISCO, Inc.",Aelite Aesthetic Enamel,H-852B1P,Aelite Aesthetic Enamel Syringe B1,Шприц · оттенок B1,KZ_FAMILY_CONFIRMED_VARIANT_REVIEW_REQUIRED,YES,https://www.denco.kz/index.php?option=com_virtuemart&Itemid=17&category_id=&page=shop.browse&manufacturer_id=3&limit=50&limitstart=0,2026-07-22,Listed by the Kazakhstan exclusive representative
BISCO,"BISCO, Inc.",Aelite Aesthetic Enamel,H-852B2P,Aelite Aesthetic Enamel Syringe B2,Шприц · оттенок B2,KZ_FAMILY_CONFIRMED_VARIANT_REVIEW_REQUIRED,YES,https://www.denco.kz/index.php?option=com_virtuemart&Itemid=17&category_id=&page=shop.browse&manufacturer_id=3&limit=50&limitstart=0,2026-07-22,Listed by the Kazakhstan exclusive representative
BISCO,"BISCO, Inc.",Aelite Aesthetic Enamel,H-852W2P,Aelite Aesthetic Enamel Syringe Bleach,Шприц · оттенок Bleach,KZ_FAMILY_CONFIRMED_VARIANT_REVIEW_REQUIRED,YES,https://www.denco.kz/index.php?option=com_virtuemart&Itemid=17&category_id=&page=shop.browse&manufacturer_id=3&limit=50&limitstart=0,2026-07-22,Listed by the Kazakhstan exclusive representative
BISCO,"BISCO, Inc.",Aelite Aesthetic Enamel,H-852CLP,Aelite Aesthetic Enamel Syringe Incisal Clear,Шприц · оттенок Incisal Clear,KZ_FAMILY_CONFIRMED_VARIANT_REVIEW_REQUIRED,YES,https://www.denco.kz/index.php?option=com_virtuemart&Itemid=17&category_id=&page=shop.browse&manufacturer_id=3&limit=50&limitstart=0,2026-07-22,Listed by the Kazakhstan exclusive representative
BISCO,"BISCO, Inc.",Aelite Aesthetic Enamel,H-854A1P,Aelite Aesthetic Enamel Unit-Dose A1,Капсулы · оттенок A1,KZ_FAMILY_CONFIRMED_VARIANT_REVIEW_REQUIRED,YES,https://www.denco.kz/index.php?option=com_virtuemart&Itemid=17&category_id=&page=shop.browse&manufacturer_id=3&limit=50&limitstart=0,2026-07-22,Listed by the Kazakhstan exclusive representative
BISCO,"BISCO, Inc.",Aelite Aesthetic Enamel,H-854A2P,Aelite Aesthetic Enamel Unit-Dose A2,Капсулы · оттенок A2,KZ_FAMILY_CONFIRMED_VARIANT_REVIEW_REQUIRED,YES,https://www.denco.kz/index.php?option=com_virtuemart&Itemid=17&category_id=&page=shop.browse&manufacturer_id=3&limit=50&limitstart=0,2026-07-22,Listed by the Kazakhstan exclusive representative
BISCO,"BISCO, Inc.",Aelite Aesthetic Enamel,H-854A3P,Aelite Aesthetic Enamel Unit-Dose A3,Капсулы · оттенок A3,KZ_FAMILY_CONFIRMED_VARIANT_REVIEW_REQUIRED,YES,https://www.denco.kz/index.php?option=com_virtuemart&Itemid=17&category_id=&page=shop.browse&manufacturer_id=3&limit=50&limitstart=0,2026-07-22,Listed by the Kazakhstan exclusive representative
BISCO,"BISCO, Inc.",Aelite Aesthetic Enamel,H-854A35P,Aelite Aesthetic Enamel Unit-Dose A3.5,Капсулы · оттенок A3.5,KZ_FAMILY_CONFIRMED_VARIANT_REVIEW_REQUIRED,YES,https://www.denco.kz/index.php?option=com_virtuemart&Itemid=17&category_id=&page=shop.browse&manufacturer_id=3&limit=50&limitstart=0,2026-07-22,Listed by the Kazakhstan exclusive representative
BISCO,"BISCO, Inc.",Aelite Aesthetic Enamel,H-854B1P,Aelite Aesthetic Enamel Unit-Dose B1,Капсулы · оттенок B1,KZ_FAMILY_CONFIRMED_VARIANT_REVIEW_REQUIRED,YES,https://www.denco.kz/index.php?option=com_virtuemart&Itemid=17&category_id=&page=shop.browse&manufacturer_id=3&limit=50&limitstart=0,2026-07-22,Listed by the Kazakhstan exclusive representative
BISCO,"BISCO, Inc.",Aelite Aesthetic Enamel,H-854B2P,Aelite Aesthetic Enamel Unit-Dose B2,Капсулы · оттенок B2,KZ_FAMILY_CONFIRMED_VARIANT_REVIEW_REQUIRED,YES,https://www.denco.kz/index.php?option=com_virtuemart&Itemid=17&category_id=&page=shop.browse&manufacturer_id=3&limit=50&limitstart=0,2026-07-22,Listed by the Kazakhstan exclusive representative
BISCO,"BISCO, Inc.",Aelite Aesthetic Enamel,H-854W2P,Aelite Aesthetic Enamel Unit-Dose Bleach,Капсулы · оттенок Bleach,KZ_FAMILY_CONFIRMED_VARIANT_REVIEW_REQUIRED,YES,https://www.denco.kz/index.php?option=com_virtuemart&Itemid=17&category_id=&page=shop.browse&manufacturer_id=3&limit=50&limitstart=0,2026-07-22,Listed by the Kazakhstan exclusive representative
BISCO,"BISCO, Inc.",Aelite Aesthetic Enamel,H-854CLP,Aelite Aesthetic Enamel Unit-Dose Incisal Clear,Капсулы · оттенок Incisal Clear,KZ_FAMILY_CONFIRMED_VARIANT_REVIEW_REQUIRED,YES,https://www.denco.kz/index.php?option=com_virtuemart&Itemid=17&category_id=&page=shop.browse&manufacturer_id=3&limit=50&limitstart=0,2026-07-22,Listed by the Kazakhstan exclusive representative
BISCO,"BISCO, Inc.",Aelite All-Purpose Body,H-812A1P,Aelite All-Purpose Body Syringe A1,Шприц · оттенок A1,KZ_FAMILY_CONFIRMED_VARIANT_REVIEW_REQUIRED,YES,https://www.denco.kz/index.php?option=com_virtuemart&Itemid=17&category_id=&page=shop.browse&manufacturer_id=3&limit=50&limitstart=0,2026-07-22,Listed by the Kazakhstan exclusive representative
BISCO,"BISCO, Inc.",Aelite All-Purpose Body,H-812A2P,Aelite All-Purpose Body Syringe A2,Шприц · оттенок A2,KZ_FAMILY_CONFIRMED_VARIANT_REVIEW_REQUIRED,YES,https://www.denco.kz/index.php?option=com_virtuemart&Itemid=17&category_id=&page=shop.browse&manufacturer_id=3&limit=50&limitstart=0,2026-07-22,Listed by the Kazakhstan exclusive representative
BISCO,"BISCO, Inc.",Aelite All-Purpose Body,H-812A3P,Aelite All-Purpose Body Syringe A3,Шприц · оттенок A3,KZ_FAMILY_CONFIRMED_VARIANT_REVIEW_REQUIRED,YES,https://www.denco.kz/index.php?option=com_virtuemart&Itemid=17&category_id=&page=shop.browse&manufacturer_id=3&limit=50&limitstart=0,2026-07-22,Listed by the Kazakhstan exclusive representative
BISCO,"BISCO, Inc.",Aelite All-Purpose Body,H-812A35P,Aelite All-Purpose Body Syringe A3.5,Шприц · оттенок A3.5,KZ_FAMILY_CONFIRMED_VARIANT_REVIEW_REQUIRED,YES,https://www.denco.kz/index.php?option=com_virtuemart&Itemid=17&category_id=&page=shop.browse&manufacturer_id=3&limit=50&limitstart=0,2026-07-22,Listed by the Kazakhstan exclusive representative
BISCO,"BISCO, Inc.",Aelite All-Purpose Body,H-812B1P,Aelite All-Purpose Body Syringe B1,Шприц · оттенок B1,KZ_FAMILY_CONFIRMED_VARIANT_REVIEW_REQUIRED,YES,https://www.denco.kz/index.php?option=com_virtuemart&Itemid=17&category_id=&page=shop.browse&manufacturer_id=3&limit=50&limitstart=0,2026-07-22,Listed by the Kazakhstan exclusive representative
BISCO,"BISCO, Inc.",Aelite All-Purpose Body,H-814A1P,Aelite All-Purpose Body Unit-Dose A1,Капсулы · оттенок A1,KZ_FAMILY_CONFIRMED_VARIANT_REVIEW_REQUIRED,YES,https://www.denco.kz/index.php?option=com_virtuemart&Itemid=17&category_id=&page=shop.browse&manufacturer_id=3&limit=50&limitstart=0,2026-07-22,Listed by the Kazakhstan exclusive representative
BISCO,"BISCO, Inc.",Aelite All-Purpose Body,H-814A2P,Aelite All-Purpose Body Unit-Dose A2,Капсулы · оттенок A2,KZ_FAMILY_CONFIRMED_VARIANT_REVIEW_REQUIRED,YES,https://www.denco.kz/index.php?option=com_virtuemart&Itemid=17&category_id=&page=shop.browse&manufacturer_id=3&limit=50&limitstart=0,2026-07-22,Listed by the Kazakhstan exclusive representative
BISCO,"BISCO, Inc.",Aelite All-Purpose Body,H-814A3P,Aelite All-Purpose Body Unit-Dose A3,Капсулы · оттенок A3,KZ_FAMILY_CONFIRMED_VARIANT_REVIEW_REQUIRED,YES,https://www.denco.kz/index.php?option=com_virtuemart&Itemid=17&category_id=&page=shop.browse&manufacturer_id=3&limit=50&limitstart=0,2026-07-22,Listed by the Kazakhstan exclusive representative
BISCO,"BISCO, Inc.",Aelite All-Purpose Body,H-814A35P,Aelite All-Purpose Body Unit-Dose A3.5,Капсулы · оттенок A3.5,KZ_FAMILY_CONFIRMED_VARIANT_REVIEW_REQUIRED,YES,https://www.denco.kz/index.php?option=com_virtuemart&Itemid=17&category_id=&page=shop.browse&manufacturer_id=3&limit=50&limitstart=0,2026-07-22,Listed by the Kazakhstan exclusive representative
BISCO,"BISCO, Inc.",Aelite All-Purpose Body,H-814B1P,Aelite All-Purpose Body Unit-Dose B1,Капсулы · оттенок B1,KZ_FAMILY_CONFIRMED_VARIANT_REVIEW_REQUIRED,YES,https://www.denco.kz/index.php?option=com_virtuemart&Itemid=17&category_id=&page=shop.browse&manufacturer_id=3&limit=50&limitstart=0,2026-07-22,Listed by the Kazakhstan exclusive representative
BISCO,"BISCO, Inc.",Aelite LS Posterior,H-721A1P,Aelite LS Posterior Syringe A1,Шприц · оттенок A1,KZ_FAMILY_CONFIRMED_VARIANT_REVIEW_REQUIRED,YES,https://www.denco.kz/index.php?option=com_virtuemart&Itemid=17&category_id=&page=shop.browse&manufacturer_id=3&limit=50&limitstart=0,2026-07-22,Listed by the Kazakhstan exclusive representative
BISCO,"BISCO, Inc.",Aelite LS Posterior,H-721A2P,Aelite LS Posterior Syringe A2,Шприц · оттенок A2,KZ_FAMILY_CONFIRMED_VARIANT_REVIEW_REQUIRED,YES,https://www.denco.kz/index.php?option=com_virtuemart&Itemid=17&category_id=&page=shop.browse&manufacturer_id=3&limit=50&limitstart=0,2026-07-22,Listed by the Kazakhstan exclusive representative
BISCO,"BISCO, Inc.",Aelite LS Posterior,H-721A3P,Aelite LS Posterior Syringe A3,Шприц · оттенок A3,KZ_FAMILY_CONFIRMED_VARIANT_REVIEW_REQUIRED,YES,https://www.denco.kz/index.php?option=com_virtuemart&Itemid=17&category_id=&page=shop.browse&manufacturer_id=3&limit=50&limitstart=0,2026-07-22,Listed by the Kazakhstan exclusive representative
BISCO,"BISCO, Inc.",Aelite LS Posterior,H-721A35P,Aelite LS Posterior Syringe A3.5,Шприц · оттенок A3.5,KZ_FAMILY_CONFIRMED_VARIANT_REVIEW_REQUIRED,YES,https://www.denco.kz/index.php?option=com_virtuemart&Itemid=17&category_id=&page=shop.browse&manufacturer_id=3&limit=50&limitstart=0,2026-07-22,Listed by the Kazakhstan exclusive representative
BISCO,"BISCO, Inc.",Aelite LS Posterior,H-721B1P,Aelite LS Posterior Syringe B1,Шприц · оттенок B1,KZ_FAMILY_CONFIRMED_VARIANT_REVIEW_REQUIRED,YES,https://www.denco.kz/index.php?option=com_virtuemart&Itemid=17&category_id=&page=shop.browse&manufacturer_id=3&limit=50&limitstart=0,2026-07-22,Listed by the Kazakhstan exclusive representative
BISCO,"BISCO, Inc.",Aelite LS Posterior,H-722A1P,Aelite LS Posterior Unit-Dose A1,Капсулы · оттенок A1,KZ_FAMILY_CONFIRMED_VARIANT_REVIEW_REQUIRED,YES,https://www.denco.kz/index.php?option=com_virtuemart&Itemid=17&category_id=&page=shop.browse&manufacturer_id=3&limit=50&limitstart=0,2026-07-22,Listed by the Kazakhstan exclusive representative
BISCO,"BISCO, Inc.",Aelite LS Posterior,H-722A2P,Aelite LS Posterior Unit-Dose A2,Капсулы · оттенок A2,KZ_FAMILY_CONFIRMED_VARIANT_REVIEW_REQUIRED,YES,https://www.denco.kz/index.php?option=com_virtuemart&Itemid=17&category_id=&page=shop.browse&manufacturer_id=3&limit=50&limitstart=0,2026-07-22,Listed by the Kazakhstan exclusive representative
BISCO,"BISCO, Inc.",Aelite LS Posterior,H-722A3P,Aelite LS Posterior Unit-Dose A3,Капсулы · оттенок A3,KZ_FAMILY_CONFIRMED_VARIANT_REVIEW_REQUIRED,YES,https://www.denco.kz/index.php?option=com_virtuemart&Itemid=17&category_id=&page=shop.browse&manufacturer_id=3&limit=50&limitstart=0,2026-07-22,Listed by the Kazakhstan exclusive representative
BISCO,"BISCO, Inc.",Aelite LS Posterior,H-722A35P,Aelite LS Posterior Unit-Dose A3.5,Капсулы · оттенок A3.5,KZ_FAMILY_CONFIRMED_VARIANT_REVIEW_REQUIRED,YES,https://www.denco.kz/index.php?option=com_virtuemart&Itemid=17&category_id=&page=shop.browse&manufacturer_id=3&limit=50&limitstart=0,2026-07-22,Listed by the Kazakhstan exclusive representative
BISCO,"BISCO, Inc.",Aelite LS Posterior,H-722B1P,Aelite LS Posterior Unit-Dose B1,Капсулы · оттенок B1,KZ_FAMILY_CONFIRMED_VARIANT_REVIEW_REQUIRED,YES,https://www.denco.kz/index.php?option=com_virtuemart&Itemid=17&category_id=&page=shop.browse&manufacturer_id=3&limit=50&limitstart=0,2026-07-22,Listed by the Kazakhstan exclusive representative
BISCO,"BISCO, Inc.",All-Bond 2,B-42500K-EU,All-Bond 2 Kit with Uni-Etch,Набор с Uni-Etch · без BAC,KZ_CONFIRMATION_REQUIRED,NO,,,Official reference retained; Kazakhstan availability has not been confirmed
BISCO,"BISCO, Inc.",All-Bond 2,B-42500A,All-Bond 2 Kit with Uni-Etch w/BAC,Набор с Uni-Etch w/BAC,KZ_CONFIRMATION_REQUIRED,NO,,,Official reference retained; Kazakhstan availability has not been confirmed
BISCO,"BISCO, Inc.",All-Bond 2,B-2510A,All-Bond 2 Bottle Set,Комплект флаконов Primer A + Primer B,KZ_CONFIRMATION_REQUIRED,NO,,,Official reference retained; Kazakhstan availability has not been confirmed
BISCO,"BISCO, Inc.",All-Bond 2,B-2511A,All-Bond 2 Primer A,Primer A · отдельный флакон,KZ_CONFIRMATION_REQUIRED,NO,,,Official reference retained; Kazakhstan availability has not been confirmed
BISCO,"BISCO, Inc.",All-Bond 2,B-2512A,All-Bond 2 Primer B,Primer B · отдельный флакон,KZ_CONFIRMATION_REQUIRED,NO,,,Official reference retained; Kazakhstan availability has not been confirmed
BISCO,"BISCO, Inc.",All-Bond 2,B-2502A,All-Bond 2 Dentin Enamel Bonding Resin,Dentin / Enamel Bonding Resin · флакон,KZ_CONFIRMATION_REQUIRED,NO,,,Official reference retained; Kazakhstan availability has not been confirmed
BISCO,"BISCO, Inc.",All-Bond 2,B-2506A,All-Bond 2 Pre-Bond Resin,Pre-Bond Resin · флакон,KZ_CONFIRMATION_REQUIRED,NO,,,Official reference retained; Kazakhstan availability has not been confirmed
BISCO,"BISCO, Inc.",All-Bond 3,B-36200K-EU,All-Bond 3 Kit with Uni-Etch,Набор с Uni-Etch · без BAC,KZ_FAMILY_CONFIRMED_VARIANT_REVIEW_REQUIRED,YES,https://www.denco.kz/index.php?option=com_virtuemart&Itemid=17&category_id=&page=shop.browse&manufacturer_id=3&limit=50&limitstart=0,2026-07-22,Listed by the Kazakhstan exclusive representative
BISCO,"BISCO, Inc.",All-Bond 3,B-36200K,All-Bond 3 Kit with Uni-Etch w/BAC,Набор с Uni-Etch w/BAC,KZ_FAMILY_CONFIRMED_VARIANT_REVIEW_REQUIRED,YES,https://www.denco.kz/index.php?option=com_virtuemart&Itemid=17&category_id=&page=shop.browse&manufacturer_id=3&limit=50&limitstart=0,2026-07-22,Listed by the Kazakhstan exclusive representative
BISCO,"BISCO, Inc.",All-Bond 3,B-36010P,All-Bond 3 Part A and B Set,Комплект флаконов Part A + Part B,KZ_FAMILY_CONFIRMED_VARIANT_REVIEW_REQUIRED,YES,https://www.denco.kz/index.php?option=com_virtuemart&Itemid=17&category_id=&page=shop.browse&manufacturer_id=3&limit=50&limitstart=0,2026-07-22,Listed by the Kazakhstan exclusive representative
BISCO,"BISCO, Inc.",All-Bond Universal,B-7204P,All-Bond Universal Bottle 4ml,Флакон 4 мл,KZ_FAMILY_CONFIRMED_VARIANT_REVIEW_REQUIRED,YES,https://www.denco.kz/index.php?option=com_virtuemart&Itemid=17&category_id=&page=shop.browse&manufacturer_id=3&limit=50&limitstart=0,2026-07-22,Listed by the Kazakhstan exclusive representative
BISCO,"BISCO, Inc.",All-Bond Universal,B-7202P-AS,All-Bond Universal Bottle Asia,Флакон 6 мл · азиатская маркировка,KZ_FAMILY_CONFIRMED_VARIANT_REVIEW_REQUIRED,YES,https://www.denco.kz/index.php?option=com_virtuemart&Itemid=17&category_id=&page=shop.browse&manufacturer_id=3&limit=50&limitstart=0,2026-07-22,Listed by the Kazakhstan exclusive representative
BISCO,"BISCO, Inc.",All-Bond Universal,B-73100K,All-Bond Universal Unit-Dose 100,"Одноразовые дозы · 100 шт. по 0,20 мл",KZ_FAMILY_CONFIRMED_VARIANT_REVIEW_REQUIRED,YES,https://www.denco.kz/index.php?option=com_virtuemart&Itemid=17&category_id=&page=shop.browse&manufacturer_id=3&limit=50&limitstart=0,2026-07-22,Listed by the Kazakhstan exclusive representative
BISCO,"BISCO, Inc.",All-Bond Universal,B-7202B0K-EU,All-Bond Universal Kit Select HV Etch,Набор · Select HV Etch без BAC,KZ_FAMILY_CONFIRMED_VARIANT_REVIEW_REQUIRED,YES,https://www.denco.kz/index.php?option=com_virtuemart&Itemid=17&category_id=&page=shop.browse&manufacturer_id=3&limit=50&limitstart=0,2026-07-22,Listed by the Kazakhstan exclusive representative
BISCO,"BISCO, Inc.",All-Bond Universal,B-72020K,All-Bond Universal Kit Select HV Etch w/BAC,Набор · Select HV Etch w/BAC,KZ_FAMILY_CONFIRMED_VARIANT_REVIEW_REQUIRED,YES,https://www.denco.kz/index.php?option=com_virtuemart&Itemid=17&category_id=&page=shop.browse&manufacturer_id=3&limit=50&limitstart=0,2026-07-22,Listed by the Kazakhstan exclusive representative
BISCO,"BISCO, Inc.",Bisfil 2B,A-12710P,Bisfil 2B Dual-Syringe Original,Двойной шприц · оттенок Original,KZ_FAMILY_CONFIRMED_VARIANT_REVIEW_REQUIRED,YES,https://www.denco.kz/index.php?option=com_virtuemart&Itemid=17&category_id=&page=shop.browse&manufacturer_id=3&limit=50&limitstart=0,2026-07-22,Listed by the Kazakhstan exclusive representative
BISCO,"BISCO, Inc.",Bisfil 2B,A-12810P,Bisfil 2B Dual-Syringe A3 A3.5,Двойной шприц · оттенок A3 / A3.5,KZ_FAMILY_CONFIRMED_VARIANT_REVIEW_REQUIRED,YES,https://www.denco.kz/index.php?option=com_virtuemart&Itemid=17&category_id=&page=shop.browse&manufacturer_id=3&limit=50&limitstart=0,2026-07-22,Listed by the Kazakhstan exclusive representative
BISCO,"BISCO, Inc.",Bisfil 2B,A-1254P,Bisfil 2B Syringe Package,Комплект шприцев,KZ_FAMILY_CONFIRMED_VARIANT_REVIEW_REQUIRED,YES,https://www.denco.kz/index.php?option=com_virtuemart&Itemid=17&category_id=&page=shop.browse&manufacturer_id=3&limit=50&limitstart=0,2026-07-22,Listed by the Kazakhstan exclusive representative
BISCO,"BISCO, Inc.",Cavity Cleanser,B-2816A,Cavity Cleanser 135ml,Флакон 135 мл,KZ_CONFIRMATION_REQUIRED,NO,,,Official reference retained; Kazakhstan availability has not been confirmed
BISCO,"BISCO, Inc.",Choice 2,C-411A1P,Choice 2 Veneer Cement A1,"Шприц 4,5 г · оттенок A1",KZ_FAMILY_CONFIRMED_VARIANT_REVIEW_REQUIRED,YES,https://www.denco.kz/index.php?option=com_virtuemart&Itemid=17&category_id=&page=shop.browse&manufacturer_id=3&limit=50&limitstart=0,2026-07-22,Local catalog calls this family Choice 2 Kit
BISCO,"BISCO, Inc.",Choice 2,C-411A2P,Choice 2 Veneer Cement A2,"Шприц 4,5 г · оттенок A2",KZ_FAMILY_CONFIRMED_VARIANT_REVIEW_REQUIRED,YES,https://www.denco.kz/index.php?option=com_virtuemart&Itemid=17&category_id=&page=shop.browse&manufacturer_id=3&limit=50&limitstart=0,2026-07-22,Local catalog calls this family Choice 2 Kit
BISCO,"BISCO, Inc.",Choice 2,C-411A3P,Choice 2 Veneer Cement A3,"Шприц 4,5 г · оттенок A3",KZ_FAMILY_CONFIRMED_VARIANT_REVIEW_REQUIRED,YES,https://www.denco.kz/index.php?option=com_virtuemart&Itemid=17&category_id=&page=shop.browse&manufacturer_id=3&limit=50&limitstart=0,2026-07-22,Local catalog calls this family Choice 2 Kit
BISCO,"BISCO, Inc.",Choice 2,C-411B1P,Choice 2 Veneer Cement B1,"Шприц 4,5 г · оттенок B1",KZ_FAMILY_CONFIRMED_VARIANT_REVIEW_REQUIRED,YES,https://www.denco.kz/index.php?option=com_virtuemart&Itemid=17&category_id=&page=shop.browse&manufacturer_id=3&limit=50&limitstart=0,2026-07-22,Local catalog calls this family Choice 2 Kit
BISCO,"BISCO, Inc.",Choice 2,C-411TRP,Choice 2 Veneer Cement Translucent,"Шприц 4,5 г · оттенок Translucent",KZ_FAMILY_CONFIRMED_VARIANT_REVIEW_REQUIRED,YES,https://www.denco.kz/index.php?option=com_virtuemart&Itemid=17&category_id=&page=shop.browse&manufacturer_id=3&limit=50&limitstart=0,2026-07-22,Local catalog calls this family Choice 2 Kit
BISCO,"BISCO, Inc.",Choice 2,C-411OPP,Choice 2 Veneer Cement Universal Opaque,"Шприц 4,5 г · оттенок Universal Opaque",KZ_FAMILY_CONFIRMED_VARIANT_REVIEW_REQUIRED,YES,https://www.denco.kz/index.php?option=com_virtuemart&Itemid=17&category_id=&page=shop.browse&manufacturer_id=3&limit=50&limitstart=0,2026-07-22,Local catalog calls this family Choice 2 Kit
BISCO,"BISCO, Inc.",Choice 2,C-411MOP,Choice 2 Veneer Cement Milky Opaque,"Шприц 4,5 г · оттенок Milky Opaque",KZ_FAMILY_CONFIRMED_VARIANT_REVIEW_REQUIRED,YES,https://www.denco.kz/index.php?option=com_virtuemart&Itemid=17&category_id=&page=shop.browse&manufacturer_id=3&limit=50&limitstart=0,2026-07-22,Local catalog calls this family Choice 2 Kit
BISCO,"BISCO, Inc.",Choice 2,C-411MBP,Choice 2 Veneer Cement Milky Bright,"Шприц 4,5 г · оттенок Milky Bright",KZ_FAMILY_CONFIRMED_VARIANT_REVIEW_REQUIRED,YES,https://www.denco.kz/index.php?option=com_virtuemart&Itemid=17&category_id=&page=shop.browse&manufacturer_id=3&limit=50&limitstart=0,2026-07-22,Local catalog calls this family Choice 2 Kit
BISCO,"BISCO, Inc.",Choice 2,C-39010K,Choice 2 Starter Kit All-Bond Universal,Стартовый набор с All-Bond Universal,KZ_FAMILY_CONFIRMED_VARIANT_REVIEW_REQUIRED,YES,https://www.denco.kz/index.php?option=com_virtuemart&Itemid=17&category_id=&page=shop.browse&manufacturer_id=3&limit=50&limitstart=0,2026-07-22,Local catalog calls this family Choice 2 Kit
BISCO,"BISCO, Inc.",Choice 2,C-3900K,Choice 2 Starter Kit All-Bond 3,Стартовый набор с All-Bond 3,KZ_FAMILY_CONFIRMED_VARIANT_REVIEW_REQUIRED,YES,https://www.denco.kz/index.php?option=com_virtuemart&Itemid=17&category_id=&page=shop.browse&manufacturer_id=3&limit=50&limitstart=0,2026-07-22,Local catalog calls this family Choice 2 Kit
BISCO,"BISCO, Inc.",Choice 2,C-3900K-EU,Choice 2 Starter Kit All-Bond 3 EU,Стартовый набор с All-Bond 3 · международная комплектация,KZ_FAMILY_CONFIRMED_VARIANT_REVIEW_REQUIRED,YES,https://www.denco.kz/index.php?option=com_virtuemart&Itemid=17&category_id=&page=shop.browse&manufacturer_id=3&limit=50&limitstart=0,2026-07-22,Local catalog calls this family Choice 2 Kit
BISCO,"BISCO, Inc.",Choice 2 Try-In Paste,C-412A1P,Choice 2 Try-In Paste A1,Шприц 2 г · оттенок A1,KZ_CONFIRMATION_REQUIRED,NO,,,Official reference retained; Kazakhstan availability has not been confirmed
BISCO,"BISCO, Inc.",Choice 2 Try-In Paste,C-412A2P,Choice 2 Try-In Paste A2,Шприц 2 г · оттенок A2,KZ_CONFIRMATION_REQUIRED,NO,,,Official reference retained; Kazakhstan availability has not been confirmed
BISCO,"BISCO, Inc.",Choice 2 Try-In Paste,C-412A3P,Choice 2 Try-In Paste A3,Шприц 2 г · оттенок A3,KZ_CONFIRMATION_REQUIRED,NO,,,Official reference retained; Kazakhstan availability has not been confirmed
BISCO,"BISCO, Inc.",Choice 2 Try-In Paste,C-412B1P,Choice 2 Try-In Paste B1,Шприц 2 г · оттенок B1,KZ_CONFIRMATION_REQUIRED,NO,,,Official reference retained; Kazakhstan availability has not been confirmed
BISCO,"BISCO, Inc.",Choice 2 Try-In Paste,C-412TRP,Choice 2 Try-In Paste Translucent,Шприц 2 г · оттенок Translucent,KZ_CONFIRMATION_REQUIRED,NO,,,Official reference retained; Kazakhstan availability has not been confirmed
BISCO,"BISCO, Inc.",Choice 2 Try-In Paste,C-412OPP,Choice 2 Try-In Paste Universal Opaque,Шприц 2 г · оттенок Universal Opaque,KZ_CONFIRMATION_REQUIRED,NO,,,Official reference retained; Kazakhstan availability has not been confirmed
BISCO,"BISCO, Inc.",Choice 2 Try-In Paste,C-412MOP,Choice 2 Try-In Paste Milky Opaque,Шприц 2 г · оттенок Milky Opaque,KZ_CONFIRMATION_REQUIRED,NO,,,Official reference retained; Kazakhstan availability has not been confirmed
BISCO,"BISCO, Inc.",Choice 2 Try-In Paste,C-412MBP,Choice 2 Try-In Paste Milky Bright,Шприц 2 г · оттенок Milky Bright,KZ_CONFIRMATION_REQUIRED,NO,,,Official reference retained; Kazakhstan availability has not been confirmed
BISCO,"BISCO, Inc.",Choice 2 Try-In Paste,C-39011K,Choice 2 Try-In Paste Kit,Набор примерочных паст · 4 оттенка,KZ_CONFIRMATION_REQUIRED,NO,,,Official reference retained; Kazakhstan availability has not been confirmed
BISCO,"BISCO, Inc.",Core-Flo DC,A-23011P,Core-Flo DC Natural A1,Двойной шприц · оттенок Natural / A1,KZ_FAMILY_CONFIRMED_VARIANT_REVIEW_REQUIRED,YES,https://www.denco.kz/index.php?option=com_virtuemart&Itemid=17&category_id=&page=shop.browse&manufacturer_id=3&limit=50&limitstart=0,2026-07-22,Local catalog uses the shorter CORE-FLO family name
BISCO,"BISCO, Inc.",Core-Flo DC,A-23012P,Core-Flo DC Opaque White,Двойной шприц · оттенок Opaque White,KZ_FAMILY_CONFIRMED_VARIANT_REVIEW_REQUIRED,YES,https://www.denco.kz/index.php?option=com_virtuemart&Itemid=17&category_id=&page=shop.browse&manufacturer_id=3&limit=50&limitstart=0,2026-07-22,Local catalog uses the shorter CORE-FLO family name
BISCO,"BISCO, Inc.",Core-Flo DC Lite,A-17801P,Core-Flo DC Lite Natural A1,Двойной шприц · оттенок Natural / A1,KZ_CONFIRMATION_REQUIRED,NO,,,Official reference retained; Kazakhstan availability has not been confirmed
BISCO,"BISCO, Inc.",Core-Flo DC Lite,A-17803P,Core-Flo DC Lite Opaque White,Двойной шприц · оттенок Opaque White,KZ_CONFIRMATION_REQUIRED,NO,,,Official reference retained; Kazakhstan availability has not been confirmed
BISCO,"BISCO, Inc.",Core-Flo DC Lite,AB-17410K,Core-Flo DC Lite with Universal Primer,Набор с Universal Primer,KZ_CONFIRMATION_REQUIRED,NO,,,Official reference retained; Kazakhstan availability has not been confirmed
BISCO,"BISCO, Inc.",Duo-Link Universal,A-19620K,Duo-Link Universal Adhesive Cementation System,Набор для адгезивной фиксации,KZ_FAMILY_CONFIRMED_VARIANT_REVIEW_REQUIRED,YES,https://www.denco.kz/index.php?option=com_virtuemart&Itemid=17&category_id=&page=shop.browse&manufacturer_id=3&limit=50&limitstart=0,2026-07-22,Local catalog uses the shorter DUO-LINK family name
BISCO,"BISCO, Inc.",eCEMENT,C-52410K-EU,eCEMENT Adhesive Cementation System Kit,Набор для адгезивной фиксации,KZ_CONFIRMATION_REQUIRED,NO,,,Official reference retained; Kazakhstan availability has not been confirmed
BISCO,"BISCO, Inc.",Etch-37,E-5503EM,Etch-37 Syringe Package,Набор шприцев,KZ_CONFIRMATION_REQUIRED,NO,,,Official reference retained; Kazakhstan availability has not been confirmed
BISCO,"BISCO, Inc.",Fortify,G-9301F,Fortify Bottle,Флакон,KZ_FAMILY_CONFIRMED_VARIANT_REVIEW_REQUIRED,YES,https://www.denco.kz/index.php?option=com_virtuemart&Itemid=17&category_id=&page=shop.browse&manufacturer_id=3&limit=50&limitstart=0,2026-07-22,Listed by the Kazakhstan exclusive representative
BISCO,"BISCO, Inc.",Intraoral Repair Kit,B-22300K,Intraoral Repair Kit,Набор для внутриротового ремонта,KZ_FAMILY_CONFIRMED_VARIANT_REVIEW_REQUIRED,YES,https://www.denco.kz/index.php?option=com_virtuemart&Itemid=17&category_id=&page=shop.browse&manufacturer_id=3&limit=50&limitstart=0,2026-07-22,Listed by the Kazakhstan exclusive representative
BISCO,"BISCO, Inc.",Light-Core,A-1727P,Light-Core Syringe Translucent,Шприц · оттенок Translucent,KZ_CONFIRMATION_REQUIRED,NO,,,Official reference retained; Kazakhstan availability has not been confirmed
BISCO,"BISCO, Inc.",Light-Core,A-1728P,Light-Core Syringe Blue,Шприц · оттенок Blue,KZ_CONFIRMATION_REQUIRED,NO,,,Official reference retained; Kazakhstan availability has not been confirmed
BISCO,"BISCO, Inc.",Light-Core,A-1725P,Light-Core Unit-Dose Translucent,Капсулы · оттенок Translucent,KZ_CONFIRMATION_REQUIRED,NO,,,Official reference retained; Kazakhstan availability has not been confirmed
BISCO,"BISCO, Inc.",Light-Core,A-1729P,Light-Core Unit-Dose Blue,Капсулы · оттенок Blue,KZ_CONFIRMATION_REQUIRED,NO,,,Official reference retained; Kazakhstan availability has not been confirmed
BISCO,"BISCO, Inc.",Modeling Resin,G-9316P,Modeling Resin Syringes,Шприцы,KZ_FAMILY_CONFIRMED_VARIANT_REVIEW_REQUIRED,YES,https://www.denco.kz/index.php?option=com_virtuemart&Itemid=17&category_id=&page=shop.browse&manufacturer_id=3&limit=50&limitstart=0,2026-07-22,Listed by the Kazakhstan exclusive representative
BISCO,"BISCO, Inc.",One-Step,U-1102P,One-Step Bottle,Флакон,KZ_CONFIRMATION_REQUIRED,NO,,,Official reference retained; Kazakhstan availability has not been confirmed
BISCO,"BISCO, Inc.",One-Step Plus,U-2001P,One-Step Plus Bottle,Флакон,KZ_FAMILY_CONFIRMED_VARIANT_REVIEW_REQUIRED,YES,https://www.denco.kz/index.php?option=com_virtuemart&Itemid=17&category_id=&page=shop.browse&manufacturer_id=3&limit=50&limitstart=0,2026-07-22,Listed by the Kazakhstan exclusive representative
BISCO,"BISCO, Inc.",Porcelain Bonding Resin,B-3110P,Porcelain Bonding Resin Bottle,Флакон,KZ_FAMILY_CONFIRMED_VARIANT_REVIEW_REQUIRED,YES,https://www.denco.kz/index.php?option=com_virtuemart&Itemid=17&category_id=&page=shop.browse&manufacturer_id=3&limit=50&limitstart=0,2026-07-22,Listed by the Kazakhstan exclusive representative
BISCO,"BISCO, Inc.",Porcelain Etchant,E-5707P,Porcelain Etchant 9.5 percent,"Шприц · концентрация 9,5%",KZ_FAMILY_CONFIRMED_VARIANT_REVIEW_REQUIRED,YES,https://www.denco.kz/index.php?option=com_virtuemart&Itemid=17&category_id=&page=shop.browse&manufacturer_id=3&limit=50&limitstart=0,2026-07-22,Listed by the Kazakhstan exclusive representative
BISCO,"BISCO, Inc.",Porcelain Etchant,E-5702EP,Porcelain Etchant 4 percent,Шприц · концентрация 4%,KZ_FAMILY_CONFIRMED_VARIANT_REVIEW_REQUIRED,YES,https://www.denco.kz/index.php?option=com_virtuemart&Itemid=17&category_id=&page=shop.browse&manufacturer_id=3&limit=50&limitstart=0,2026-07-22,Listed by the Kazakhstan exclusive representative
BISCO,"BISCO, Inc.",Porcelain Primer,B-2221P,Porcelain Primer Bottle,Флакон,KZ_FAMILY_CONFIRMED_VARIANT_REVIEW_REQUIRED,YES,https://www.denco.kz/index.php?option=com_virtuemart&Itemid=17&category_id=&page=shop.browse&manufacturer_id=3&limit=50&limitstart=0,2026-07-22,Listed as a separate product by the Kazakhstan representative
BISCO,"BISCO, Inc.",Bis-Silane,B-3210P,Bis-Silane Two Component Primer,Двухкомпонентный набор,KZ_FAMILY_CONFIRMED_VARIANT_REVIEW_REQUIRED,YES,https://www.denco.kz/index.php?option=com_virtuemart&Itemid=17&category_id=&page=shop.browse&manufacturer_id=3&limit=50&limitstart=0,2026-07-22,Listed as a separate product by the Kazakhstan representative
BISCO,"BISCO, Inc.",Aqua-Prep F,B-2822P,Aqua-Prep F Bottle 6 ml,Флакон 6 мл,KZ_FAMILY_CONFIRMED_VARIANT_REVIEW_REQUIRED,YES,https://www.denco.kz/index.php?page=shop.product_details&flypage=flypage.tpl&product_id=30&category_id=15&manufacturer_id=3&option=com_virtuemart&Itemid=17,2026-07-22,Local card and two official packaging references are recorded
BISCO,"BISCO, Inc.",Aqua-Prep F,B-2824P,Aqua-Prep F Bottle 30 ml,Флакон 30 мл,KZ_FAMILY_CONFIRMED_VARIANT_REVIEW_REQUIRED,YES,https://www.denco.kz/index.php?page=shop.product_details&flypage=flypage.tpl&product_id=30&category_id=15&manufacturer_id=3&option=com_virtuemart&Itemid=17,2026-07-22,Local card and two official packaging references are recorded
BISCO,"BISCO, Inc.",Biscover LV,G-9335,Biscover LV Bottle 5 ml,Флакон 5 мл,KZ_FAMILY_CONFIRMED_VARIANT_REVIEW_REQUIRED,YES,https://www.denco.kz/index.php?page=shop.product_details&flypage=flypage.tpl&product_id=43&category_id=31&manufacturer_id=3&option=com_virtuemart&Itemid=17,2026-07-22,Still listed locally but no longer in the current global storefront; confirm availability before attaching offers
BISCO,"BISCO, Inc.",Quantium Universal Composite,H-100A1P,Quantium Syringe A1 Body,Шприц 4 г · A1 Body,KZ_CONFIRMATION_REQUIRED,NO,,,Official reference retained; Kazakhstan availability has not been confirmed
BISCO,"BISCO, Inc.",Quantium Universal Composite,H-100A2P,Quantium Syringe A2 Body,Шприц 4 г · A2 Body,KZ_CONFIRMATION_REQUIRED,NO,,,Official reference retained; Kazakhstan availability has not been confirmed
BISCO,"BISCO, Inc.",Quantium Universal Composite,H-100A3P,Quantium Syringe A3 Body,Шприц 4 г · A3 Body,KZ_CONFIRMATION_REQUIRED,NO,,,Official reference retained; Kazakhstan availability has not been confirmed
BISCO,"BISCO, Inc.",Quantium Universal Composite,H-100A35P,Quantium Syringe A3.5 Body,Шприц 4 г · A3.5 Body,KZ_CONFIRMATION_REQUIRED,NO,,,Official reference retained; Kazakhstan availability has not been confirmed
BISCO,"BISCO, Inc.",Quantium Universal Composite,H-100B1P,Quantium Syringe B1 Body,Шприц 4 г · B1 Body,KZ_CONFIRMATION_REQUIRED,NO,,,Official reference retained; Kazakhstan availability has not been confirmed
BISCO,"BISCO, Inc.",Quantium Universal Composite,H-100B2P,Quantium Syringe B2 Body,Шприц 4 г · B2 Body,KZ_CONFIRMATION_REQUIRED,NO,,,Official reference retained; Kazakhstan availability has not been confirmed
BISCO,"BISCO, Inc.",Quantium Universal Composite,H-110A1P,Quantium Syringe A1 Enamel,Шприц 4 г · A1 Enamel,KZ_CONFIRMATION_REQUIRED,NO,,,Official reference retained; Kazakhstan availability has not been confirmed
BISCO,"BISCO, Inc.",Quantium Universal Composite,H-110A2P,Quantium Syringe A2 Enamel,Шприц 4 г · A2 Enamel,KZ_CONFIRMATION_REQUIRED,NO,,,Official reference retained; Kazakhstan availability has not been confirmed
BISCO,"BISCO, Inc.",Quantium Universal Composite,H-110A3P,Quantium Syringe A3 Enamel,Шприц 4 г · A3 Enamel,KZ_CONFIRMATION_REQUIRED,NO,,,Official reference retained; Kazakhstan availability has not been confirmed
BISCO,"BISCO, Inc.",Quantium Universal Composite,H-110A35P,Quantium Syringe A3.5 Enamel,Шприц 4 г · A3.5 Enamel,KZ_CONFIRMATION_REQUIRED,NO,,,Official reference retained; Kazakhstan availability has not been confirmed
BISCO,"BISCO, Inc.",Quantium Universal Composite,H-110B1P,Quantium Syringe B1 Enamel,Шприц 4 г · B1 Enamel,KZ_CONFIRMATION_REQUIRED,NO,,,Official reference retained; Kazakhstan availability has not been confirmed
BISCO,"BISCO, Inc.",Quantium Universal Composite,H-110B2P,Quantium Syringe B2 Enamel,Шприц 4 г · B2 Enamel,KZ_CONFIRMATION_REQUIRED,NO,,,Official reference retained; Kazakhstan availability has not been confirmed
BISCO,"BISCO, Inc.",Quantium Universal Composite,H-120ICSP,Quantium Syringe Incisal,Шприц 4 г · Incisal,KZ_CONFIRMATION_REQUIRED,NO,,,Official reference retained; Kazakhstan availability has not been confirmed
BISCO,"BISCO, Inc.",Quantium Universal Composite,H-130BLCP,Quantium Syringe Bleach,Шприц 4 г · Bleach,KZ_CONFIRMATION_REQUIRED,NO,,,Official reference retained; Kazakhstan availability has not been confirmed
BISCO,"BISCO, Inc.",Quantium Universal Composite,H-1011A1P,Quantium Unit-Dose A1 Body,Капсулы · A1 Body,KZ_CONFIRMATION_REQUIRED,NO,,,Official reference retained; Kazakhstan availability has not been confirmed
BISCO,"BISCO, Inc.",Quantium Universal Composite,H-1011A2P,Quantium Unit-Dose A2 Body,Капсулы · A2 Body,KZ_CONFIRMATION_REQUIRED,NO,,,Official reference retained; Kazakhstan availability has not been confirmed
BISCO,"BISCO, Inc.",Quantium Universal Composite,H-1011A3P,Quantium Unit-Dose A3 Body,Капсулы · A3 Body,KZ_CONFIRMATION_REQUIRED,NO,,,Official reference retained; Kazakhstan availability has not been confirmed
BISCO,"BISCO, Inc.",Quantium Universal Composite,H-1011A35P,Quantium Unit-Dose A3.5 Body,Капсулы · A3.5 Body,KZ_CONFIRMATION_REQUIRED,NO,,,Official reference retained; Kazakhstan availability has not been confirmed
BISCO,"BISCO, Inc.",Quantium Universal Composite,H-1011B1P,Quantium Unit-Dose B1 Body,Капсулы · B1 Body,KZ_CONFIRMATION_REQUIRED,NO,,,Official reference retained; Kazakhstan availability has not been confirmed
BISCO,"BISCO, Inc.",Quantium Universal Composite,H-1011B2P,Quantium Unit-Dose B2 Body,Капсулы · B2 Body,KZ_CONFIRMATION_REQUIRED,NO,,,Official reference retained; Kazakhstan availability has not been confirmed
BISCO,"BISCO, Inc.",Quantium Universal Composite,H-1111A1P,Quantium Unit-Dose A1 Enamel,Капсулы · A1 Enamel,KZ_CONFIRMATION_REQUIRED,NO,,,Official reference retained; Kazakhstan availability has not been confirmed
BISCO,"BISCO, Inc.",Quantium Universal Composite,H-1111A2P,Quantium Unit-Dose A2 Enamel,Капсулы · A2 Enamel,KZ_CONFIRMATION_REQUIRED,NO,,,Official reference retained; Kazakhstan availability has not been confirmed
BISCO,"BISCO, Inc.",Quantium Universal Composite,H-1111A3P,Quantium Unit-Dose A3 Enamel,Капсулы · A3 Enamel,KZ_CONFIRMATION_REQUIRED,NO,,,Official reference retained; Kazakhstan availability has not been confirmed
BISCO,"BISCO, Inc.",Quantium Universal Composite,H-1111A35P,Quantium Unit-Dose A3.5 Enamel,Капсулы · A3.5 Enamel,KZ_CONFIRMATION_REQUIRED,NO,,,Official reference retained; Kazakhstan availability has not been confirmed
BISCO,"BISCO, Inc.",Quantium Universal Composite,H-1111B1P,Quantium Unit-Dose B1 Enamel,Капсулы · B1 Enamel,KZ_CONFIRMATION_REQUIRED,NO,,,Official reference retained; Kazakhstan availability has not been confirmed
BISCO,"BISCO, Inc.",Quantium Universal Composite,H-1111B2P,Quantium Unit-Dose B2 Enamel,Капсулы · B2 Enamel,KZ_CONFIRMATION_REQUIRED,NO,,,Official reference retained; Kazakhstan availability has not been confirmed
BISCO,"BISCO, Inc.",Quantium Universal Composite,H-1211ICSP,Quantium Unit-Dose Incisal,Капсулы · Incisal,KZ_CONFIRMATION_REQUIRED,NO,,,Official reference retained; Kazakhstan availability has not been confirmed
BISCO,"BISCO, Inc.",Quantium Universal Composite,H-1311BLCP,Quantium Unit-Dose Bleach,Капсулы · Bleach,KZ_CONFIRMATION_REQUIRED,NO,,,Official reference retained; Kazakhstan availability has not been confirmed
BISCO,"BISCO, Inc.",Quantium Universal Composite,H-10000K,Quantium Syringe Intro Kit,Начальный набор · шприцы,KZ_CONFIRMATION_REQUIRED,NO,,,Official reference retained; Kazakhstan availability has not been confirmed
BISCO,"BISCO, Inc.",Quantium Universal Composite,H-10100K,Quantium Unit-Dose Kit,Начальный набор · капсулы,KZ_CONFIRMATION_REQUIRED,NO,,,Official reference retained; Kazakhstan availability has not been confirmed
BISCO,"BISCO, Inc.",Select HV Etch,E-59010P,Select HV Etch Syringe Package,Набор шприцев,KZ_CONFIRMATION_REQUIRED,NO,,,Official reference retained; Kazakhstan availability has not been confirmed
BISCO,"BISCO, Inc.",Select HV Etch,E-59100K,Select HV Etch Bulk Syringe Kit,Большой шприц · комплект,KZ_CONFIRMATION_REQUIRED,NO,,,Official reference retained; Kazakhstan availability has not been confirmed
BISCO,"BISCO, Inc.",Select HV Etch,E-59060P,Select HV Etch Bulk Syringe,Большой шприц,KZ_CONFIRMATION_REQUIRED,NO,,,Official reference retained; Kazakhstan availability has not been confirmed
BISCO,"BISCO, Inc.",Select HV Etch w/BAC,E-59110P,Select HV Etch w BAC Syringe Package,Набор шприцев,KZ_CONFIRMATION_REQUIRED,NO,,,Official reference retained; Kazakhstan availability has not been confirmed
BISCO,"BISCO, Inc.",Select HV Etch w/BAC,E-59200K,Select HV Etch w BAC Bulk Syringe Kit,Большой шприц · комплект,KZ_CONFIRMATION_REQUIRED,NO,,,Official reference retained; Kazakhstan availability has not been confirmed
BISCO,"BISCO, Inc.",Select HV Etch w/BAC,E-59160P,Select HV Etch w BAC Bulk Syringe,Большой шприц,KZ_CONFIRMATION_REQUIRED,NO,,,Official reference retained; Kazakhstan availability has not been confirmed
BISCO,"BISCO, Inc.",TheraBase,H-35001P,TheraBase Dual-Syringe,Двойной шприц,KZ_CONFIRMATION_REQUIRED,NO,,,Official reference retained; Kazakhstan availability has not been confirmed
BISCO,"BISCO, Inc.",TheraCal PT,H-34110P,TheraCal PT Dual-Syringe,Двойной шприц 4 г,KZ_CONFIRMATION_REQUIRED,NO,,,Official reference retained; Kazakhstan availability has not been confirmed
BISCO,"BISCO, Inc.",TheraCal PT,H-34111P,TheraCal PT Dual-Syringe 2g,Двойной шприц 2 г,KZ_CONFIRMATION_REQUIRED,NO,,,Official reference retained; Kazakhstan availability has not been confirmed
BISCO,"BISCO, Inc.",TheraCem,D-46311P,TheraCem Dual-Syringe,Двойной шприц,KZ_FAMILY_CONFIRMED_VARIANT_REVIEW_REQUIRED,YES,https://www.denco.kz/index.php?option=com_virtuemart&Itemid=17&category_id=&page=shop.browse&manufacturer_id=3&limit=50&limitstart=0,2026-07-22,Listed by the Kazakhstan exclusive representative
BISCO,"BISCO, Inc.",TheraCem Ca,D-46501P,TheraCem Ca 8g,Двойной шприц 8 г,KZ_CONFIRMATION_REQUIRED,NO,,,Official reference retained; Kazakhstan availability has not been confirmed
BISCO,"BISCO, Inc.",TheraCem Ca,D-46502PS,TheraCem Ca 1g,Двойной шприц 1 г,KZ_CONFIRMATION_REQUIRED,NO,,,Official reference retained; Kazakhstan availability has not been confirmed
BISCO,"BISCO, Inc.",Uni-Etch,E-5502EM,Uni-Etch 4 Syringe Package,Набор · 4 шприца,KZ_FAMILY_CONFIRMED_VARIANT_REVIEW_REQUIRED,YES,https://www.denco.kz/index.php?option=com_virtuemart&Itemid=17&category_id=&page=shop.browse&manufacturer_id=3&limit=50&limitstart=0,2026-07-22,Local catalog names the family UNI-ETCH 32%
BISCO,"BISCO, Inc.",Uni-Etch,E-5632EM,Uni-Etch Syringe,Шприц,KZ_FAMILY_CONFIRMED_VARIANT_REVIEW_REQUIRED,YES,https://www.denco.kz/index.php?option=com_virtuemart&Itemid=17&category_id=&page=shop.browse&manufacturer_id=3&limit=50&limitstart=0,2026-07-22,Local catalog names the family UNI-ETCH 32%
BISCO,"BISCO, Inc.",Uni-Etch,E-5637E,Uni-Etch Bulk Bottle,Большой флакон,KZ_FAMILY_CONFIRMED_VARIANT_REVIEW_REQUIRED,YES,https://www.denco.kz/index.php?option=com_virtuemart&Itemid=17&category_id=&page=shop.browse&manufacturer_id=3&limit=50&limitstart=0,2026-07-22,Local catalog names the family UNI-ETCH 32%
BISCO,"BISCO, Inc.",Uni-Etch w/BAC,E-5502EBM,Uni-Etch w BAC 4 Syringe Package,Набор · 4 шприца,KZ_CONFIRMATION_REQUIRED,NO,,,Official reference retained; Kazakhstan availability has not been confirmed
BISCO,"BISCO, Inc.",Uni-Etch w/BAC,E-56621P,Uni-Etch w BAC Bulk Syringe,Большой шприц,KZ_CONFIRMATION_REQUIRED,NO,,,Official reference retained; Kazakhstan availability has not been confirmed
BISCO,"BISCO, Inc.",Uni-Etch w/BAC,E-5637EB,Uni-Etch w BAC Bulk Bottle,Большой флакон,KZ_CONFIRMATION_REQUIRED,NO,,,Official reference retained; Kazakhstan availability has not been confirmed
BISCO,"BISCO, Inc.",Universal Primer,B-4110P,Universal Primer Part A and B Set,Комплект флаконов Part A + Part B,KZ_CONFIRMATION_REQUIRED,NO,,,Official reference retained; Kazakhstan availability has not been confirmed
BISCO,"BISCO, Inc.",Z-Prime Plus,B-6002P,Z-Prime Plus 2ml,Флакон 2 мл,KZ_FAMILY_CONFIRMED_VARIANT_REVIEW_REQUIRED,YES,https://www.denco.kz/index.php?option=com_virtuemart&Itemid=17&category_id=&page=shop.browse&manufacturer_id=3&limit=50&limitstart=0,2026-07-22,Listed by the Kazakhstan exclusive representative
BISCO,"BISCO, Inc.",Z-Prime Plus,B-6001P,Z-Prime Plus 4ml,Флакон 4 мл,KZ_FAMILY_CONFIRMED_VARIANT_REVIEW_REQUIRED,YES,https://www.denco.kz/index.php?option=com_virtuemart&Itemid=17&category_id=&page=shop.browse&manufacturer_id=3&limit=50&limitstart=0,2026-07-22,Listed by the Kazakhstan exclusive representative
BISCO,"BISCO, Inc.",ZirClean,B-7351P,ZirClean Syringe,Шприц,KZ_CONFIRMATION_REQUIRED,NO,,,Official reference retained; Kazakhstan availability has not been confirmed
BISCO,"BISCO, Inc.",Regular Orange Applicators,X-80250P,Regular Orange Applicators,Упаковка аппликаторов,KZ_CONFIRMATION_REQUIRED,NO,,,Official reference retained; Kazakhstan availability has not been confirmed
BISCO,"BISCO, Inc.",Endo White Applicators,X-80243R,Endo White Applicators,Упаковка аппликаторов,KZ_CONFIRMATION_REQUIRED,NO,,,Official reference retained; Kazakhstan availability has not been confirmed
BISCO,"BISCO, Inc.",Blue Bristle Brush Applicators,X-80247R,Blue Bristle Brush Applicators,Упаковка аппликаторов,KZ_CONFIRMATION_REQUIRED,NO,,,Official reference retained; Kazakhstan availability has not been confirmed
BISCO,"BISCO, Inc.",Disposable Mixing Wells — Single,X-80497P,Disposable Mixing Wells Single,Одноразовые ёмкости · одно отделение,KZ_CONFIRMATION_REQUIRED,NO,,,Official reference retained; Kazakhstan availability has not been confirmed
BISCO,"BISCO, Inc.",Disposable Mixing Wells — Double,X-80496B,Disposable Mixing Wells Double,Одноразовые ёмкости · два отделения,KZ_CONFIRMATION_REQUIRED,NO,,,Official reference retained; Kazakhstan availability has not been confirmed
BISCO,"BISCO, Inc.",Dual-Syringe Dispenser,L-22020P,Dual-Syringe Dispenser,Диспенсер,KZ_CONFIRMATION_REQUIRED,NO,,,Official reference retained; Kazakhstan availability has not been confirmed
BISCO,"BISCO, Inc.",Unit-Dose Syringe,X-80801P,Unit-Dose Syringe,Диспенсер для капсул,KZ_CONFIRMATION_REQUIRED,NO,,,Official reference retained; Kazakhstan availability has not been confirmed
BISCO,"BISCO, Inc.",Dual-Syringe Static Mixing Tips,X-81252P,Dual-Syringe Static Mixing Tips,Упаковка смесительных насадок,KZ_CONFIRMATION_REQUIRED,NO,,,Official reference retained; Kazakhstan availability has not been confirmed
BISCO,"BISCO, Inc.",Dual-Syringe Mixing & Intraoral Tips,X-81257P,Dual-Syringe Mixing and Intraoral Tips,Упаковка смесительных и внутриротовых насадок,KZ_CONFIRMATION_REQUIRED,NO,,,Official reference retained; Kazakhstan availability has not been confirmed
BISCO,"BISCO, Inc.",Dual-Syringe Mixing & Root Canal Tips,X-81267P,Dual-Syringe Mixing and Root Canal Tips,Упаковка смесительных и эндодонтических насадок,KZ_CONFIRMATION_REQUIRED,NO,,,Official reference retained; Kazakhstan availability has not been confirmed
BISCO,"BISCO, Inc.",Aeliteflo Syringe Tips 19G,X-80616N,Aeliteflo Syringe Tips 19G,Чёрные насадки 19G,KZ_CONFIRMATION_REQUIRED,NO,,,Official reference retained; Kazakhstan availability has not been confirmed
BISCO,"BISCO, Inc.",Porcelain Etchant Plastic Tips,X-80602N,Porcelain Etchant Plastic Tips,Чёрные пластиковые насадки,KZ_CONFIRMATION_REQUIRED,NO,,,Official reference retained; Kazakhstan availability has not been confirmed
BISCO,"BISCO, Inc.",Phosphoric Etchant Syringe Tips 25G,X-80611N,Phosphoric Etchant Syringe Tips 25G,Светло-синие насадки 25G,KZ_CONFIRMATION_REQUIRED,NO,,,Official reference retained; Kazakhstan availability has not been confirmed
BISCO,"BISCO, Inc.",Blue Disposable Syringe Tips 22G,X-80608N,Blue Disposable Syringe Tips 22G,Синие насадки 22G,KZ_CONFIRMATION_REQUIRED,NO,,,Official reference retained; Kazakhstan availability has not been confirmed
BISCO,"BISCO, Inc.",Black Disposable Syringe Tips 22G,X-80621N,Black Disposable Syringe Tips 22G,Чёрные насадки 22G,KZ_CONFIRMATION_REQUIRED,NO,,,Official reference retained; Kazakhstan availability has not been confirmed
BISCO,"BISCO, Inc.",Auto-Mix Cannula Tips 20G,X-81270P,Auto-Mix Cannula Tips 20G,Канюли 20G,KZ_CONFIRMATION_REQUIRED,NO,,,Official reference retained; Kazakhstan availability has not been confirmed
BISCO,"BISCO, Inc.",Select HV Etch Empty Syringe Accessory Package,X-80580P,Select HV Etch Empty Syringe Accessory Package,Комплект пустых шприцев,KZ_CONFIRMATION_REQUIRED,NO,,,Official reference retained; Kazakhstan availability has not been confirmed
BISCO,"BISCO, Inc.",Uni-Etch Empty Syringe Accessory Package,X-80582P,Uni-Etch Empty Syringe Accessory Package,Комплект пустых шприцев,KZ_CONFIRMATION_REQUIRED,NO,,,Official reference retained; Kazakhstan availability has not been confirmed
Tokuyama Dental,Tokuyama Dental Corporation,Tokuyama Estelite Sigma Quick,13202,Estelite Sigma Quick System Kit,Набор System Kit,KZ_FAMILY_CONFIRMED_VARIANT_REVIEW_REQUIRED,YES,https://nordstom.kz/brand?id=57,2026-07-22,Three local listings cover individual syringes and two kits
Tokuyama Dental,Tokuyama Dental Corporation,Tokuyama Estelite Sigma Quick,13204,Estelite Sigma Quick Intro Kit,Набор Intro Kit,KZ_FAMILY_CONFIRMED_VARIANT_REVIEW_REQUIRED,YES,https://nordstom.kz/brand?id=57,2026-07-22,Three local listings cover individual syringes and two kits
Tokuyama Dental,Tokuyama Dental Corporation,Tokuyama Estelite Sigma Quick,13104,"Набор Estelite Sigma Quick kit I, 3 шприца 3,8 г А2, А3, ОА3",Набор 3 шприца · A2 + A3 + OA3,KZ_SKU_CONFIRMED,YES,https://nordstom.kz/catalog/therapy/light-curing-restorative-materials/item-154,2026-07-22,Состав локального набора совпадает с официальным набором из трёх шприцев A2 A3 OA3
Tokuyama Dental,Tokuyama Dental Corporation,Tokuyama Estelite Sigma Quick,13210,Estelite Sigma Quick A1,Шприц 3.8 г · оттенок A1,KZ_SKU_CONFIRMED,YES,https://nordstom.kz/catalog/therapy/light-curing-restorative-materials/item-153,2026-07-22,Оттенок A1 указан в локальной карточке
Tokuyama Dental,Tokuyama Dental Corporation,Tokuyama Estelite Sigma Quick,13211,Estelite Sigma Quick A2,Шприц 3.8 г · оттенок A2,KZ_SKU_CONFIRMED,YES,https://nordstom.kz/catalog/therapy/light-curing-restorative-materials/item-153,2026-07-22,Оттенок A2 указан в локальной карточке
Tokuyama Dental,Tokuyama Dental Corporation,Tokuyama Estelite Sigma Quick,13212,Estelite Sigma Quick A3,Шприц 3.8 г · оттенок A3,KZ_SKU_CONFIRMED,YES,https://nordstom.kz/catalog/therapy/light-curing-restorative-materials/item-153,2026-07-22,Оттенок A3 указан в локальной карточке
Tokuyama Dental,Tokuyama Dental Corporation,Tokuyama Estelite Sigma Quick,13213,Estelite Sigma Quick A3.5,Шприц 3.8 г · оттенок A3.5,KZ_SKU_CONFIRMED,YES,https://nordstom.kz/catalog/therapy/light-curing-restorative-materials/item-153,2026-07-22,Оттенок A3.5 указан в локальной карточке
Tokuyama Dental,Tokuyama Dental Corporation,Tokuyama Estelite Sigma Quick,13214,Estelite Sigma Quick A4,Шприц 3.8 г · оттенок A4,KZ_FAMILY_CONFIRMED_VARIANT_REVIEW_REQUIRED,YES,https://nordstom.kz/brand?id=57,2026-07-22,Three local listings cover individual syringes and two kits
Tokuyama Dental,Tokuyama Dental Corporation,Tokuyama Estelite Sigma Quick,13215,Estelite Sigma Quick A5,Шприц 3.8 г · оттенок A5,KZ_FAMILY_CONFIRMED_VARIANT_REVIEW_REQUIRED,YES,https://nordstom.kz/brand?id=57,2026-07-22,Three local listings cover individual syringes and two kits
Tokuyama Dental,Tokuyama Dental Corporation,Tokuyama Estelite Sigma Quick,13216,Estelite Sigma Quick B1,Шприц 3.8 г · оттенок B1,KZ_SKU_CONFIRMED,YES,https://nordstom.kz/catalog/therapy/light-curing-restorative-materials/item-153,2026-07-22,Оттенок B1 указан в локальной карточке
Tokuyama Dental,Tokuyama Dental Corporation,Tokuyama Estelite Sigma Quick,13217,Estelite Sigma Quick B2,Шприц 3.8 г · оттенок B2,KZ_SKU_CONFIRMED,YES,https://nordstom.kz/catalog/therapy/light-curing-restorative-materials/item-153,2026-07-22,Оттенок B2 указан в локальной карточке
Tokuyama Dental,Tokuyama Dental Corporation,Tokuyama Estelite Sigma Quick,13218,Estelite Sigma Quick B3,Шприц 3.8 г · оттенок B3,KZ_FAMILY_CONFIRMED_VARIANT_REVIEW_REQUIRED,YES,https://nordstom.kz/brand?id=57,2026-07-22,Three local listings cover individual syringes and two kits
Tokuyama Dental,Tokuyama Dental Corporation,Tokuyama Estelite Sigma Quick,13219,Estelite Sigma Quick B4,Шприц 3.8 г · оттенок B4,KZ_FAMILY_CONFIRMED_VARIANT_REVIEW_REQUIRED,YES,https://nordstom.kz/brand?id=57,2026-07-22,Three local listings cover individual syringes and two kits
Tokuyama Dental,Tokuyama Dental Corporation,Tokuyama Estelite Sigma Quick,13220,Estelite Sigma Quick C1,Шприц 3.8 г · оттенок C1,KZ_FAMILY_CONFIRMED_VARIANT_REVIEW_REQUIRED,YES,https://nordstom.kz/brand?id=57,2026-07-22,Three local listings cover individual syringes and two kits
Tokuyama Dental,Tokuyama Dental Corporation,Tokuyama Estelite Sigma Quick,13221,Estelite Sigma Quick C2,Шприц 3.8 г · оттенок C2,KZ_FAMILY_CONFIRMED_VARIANT_REVIEW_REQUIRED,YES,https://nordstom.kz/brand?id=57,2026-07-22,Three local listings cover individual syringes and two kits
Tokuyama Dental,Tokuyama Dental Corporation,Tokuyama Estelite Sigma Quick,13222,Estelite Sigma Quick C3,Шприц 3.8 г · оттенок C3,KZ_FAMILY_CONFIRMED_VARIANT_REVIEW_REQUIRED,YES,https://nordstom.kz/brand?id=57,2026-07-22,Three local listings cover individual syringes and two kits
Tokuyama Dental,Tokuyama Dental Corporation,Tokuyama Estelite Sigma Quick,13223,Estelite Sigma Quick OA1,Шприц 3.8 г · оттенок OA1,KZ_SKU_CONFIRMED,YES,https://nordstom.kz/catalog/therapy/light-curing-restorative-materials/item-153,2026-07-22,Оттенок OA1 указан в локальной карточке
Tokuyama Dental,Tokuyama Dental Corporation,Tokuyama Estelite Sigma Quick,13224,Estelite Sigma Quick OA2,Шприц 3.8 г · оттенок OA2,KZ_SKU_CONFIRMED,YES,https://nordstom.kz/catalog/therapy/light-curing-restorative-materials/item-153,2026-07-22,Оттенок OA2 указан в локальной карточке
Tokuyama Dental,Tokuyama Dental Corporation,Tokuyama Estelite Sigma Quick,13225,Estelite Sigma Quick OA3,Шприц 3.8 г · оттенок OA3,KZ_SKU_CONFIRMED,YES,https://nordstom.kz/catalog/therapy/light-curing-restorative-materials/item-153,2026-07-22,Оттенок OA3 указан в локальной карточке
Tokuyama Dental,Tokuyama Dental Corporation,Tokuyama Estelite Sigma Quick,13226,Estelite Sigma Quick OPA2,Шприц 3.8 г · оттенок OPA2,KZ_SKU_CONFIRMED,YES,https://nordstom.kz/catalog/therapy/light-curing-restorative-materials/item-153,2026-07-22,Оттенок OPA2 указан в локальной карточке
Tokuyama Dental,Tokuyama Dental Corporation,Tokuyama Estelite Sigma Quick,13227,Estelite Sigma Quick CE,Шприц 3.8 г · оттенок CE,KZ_SKU_CONFIRMED,YES,https://nordstom.kz/catalog/therapy/light-curing-restorative-materials/item-153,2026-07-22,Оттенок CE указан в локальной карточке
Tokuyama Dental,Tokuyama Dental Corporation,Tokuyama Estelite Sigma Quick,13228,Estelite Sigma Quick BW,Шприц 3.8 г · оттенок BW,KZ_SKU_CONFIRMED,YES,https://nordstom.kz/catalog/therapy/light-curing-restorative-materials/item-153,2026-07-22,Оттенок BW указан в локальной карточке
Tokuyama Dental,Tokuyama Dental Corporation,Tokuyama Estelite Sigma Quick,13229,Estelite Sigma Quick WE,Шприц 3.8 г · оттенок WE,KZ_FAMILY_CONFIRMED_VARIANT_REVIEW_REQUIRED,YES,https://nordstom.kz/brand?id=57,2026-07-22,Three local listings cover individual syringes and two kits
Tokuyama Dental,Tokuyama Dental Corporation,Tokuyama Estelite Asteria,10931,Estelite Asteria Essential Kit,Набор 7 шприцев,KZ_SKU_CONFIRMED,YES,https://nordstom.kz/catalog/therapy/light-curing-restorative-materials/item-156,2026-07-22,Локальный набор содержит те же семь оттенков A1B A2B A3B A3.5B A4B NE OcE
Tokuyama Dental,Tokuyama Dental Corporation,Tokuyama Estelite Asteria,10396,Estelite Asteria PLT Essential Kit,Набор 15 капсул,KZ_FAMILY_CONFIRMED_VARIANT_REVIEW_REQUIRED,YES,https://nordstom.kz/brand?id=57,2026-07-22,Local listings cover individual syringes and the seven-syringe kit
Tokuyama Dental,Tokuyama Dental Corporation,Tokuyama Estelite Asteria,10941,Estelite Asteria A1B,Шприц 4 г · оттенок A1B,KZ_SKU_CONFIRMED,YES,https://nordstom.kz/catalog/therapy/light-curing-restorative-materials/item-157,2026-07-22,Локальная карточка шприца 4 г
Tokuyama Dental,Tokuyama Dental Corporation,Tokuyama Estelite Asteria,10942,Estelite Asteria A2B,Шприц 4 г · оттенок A2B,KZ_SKU_CONFIRMED,YES,https://nordstom.kz/catalog/therapy/light-curing-restorative-materials/item-157,2026-07-22,Локальная карточка шприца 4 г
Tokuyama Dental,Tokuyama Dental Corporation,Tokuyama Estelite Asteria,10943,Estelite Asteria A3B,Шприц 4 г · оттенок A3B,KZ_SKU_CONFIRMED,YES,https://nordstom.kz/catalog/therapy/light-curing-restorative-materials/item-157,2026-07-22,Локальная карточка шприца 4 г
Tokuyama Dental,Tokuyama Dental Corporation,Tokuyama Estelite Asteria,10944,Estelite Asteria A3.5B,Шприц 4 г · оттенок A3.5B,KZ_SKU_CONFIRMED,YES,https://nordstom.kz/catalog/therapy/light-curing-restorative-materials/item-157,2026-07-22,Локальная карточка шприца 4 г
Tokuyama Dental,Tokuyama Dental Corporation,Tokuyama Estelite Asteria,10945,Estelite Asteria A4B,Шприц 4 г · оттенок A4B,KZ_SKU_CONFIRMED,YES,https://nordstom.kz/catalog/therapy/light-curing-restorative-materials/item-157,2026-07-22,Локальная карточка шприца 4 г
Tokuyama Dental,Tokuyama Dental Corporation,Tokuyama Estelite Asteria,10946,Estelite Asteria B3B,Шприц 4 г · оттенок B3B,KZ_SKU_CONFIRMED,YES,https://nordstom.kz/catalog/therapy/light-curing-restorative-materials/item-157,2026-07-22,Локальная карточка шприца 4 г
Tokuyama Dental,Tokuyama Dental Corporation,Tokuyama Estelite Asteria,10947,Estelite Asteria BL,Шприц 4 г · оттенок BL,KZ_SKU_CONFIRMED,YES,https://nordstom.kz/catalog/therapy/light-curing-restorative-materials/item-157,2026-07-22,Локальная карточка шприца 4 г
Tokuyama Dental,Tokuyama Dental Corporation,Tokuyama Estelite Asteria,10948,Estelite Asteria NE,Шприц 4 г · оттенок NE,KZ_SKU_CONFIRMED,YES,https://nordstom.kz/catalog/therapy/light-curing-restorative-materials/item-157,2026-07-22,Локальная карточка шприца 4 г
Tokuyama Dental,Tokuyama Dental Corporation,Tokuyama Estelite Asteria,10949,Estelite Asteria WE,Шприц 4 г · оттенок WE,KZ_SKU_CONFIRMED,YES,https://nordstom.kz/catalog/therapy/light-curing-restorative-materials/item-157,2026-07-22,Локальная карточка шприца 4 г
Tokuyama Dental,Tokuyama Dental Corporation,Tokuyama Estelite Asteria,10950,Estelite Asteria YE,Шприц 4 г · оттенок YE,KZ_SKU_CONFIRMED,YES,https://nordstom.kz/catalog/therapy/light-curing-restorative-materials/item-157,2026-07-22,Локальная карточка шприца 4 г
Tokuyama Dental,Tokuyama Dental Corporation,Tokuyama Estelite Asteria,10951,Estelite Asteria TE,Шприц 4 г · оттенок TE,KZ_SKU_CONFIRMED,YES,https://nordstom.kz/catalog/therapy/light-curing-restorative-materials/item-157,2026-07-22,Локальная карточка шприца 4 г
Tokuyama Dental,Tokuyama Dental Corporation,Tokuyama Estelite Asteria,10952,Estelite Asteria OcE,Шприц 4 г · оттенок OcE,KZ_SKU_CONFIRMED,YES,https://nordstom.kz/catalog/therapy/light-curing-restorative-materials/item-157,2026-07-22,Локальная карточка шприца 4 г
Tokuyama Dental,Tokuyama Dental Corporation,Tokuyama Estelite Bulk Fill Flow,12700,Estelite Bulk Fill Flow U,Шприц 3 г · оттенок U,KZ_FAMILY_CONFIRMED_VARIANT_REVIEW_REQUIRED,YES,https://nordstom.kz/catalog/therapy/light-curing-restorative-materials/item-158,2026-07-22,Listed in Kazakhstan in syringe format
Tokuyama Dental,Tokuyama Dental Corporation,Tokuyama Estelite Bulk Fill Flow,12701,Estelite Bulk Fill Flow B1,Шприц 3 г · оттенок B1,KZ_FAMILY_CONFIRMED_VARIANT_REVIEW_REQUIRED,YES,https://nordstom.kz/catalog/therapy/light-curing-restorative-materials/item-158,2026-07-22,Listed in Kazakhstan in syringe format
Tokuyama Dental,Tokuyama Dental Corporation,Tokuyama Estelite Bulk Fill Flow,12702,Estelite Bulk Fill Flow A1,Шприц 3 г · оттенок A1,KZ_FAMILY_CONFIRMED_VARIANT_REVIEW_REQUIRED,YES,https://nordstom.kz/catalog/therapy/light-curing-restorative-materials/item-158,2026-07-22,Listed in Kazakhstan in syringe format
Tokuyama Dental,Tokuyama Dental Corporation,Tokuyama Estelite Bulk Fill Flow,12703,"Estelite Bulk Fill Flow, шприц 3.0 г А2",Шприц 3 г · оттенок A2,KZ_SKU_CONFIRMED,YES,https://nordstom.kz/catalog/therapy/light-curing-restorative-materials/item-158,2026-07-22,Локальная карточка явно указывает шприц 3 г оттенок A2
Tokuyama Dental,Tokuyama Dental Corporation,Tokuyama Estelite Bulk Fill Flow,12704,Estelite Bulk Fill Flow A3,Шприц 3 г · оттенок A3,KZ_FAMILY_CONFIRMED_VARIANT_REVIEW_REQUIRED,YES,https://nordstom.kz/catalog/therapy/light-curing-restorative-materials/item-158,2026-07-22,Listed in Kazakhstan in syringe format
Tokuyama Dental,Tokuyama Dental Corporation,Tokuyama Estelite Posterior,12911,Estelite Posterior PA1,Шприц 4.2 г · оттенок PA1,KZ_SKU_CONFIRMED,YES,https://nordstom.kz/catalog/therapy/light-curing-restorative-materials/item-160,2026-07-22,Оттенок PA1 указан в локальной карточке
Tokuyama Dental,Tokuyama Dental Corporation,Tokuyama Estelite Posterior,12912,Estelite Posterior PA2,Шприц 4.2 г · оттенок PA2,KZ_SKU_CONFIRMED,YES,https://nordstom.kz/catalog/therapy/light-curing-restorative-materials/item-160,2026-07-22,Оттенок PA2 указан в локальной карточке
Tokuyama Dental,Tokuyama Dental Corporation,Tokuyama Estelite Posterior,12913,Estelite Posterior PA3,Шприц 4.2 г · оттенок PA3,KZ_SKU_CONFIRMED,YES,https://nordstom.kz/catalog/therapy/light-curing-restorative-materials/item-160,2026-07-22,Оттенок PA3 указан в локальной карточке
Tokuyama Dental,Tokuyama Dental Corporation,Tokuyama Estelite Posterior,12914,Estelite Posterior PCE,Шприц 4.2 г · оттенок PCE,KZ_SKU_CONFIRMED,YES,https://nordstom.kz/catalog/therapy/light-curing-restorative-materials/item-160,2026-07-22,Оттенок PCE указан в локальной карточке
Tokuyama Dental,Tokuyama Dental Corporation,Tokuyama Bond Force II,14903,"Tokuyama Bond Force II 5 мл, в наборе",Набор · флакон 5 мл,KZ_SKU_CONFIRMED,YES,https://nordstom.kz/catalog/therapy/adhesives-primers-acid-barriers-etchants/item-169,2026-07-22,Локальная карточка набора содержит флакон 5 мл
Tokuyama Dental,Tokuyama Dental Corporation,Tokuyama Bond Force II,14968,Tokuyama Bond Force II Pen Kit,Набор · ручка 2 мл,KZ_FAMILY_CONFIRMED_VARIANT_REVIEW_REQUIRED,YES,https://nordstom.kz/brand?id=57,2026-07-22,Local listings cover the 5 ml refill and kit
