source_slug,supplier_name,source_url,external_id,name,brand,category,unit,currency,price,quantity,is_regulated,notes
"stomir","ТОО СТОМир","https://stomir.kz/catalog/zubnye_pasty/190614042132","CKO-2","Зубная паста против зубного налета","Pierrot","zubnye_pasty","piece","KZT","","","false","Публичная карточка каталога СТОМир; цена и наличие требуют подтверждения поставщиком."
"stomir","ТОО СТОМир","https://stomir.kz/catalog/zubnye_pasty/190614042439","CKO-3","Зубная паста с Зеленым чаем","Pierrot","zubnye_pasty","piece","KZT","","","false","Публичная карточка каталога СТОМир; цена и наличие требуют подтверждения поставщиком."
"stomir","ТОО СТОМир","https://stomir.kz/catalog/zubnye_pasty/190614043144","СКО-4","Зубная паста с Алое Вера","Pierrot","zubnye_pasty","piece","KZT","","","false","Публичная карточка каталога СТОМир; цена и наличие требуют подтверждения поставщиком."
"stomir","ТОО СТОМир","https://stomir.kz/catalog/zubnye_pasty/190614043421","СКO-5","Зубная паста с Прополисом","Pierrot","zubnye_pasty","piece","KZT","","","false","Публичная карточка каталога СТОМир; цена и наличие требуют подтверждения поставщиком."
"stomir","ТОО СТОМир","https://stomir.kz/catalog/zubnye_pasty/190614044017","СКО-6","Зубная паста Отбеливающая","Pierrot","zubnye_pasty","piece","KZT","","","false","Публичная карточка каталога СТОМир; цена и наличие требуют подтверждения поставщиком."
"stomir","ТОО СТОМир","https://stomir.kz/catalog/zubnye_pasty/190617094737","CKO-7","Зубная паста Сенсетив","Pierrot","zubnye_pasty","piece","KZT","","","false","Публичная карточка каталога СТОМир; цена и наличие требуют подтверждения поставщиком."
"stomir","ТОО СТОМир","https://stomir.kz/catalog/opolaskivateli/190617095114","CKO-12","Ополаскиватель Сенситив, без спирта","Pierrot","opolaskivateli","piece","KZT","","","false","Публичная карточка каталога СТОМир; цена и наличие требуют подтверждения поставщиком."
"stomir","ТОО СТОМир","https://stomir.kz/catalog/zubnye_schetki/190619121010","CKO-50","Зубная Щетка СS SMART","","zubnye_schetki","piece","KZT","","","false","Публичная карточка каталога СТОМир; цена и наличие требуют подтверждения поставщиком."
"stomir","ТОО СТОМир","https://stomir.kz/catalog/zubnye_schetki/190617102810","CKO-19","Зубная щетка для чувствительных десен","Pierrot","zubnye_schetki","piece","KZT","","","false","Публичная карточка каталога СТОМир; цена и наличие требуют подтверждения поставщиком."
"stomir","ТОО СТОМир","https://stomir.kz/catalog/zubnye_schetki/190617103909","CKO-21","Зубная щетка Sensitive Teeth ExtraSoft","Pierrot","zubnye_schetki","piece","KZT","","","false","Публичная карточка каталога СТОМир; цена и наличие требуют подтверждения поставщиком."
"stomir","ТОО СТОМир","https://stomir.kz/catalog/zubnye_schetki/190617112114","CKO-24","Зубная щетка New Activ","Pierrot","zubnye_schetki","piece","KZT","","","false","Публичная карточка каталога СТОМир; цена и наличие требуют подтверждения поставщиком."
"stomir","ТОО СТОМир","https://stomir.kz/catalog/zubnye_schetki/190617114456","CKO-25","Зубная щетка New Balance","Pierrot","zubnye_schetki","piece","KZT","","","false","Публичная карточка каталога СТОМир; цена и наличие требуют подтверждения поставщиком."
"stomir","ТОО СТОМир","https://stomir.kz/catalog/zubnye_schetki/190617114823","CKO-26","Зубная щетка Голд","Pierrot","zubnye_schetki","piece","KZT","","","false","Публичная карточка каталога СТОМир; цена и наличие требуют подтверждения поставщиком."
"stomir","ТОО СТОМир","https://stomir.kz/catalog/zubnye_schetki/190617120839","CKO-31","Зубная щетка Детская Baby","Pierrot","zubnye_schetki","piece","KZT","","","false","Публичная карточка каталога СТОМир; цена и наличие требуют подтверждения поставщиком."
"stomir","ТОО СТОМир","https://stomir.kz/catalog/zubnye_schetki/190617121617","CKO-33","Зубная щетка Гусеница","Pierrot","zubnye_schetki","piece","KZT","","","false","Публичная карточка каталога СТОМир; цена и наличие требуют подтверждения поставщиком."
"stomir","ТОО СТОМир","https://stomir.kz/catalog/zubnye_schetki/190621013338","CKO-56","Набор ершиков Prime Plus","","zubnye_schetki","piece","KZT","","","false","Публичная карточка каталога СТОМир; цена и наличие требуют подтверждения поставщиком."
"stomir","ТОО СТОМир","https://stomir.kz/catalog/skrebki_ershi_flosssy/190617123300","CKO-37","Зубная нить Алоэ Вера, которая расширяется","Pierrot","skrebki_ershi_flosssy","piece","KZT","","","false","Публичная карточка каталога СТОМир; цена и наличие требуют подтверждения поставщиком."
"stomir","ТОО СТОМир","https://stomir.kz/catalog/instrumenty_i_akksesuary/170217105831","CKL","Артикулятор","","instrumenty_i_akksesuary","piece","KZT","","","false","Публичная карточка каталога СТОМир; цена и наличие требуют подтверждения поставщиком."
"stomir","ТОО СТОМир","https://stomir.kz/catalog/instrumenty_i_akksesuary/181114101732","CKB-220","Окклюдатор","","instrumenty_i_akksesuary","piece","KZT","","","false","Публичная карточка каталога СТОМир; цена и наличие требуют подтверждения поставщиком."
"stomir","ТОО СТОМир","https://stomir.kz/catalog/stomatologicheskie_odnorazovye_komplekty/161219090402","CKD","Комплект стоматологический №14","ZT Dental","stomatologicheskie_odnorazovye_komplekty","piece","KZT","","","false","Публичная карточка каталога СТОМир; цена и наличие требуют подтверждения поставщиком."
"stomir","ТОО СТОМир","https://stomir.kz/catalog/stomatologicheskie_odnorazovye_komplekty/161214031106","CKD","Комплект стоматологический №5","ZT Dental","stomatologicheskie_odnorazovye_komplekty","piece","KZT","","","false","Публичная карточка каталога СТОМир; цена и наличие требуют подтверждения поставщиком."
"stomir","ТОО СТОМир","https://stomir.kz/catalog/stomatologicheskie_odnorazovye_komplekty/161219092014","СKD","Комплект стоматологический №2","ZT Dental","stomatologicheskie_odnorazovye_komplekty","piece","KZT","","","false","Публичная карточка каталога СТОМир; цена и наличие требуют подтверждения поставщиком."
"stomir","ТОО СТОМир","https://stomir.kz/catalog/sredstva_zaschity_i_gigieny_odnorazovye_nabory_i_instrumenty/161212041046","1401945","Валики ватные","","sredstva_zaschity_i_gigieny_odnorazovye_nabory_i_instrumenty","piece","KZT","","","false","Публичная карточка каталога СТОМир; цена и наличие требуют подтверждения поставщиком."
"stomir","ТОО СТОМир","https://stomir.kz/catalog/odnorazovaya_produkciya/190617025602","CKD-123","Одноразовый турбинный наконечник","","odnorazovaya_produkciya","piece","KZT","","","false","Публичная карточка каталога СТОМир; цена и наличие требуют подтверждения поставщиком."
"stomir","ТОО СТОМир","https://stomir.kz/catalog/odnorazovaya_produkciya/161213040549","CKD","Скальпель","BIOLA","odnorazovaya_produkciya","piece","KZT","","","false","Публичная карточка каталога СТОМир; цена и наличие требуют подтверждения поставщиком."
"stomir","ТОО СТОМир","https://stomir.kz/catalog/odnorazovaya_produkciya/161219014428","CKD","Шапочка - берет","","odnorazovaya_produkciya","piece","KZT","","","false","Публичная карточка каталога СТОМир; цена и наличие требуют подтверждения поставщиком."
"stomir","ТОО СТОМир","https://stomir.kz/catalog/odnorazovaya_produkciya/161219043021","CKD","Перчатки нитриловые, неопудренные.","","odnorazovaya_produkciya","piece","KZT","","","false","Публичная карточка каталога СТОМир; цена и наличие требуют подтверждения поставщиком."
"stomir","ТОО СТОМир","https://stomir.kz/catalog/odnorazovaya_produkciya/161220041121","CKD","Перчатки виниловые. неопудренные","","odnorazovaya_produkciya","piece","KZT","","","false","Публичная карточка каталога СТОМир; цена и наличие требуют подтверждения поставщиком."
"stomir","ТОО СТОМир","https://stomir.kz/catalog/odnorazovaya_produkciya/181114105628","1401548","Бумага упаковочная в рулонах для стерилизации","","odnorazovaya_produkciya","piece","KZT","","","false","Публичная карточка каталога СТОМир; цена и наличие требуют подтверждения поставщиком."
"stomir","ТОО СТОМир","https://stomir.kz/catalog/odnorazovaya_produkciya/170228020950","CKD","Бумага упаковочная самоклеющаяся","ЗАО Бинергия","odnorazovaya_produkciya","piece","KZT","","","false","Публичная карточка каталога СТОМир; цена и наличие требуют подтверждения поставщиком."
"stomir","ТОО СТОМир","https://stomir.kz/catalog/odnorazovaya_produkciya/181114010830","CKB-226","Ирригационная система","","odnorazovaya_produkciya","piece","KZT","","","false","Публичная карточка каталога СТОМир; цена и наличие требуют подтверждения поставщиком."
"stomir","ТОО СТОМир","https://stomir.kz/catalog/odnorazovaya_produkciya/181114011312","CKB-227","Кисточки для нанесения адгезива + ручка","","odnorazovaya_produkciya","piece","KZT","","","false","Публичная карточка каталога СТОМир; цена и наличие требуют подтверждения поставщиком."
"stomir","ТОО СТОМир","https://stomir.kz/catalog/odnorazovaya_produkciya/181130115051","1401751","Наконечники для слюноотсоса","ZT Dental","odnorazovaya_produkciya","piece","KZT","","","false","Публичная карточка каталога СТОМир; цена и наличие требуют подтверждения поставщиком."
"stomir","ТОО СТОМир","https://stomir.kz/catalog/odnorazovaya_produkciya/181130121518","CKB-230","Очки защитные","","odnorazovaya_produkciya","piece","KZT","","","false","Публичная карточка каталога СТОМир; цена и наличие требуют подтверждения поставщиком."
"stomir","ТОО СТОМир","https://stomir.kz/catalog/odnorazovaya_produkciya/181130122225","CKB-232","Очки защитные","","odnorazovaya_produkciya","piece","KZT","","","false","Публичная карточка каталога СТОМир; цена и наличие требуют подтверждения поставщиком."
"stomir","ТОО СТОМир","https://stomir.kz/catalog/odnorazovaya_produkciya/190617015652","CKM-12","Нагрудник","","odnorazovaya_produkciya","piece","KZT","","","false","Публичная карточка каталога СТОМир; цена и наличие требуют подтверждения поставщиком."
"stomir","ТОО СТОМир","https://stomir.kz/catalog/odnorazovaya_produkciya/190617023119","CKD-12","Микробраши (аппликаторы стоматологические)","","odnorazovaya_produkciya","piece","KZT","","","false","Публичная карточка каталога СТОМир; цена и наличие требуют подтверждения поставщиком."
"stomir","ТОО СТОМир","https://stomir.kz/catalog/silikonovye_slepochnye_massy/170330110359","1401712","Коррегирующий материал CharmFlex Light-LV","DentKist","silikonovye_slepochnye_massy","piece","KZT","","","false","Публичная карточка каталога СТОМир; цена и наличие требуют подтверждения поставщиком."
"stomir","ТОО СТОМир","https://stomir.kz/catalog/silikonovye_slepochnye_massy/170425074008","1401713","Коррегирующий материал CharmFlex light XLV","DentKist","silikonovye_slepochnye_massy","piece","KZT","","","false","Публичная карточка каталога СТОМир; цена и наличие требуют подтверждения поставщиком."
"stomir","ТОО СТОМир","https://stomir.kz/catalog/silikonovye_slepochnye_massy/170425074807","1401752","Масса слепочная А-силикон CharmFlex Putty","DentKist","silikonovye_slepochnye_massy","piece","KZT","","","false","Публичная карточка каталога СТОМир; цена и наличие требуют подтверждения поставщиком."
"stomir","ТОО СТОМир","https://stomir.kz/catalog/silikonovye_slepochnye_massy/170425075113","1401753","Масса слепочная А-силикон CharmFlex Putty Soft","DentKist","silikonovye_slepochnye_massy","piece","KZT","","","false","Публичная карточка каталога СТОМир; цена и наличие требуют подтверждения поставщиком."
"stomir","ТОО СТОМир","https://stomir.kz/catalog/plombirovochnye_materialy_himicheskogo_otverzhdeniya/190618121258","CKT-1234","Пломбировочный материал CharmFil Flow","DentKist","plombirovochnye_materialy_himicheskogo_otverzhdeniya","piece","KZT","","","false","Публичная карточка каталога СТОМир; цена и наличие требуют подтверждения поставщиком."
"stomir","ТОО СТОМир","https://stomir.kz/catalog/plombirovochnye_materialy_himicheskogo_otverzhdeniya/181113114331","CKB-204","Therafil-21","LaTus","plombirovochnye_materialy_himicheskogo_otverzhdeniya","piece","KZT","","","false","Публичная карточка каталога СТОМир; цена и наличие требуют подтверждения поставщиком."
"stomir","ТОО СТОМир","https://stomir.kz/catalog/plombirovochnye_materialy_himicheskogo_otverzhdeniya/190614022912","1400025","Therafil-31","LaTus","plombirovochnye_materialy_himicheskogo_otverzhdeniya","piece","KZT","","","false","Публичная карточка каталога СТОМир; цена и наличие требуют подтверждения поставщиком."
"stomir","ТОО СТОМир","https://stomir.kz/catalog/sredstva_dlya_uhoda_za_oborudovaniem/180724034123","СКТ-184","Порошок для чистки дистиллятора от накипи","","sredstva_dlya_uhoda_za_oborudovaniem","piece","KZT","","","false","Публичная карточка каталога СТОМир; цена и наличие требуют подтверждения поставщиком."
"stomir","ТОО СТОМир","https://stomir.kz/catalog/sredstva_dlya_uhoda_i_obrabotki_dezinficiruyuschie_sredstva/190619011845","CKT-1256","Спрей-масло для наконечников","","sredstva_dlya_uhoda_i_obrabotki_dezinficiruyuschie_sredstva","piece","KZT","","","false","Публичная карточка каталога СТОМир; цена и наличие требуют подтверждения поставщиком."
"stomir","ТОО СТОМир","https://stomir.kz/catalog/plombirovochnye_materialy_svetovogo_otverzhdeniya/210921122043","1401589","Универсальный светоотверждаемый рентгеноконтрастный микрогибридный нанокомпозит CharmFil Plus A2","DentKist","plombirovochnye_materialy_svetovogo_otverzhdeniya","piece","KZT","","","false","Публичная карточка каталога СТОМир; цена и наличие требуют подтверждения поставщиком."
"stomir","ТОО СТОМир","https://stomir.kz/catalog/plombirovochnye_materialy_svetovogo_otverzhdeniya/190618025448","1401792","Материал стоматологический светоотверждаемый жидкотекучий временный Quicks Flow Blue","DentKist","plombirovochnye_materialy_svetovogo_otverzhdeniya","piece","KZT","","","false","Публичная карточка каталога СТОМир; цена и наличие требуют подтверждения поставщиком."
"stomir","ТОО СТОМир","https://stomir.kz/catalog/plombirovochnye_materialy_svetovogo_otverzhdeniya/210921115959","1401588","Универсальный светоотверждаемый рентгеноконтрастный микрогибридный нанокомпозит CharmFil Plus A1","DentKist","plombirovochnye_materialy_svetovogo_otverzhdeniya","piece","KZT","","","false","Публичная карточка каталога СТОМир; цена и наличие требуют подтверждения поставщиком."
"stomir","ТОО СТОМир","https://stomir.kz/catalog/plombirovochnye_materialy_svetovogo_otverzhdeniya/210921122613","1401591","Универсальный светоотверждаемый рентгеноконтрастный микрогибридный нанокомпозит CharmFil Plus UO","DentKist","plombirovochnye_materialy_svetovogo_otverzhdeniya","piece","KZT","","","false","Публичная карточка каталога СТОМир; цена и наличие требуют подтверждения поставщиком."
"stomir","ТОО СТОМир","https://stomir.kz/catalog/plombirovochnye_materialy_svetovogo_otverzhdeniya/210921122349","1401590","Универсальный светоотверждаемый рентгеноконтрастный микрогибридный нанокомпозит CharmFil Plus A3","DentKist","plombirovochnye_materialy_svetovogo_otverzhdeniya","piece","KZT","","","false","Публичная карточка каталога СТОМир; цена и наличие требуют подтверждения поставщиком."
"stomir","ТОО СТОМир","https://stomir.kz/catalog/plombirovochnye_materialy_svetovogo_otverzhdeniya/181113103902","1401592","Набор универсальных светоотверждаемых рентгеноконтрастных нанокомпозитов CharmFil Plus Kit","DentKist","plombirovochnye_materialy_svetovogo_otverzhdeniya","piece","KZT","","","false","Публичная карточка каталога СТОМир; цена и наличие требуют подтверждения поставщиком."
"stomir","ТОО СТОМир","https://stomir.kz/catalog/plombirovochnye_materialy_svetovogo_otverzhdeniya/181113104340","1400016","Материал композиционный пломбировочный светоотверждаемый текучий Latelux flow A1","LaTus","plombirovochnye_materialy_svetovogo_otverzhdeniya","piece","KZT","","","false","Публичная карточка каталога СТОМир; цена и наличие требуют подтверждения поставщиком."
"stomir","ТОО СТОМир","https://stomir.kz/catalog/plombirovochnye_materialy_svetovogo_otverzhdeniya/210611042418","1400017","Материал композиционный пломбировочный светоотверждаемый текучий Latelux flow A2","LaTus","plombirovochnye_materialy_svetovogo_otverzhdeniya","piece","KZT","","","false","Публичная карточка каталога СТОМир; цена и наличие требуют подтверждения поставщиком."
"stomir","ТОО СТОМир","https://stomir.kz/catalog/plombirovochnye_materialy_svetovogo_otverzhdeniya/210610033658","1400019","Материал композиционный пломбировочный светоотверждаемый Latelux A1","LaTus","plombirovochnye_materialy_svetovogo_otverzhdeniya","piece","KZT","","","false","Публичная карточка каталога СТОМир; цена и наличие требуют подтверждения поставщиком."
"stomir","ТОО СТОМир","https://stomir.kz/catalog/plombirovochnye_materialy_svetovogo_otverzhdeniya/210610040558","1400020","Материал композиционный пломбировочный светоотверждаемый Latelux A2","LaTus","plombirovochnye_materialy_svetovogo_otverzhdeniya","piece","KZT","","","false","Публичная карточка каталога СТОМир; цена и наличие требуют подтверждения поставщиком."
"stomir","ТОО СТОМир","https://stomir.kz/catalog/plombirovochnye_materialy_svetovogo_otverzhdeniya/210610041939","1401391","Материал композиционный пломбировочный светоотверждаемый Latelux B1","LaTus","plombirovochnye_materialy_svetovogo_otverzhdeniya","piece","KZT","","","false","Публичная карточка каталога СТОМир; цена и наличие требуют подтверждения поставщиком."
"stomir","ТОО СТОМир","https://stomir.kz/catalog/plombirovochnye_materialy_svetovogo_otverzhdeniya/210610042203","1401392","Материал композиционный пломбировочный светоотверждаемый Latelux B2","LaTus","plombirovochnye_materialy_svetovogo_otverzhdeniya","piece","KZT","","","false","Публичная карточка каталога СТОМир; цена и наличие требуют подтверждения поставщиком."
"stomir","ТОО СТОМир","https://stomir.kz/catalog/plombirovochnye_materialy_svetovogo_otverzhdeniya/210611042627","1400018","Материал композиционный пломбировочный светоотверждаемый текучий Latelux flow A3","LaTus","plombirovochnye_materialy_svetovogo_otverzhdeniya","piece","KZT","","","false","Публичная карточка каталога СТОМир; цена и наличие требуют подтверждения поставщиком."
"stomir","ТОО СТОМир","https://stomir.kz/catalog/plombirovochnye_materialy_svetovogo_otverzhdeniya/210610041631","1401393","Материал композиционный пломбировочный светоотверждаемый Latelux OA2","LaTus","plombirovochnye_materialy_svetovogo_otverzhdeniya","piece","KZT","","","false","Публичная карточка каталога СТОМир; цена и наличие требуют подтверждения поставщиком."
"stomir","ТОО СТОМир","https://stomir.kz/catalog/plombirovochnye_materialy_svetovogo_otverzhdeniya/210610041115","1400021","Материал композиционный пломбировочный светоотверждаемый Latelux A3","LaTus","plombirovochnye_materialy_svetovogo_otverzhdeniya","piece","KZT","","","false","Публичная карточка каталога СТОМир; цена и наличие требуют подтверждения поставщиком."
"stomir","ТОО СТОМир","https://stomir.kz/catalog/plombirovochnye_materialy_svetovogo_otverzhdeniya/190614024311","1400024","LATELUX cистемный набор","LaTus","plombirovochnye_materialy_svetovogo_otverzhdeniya","piece","KZT","","","false","Публичная карточка каталога СТОМир; цена и наличие требуют подтверждения поставщиком."
"stomir","ТОО СТОМир","https://stomir.kz/catalog/bondingovye_adgezivnye_sistemy_i_protravochnye_geli/170216010321","1400029","Протравочный гель CharmEtch-35 HV","DentKist","bondingovye_adgezivnye_sistemy_i_protravochnye_geli","piece","KZT","","","false","Публичная карточка каталога СТОМир; цена и наличие требуют подтверждения поставщиком."
"stomir","ТОО СТОМир","https://stomir.kz/catalog/bondingovye_adgezivnye_sistemy_i_protravochnye_geli/180629115806","1401750","Адгезив светового отверждения CharmBond","DentKist","bondingovye_adgezivnye_sistemy_i_protravochnye_geli","piece","KZT","","","false","Публичная карточка каталога СТОМир; цена и наличие требуют подтверждения поставщиком."
"stomir","ТОО СТОМир","https://stomir.kz/catalog/bondingovye_adgezivnye_sistemy_i_protravochnye_geli/210611043258","1401394","Адгезив светового отверждения Latebond-LC","LaTus","bondingovye_adgezivnye_sistemy_i_protravochnye_geli","piece","KZT","","","false","Публичная карточка каталога СТОМир; цена и наличие требуют подтверждения поставщиком."
"stomir","ТОО СТОМир","https://stomir.kz/catalog/krovoostanavlivayuschie_sredstva/190626124217","CKS-1","Нить ретракционная №3","","krovoostanavlivayuschie_sredstva","piece","KZT","","","false","Публичная карточка каталога СТОМир; цена и наличие требуют подтверждения поставщиком."
"stomir","ТОО СТОМир","https://stomir.kz/catalog/krovoostanavlivayuschie_sredstva/180703033631","СКТ-5","Нить ретракционная","Hummer - Pak","krovoostanavlivayuschie_sredstva","piece","KZT","","","false","Публичная карточка каталога СТОМир; цена и наличие требуют подтверждения поставщиком."
"stomir","ТОО СТОМир","https://stomir.kz/catalog/krovoostanavlivayuschie_sredstva/180709014002","СКТ-6","Инструмент для закладывания ретракционных нитей","","krovoostanavlivayuschie_sredstva","piece","KZT","","","false","Публичная карточка каталога СТОМир; цена и наличие требуют подтверждения поставщиком."
"stomir","ТОО СТОМир","https://stomir.kz/catalog/krovoostanavlivayuschie_sredstva/190626010456","CKS-2","Нить ретракционная №1","","krovoostanavlivayuschie_sredstva","piece","KZT","","","false","Публичная карточка каталога СТОМир; цена и наличие требуют подтверждения поставщиком."
"stomir","ТОО СТОМир","https://stomir.kz/catalog/krovoostanavlivayuschie_sredstva/190626011026","CKS-3","Нить ретракционная №0","","krovoostanavlivayuschie_sredstva","piece","KZT","","","false","Публичная карточка каталога СТОМир; цена и наличие требуют подтверждения поставщиком."
"stomir","ТОО СТОМир","https://stomir.kz/catalog/krovoostanavlivayuschie_sredstva/190626011328","CKS-4","Нить ретракционная №2","","krovoostanavlivayuschie_sredstva","piece","KZT","","","false","Публичная карточка каталога СТОМир; цена и наличие требуют подтверждения поставщиком."
"stomir","ТОО СТОМир","https://stomir.kz/catalog/krovoostanavlivayuschie_sredstva/190626012824","CKS-5","Нить ретракционная Retricks-Эпи","","krovoostanavlivayuschie_sredstva","piece","KZT","","","false","Публичная карточка каталога СТОМир; цена и наличие требуют подтверждения поставщиком."
"stomir","ТОО СТОМир","https://stomir.kz/catalog/krovoostanavlivayuschie_sredstva/190626014411","CKS-6","Альванес порошок 7г","ВладМиВа","krovoostanavlivayuschie_sredstva","piece","KZT","","","false","Публичная карточка каталога СТОМир; цена и наличие требуют подтверждения поставщиком."
"stomir","ТОО СТОМир","https://stomir.kz/catalog/krovoostanavlivayuschie_sredstva/190626014811","CKS-7","Альванес паста 20 г","ВладМиВа","krovoostanavlivayuschie_sredstva","piece","KZT","","","false","Публичная карточка каталога СТОМир; цена и наличие требуют подтверждения поставщиком."
"stomir","ТОО СТОМир","https://stomir.kz/catalog/krovoostanavlivayuschie_sredstva/190626020133","CKS-8","Альванес, гемостатическая губка с хлоргексидином и метронидазолом","ВладМиВа","krovoostanavlivayuschie_sredstva","piece","KZT","","","false","Публичная карточка каталога СТОМир; цена и наличие требуют подтверждения поставщиком."
"stomir","ТОО СТОМир","https://stomir.kz/catalog/krovoostanavlivayuschie_sredstva/190626020738","CKS-9","Альванес губка с линкомицином","ВладМиВа","krovoostanavlivayuschie_sredstva","piece","KZT","","","false","Публичная карточка каталога СТОМир; цена и наличие требуют подтверждения поставщиком."
"stomir","ТОО СТОМир","https://stomir.kz/catalog/krovoostanavlivayuschie_sredstva/190626021830","CKS-10","Альванес губка с йодоформом","ВладМиВа","krovoostanavlivayuschie_sredstva","piece","KZT","","","false","Публичная карточка каталога СТОМир; цена и наличие требуют подтверждения поставщиком."
"stomir","ТОО СТОМир","https://stomir.kz/catalog/cementy/170220052008","CKT","Цемион-Ф","ВладМиВа","cementy","piece","KZT","","","false","Публичная карточка каталога СТОМир; цена и наличие требуют подтверждения поставщиком."
"stomir","ТОО СТОМир","https://stomir.kz/catalog/cementy/180724041447","СКТ-131","Цемент стеклоиономерный","","cementy","piece","KZT","","","false","Публичная карточка каталога СТОМир; цена и наличие требуют подтверждения поставщиком."
"stomir","ТОО СТОМир","https://stomir.kz/catalog/anesteziruyuschie_sredstva_i_igly/181113044626","1400090","Артикаин с адреналином","ЗАО Бинергия","anesteziruyuschie_sredstva_i_igly","piece","KZT","","","false","Публичная карточка каталога СТОМир; цена и наличие требуют подтверждения поставщиком."
"stomir","ТОО СТОМир","https://stomir.kz/catalog/anesteziruyuschie_sredstva_i_igly/181113044739","1400091","Артикаин с адреналином форте","ЗАО Бинергия","anesteziruyuschie_sredstva_i_igly","piece","KZT","","","false","Публичная карточка каталога СТОМир; цена и наличие требуют подтверждения поставщиком."
"stomir","ТОО СТОМир","https://stomir.kz/catalog/anesteziruyuschie_sredstva_i_igly/181113045342","CKB-217","Шприц карпульный","","anesteziruyuschie_sredstva_i_igly","piece","KZT","","","false","Публичная карточка каталога СТОМир; цена и наличие требуют подтверждения поставщиком."
"stomir","ТОО СТОМир","https://stomir.kz/catalog/terapevticheskie_stomatologicheskie_instrumenty_i_aksessuary/181112021820","CKB-187","Гладилка серповидная","","terapevticheskie_stomatologicheskie_instrumenty_i_aksessuary","piece","KZT","","","false","Публичная карточка каталога СТОМир; цена и наличие требуют подтверждения поставщиком."
"stomir","ТОО СТОМир","https://stomir.kz/catalog/terapevticheskie_stomatologicheskie_instrumenty_i_aksessuary/181112022157","CKB-188","Гладилка шаровидная","","terapevticheskie_stomatologicheskie_instrumenty_i_aksessuary","piece","KZT","","","false","Публичная карточка каталога СТОМир; цена и наличие требуют подтверждения поставщиком."
"stomir","ТОО СТОМир","https://stomir.kz/catalog/terapevticheskie_stomatologicheskie_instrumenty_i_aksessuary/181112023452","CKB-183","Экскаватор","","terapevticheskie_stomatologicheskie_instrumenty_i_aksessuary","piece","KZT","","","false","Публичная карточка каталога СТОМир; цена и наличие требуют подтверждения поставщиком."
"stomir","ТОО СТОМир","https://stomir.kz/catalog/terapevticheskie_stomatologicheskie_instrumenty_i_aksessuary/181112024216","CKB-190","Зеркало без ручки","","terapevticheskie_stomatologicheskie_instrumenty_i_aksessuary","piece","KZT","","","false","Публичная карточка каталога СТОМир; цена и наличие требуют подтверждения поставщиком."
"stomir","ТОО СТОМир","https://stomir.kz/catalog/terapevticheskie_stomatologicheskie_instrumenty_i_aksessuary/181112024624","CKB-191","Пинцет стоматологический","","terapevticheskie_stomatologicheskie_instrumenty_i_aksessuary","piece","KZT","","","false","Публичная карточка каталога СТОМир; цена и наличие требуют подтверждения поставщиком."
"stomir","ТОО СТОМир","https://stomir.kz/catalog/terapevticheskie_stomatologicheskie_instrumenty_i_aksessuary/181112031252","CKB-192","Зажим изогнутый (москит)","","terapevticheskie_stomatologicheskie_instrumenty_i_aksessuary","piece","KZT","","","false","Публичная карточка каталога СТОМир; цена и наличие требуют подтверждения поставщиком."
"stomir","ТОО СТОМир","https://stomir.kz/catalog/terapevticheskie_stomatologicheskie_instrumenty_i_aksessuary/181112031547","CKB-193","Зажим прямой (москит)","","terapevticheskie_stomatologicheskie_instrumenty_i_aksessuary","piece","KZT","","","false","Публичная карточка каталога СТОМир; цена и наличие требуют подтверждения поставщиком."
"stomir","ТОО СТОМир","https://stomir.kz/catalog/terapevticheskie_stomatologicheskie_instrumenty_i_aksessuary/181112032338","CKB-194","Чашки Петри","","terapevticheskie_stomatologicheskie_instrumenty_i_aksessuary","piece","KZT","","","false","Публичная карточка каталога СТОМир; цена и наличие требуют подтверждения поставщиком."
"stomir","ТОО СТОМир","https://stomir.kz/catalog/terapevticheskie_stomatologicheskie_instrumenty_i_aksessuary/181112033259","CKB-195","Эндокольцо","IMD","terapevticheskie_stomatologicheskie_instrumenty_i_aksessuary","piece","KZT","","","false","Публичная карточка каталога СТОМир; цена и наличие требуют подтверждения поставщиком."
"stomir","ТОО СТОМир","https://stomir.kz/catalog/terapevticheskie_stomatologicheskie_instrumenty_i_aksessuary/181112040633","CKB-199","Штопфер-гладилка","","terapevticheskie_stomatologicheskie_instrumenty_i_aksessuary","piece","KZT","","","false","Публичная карточка каталога СТОМир; цена и наличие требуют подтверждения поставщиком."
"stomir","ТОО СТОМир","https://stomir.kz/catalog/terapevticheskie_stomatologicheskie_instrumenty_i_aksessuary/181112041812","CKB-200","Зонд терапевтический","","terapevticheskie_stomatologicheskie_instrumenty_i_aksessuary","piece","KZT","","","false","Публичная карточка каталога СТОМир; цена и наличие требуют подтверждения поставщиком."
"stomir","ТОО СТОМир","https://stomir.kz/catalog/terapevticheskie_stomatologicheskie_instrumenty_i_aksessuary/190627010347","CKS-21","Гладилка дистальная- штопфер","","terapevticheskie_stomatologicheskie_instrumenty_i_aksessuary","piece","KZT","","","false","Публичная карточка каталога СТОМир; цена и наличие требуют подтверждения поставщиком."
"stomir","ТОО СТОМир","https://stomir.kz/catalog/terapevticheskie_stomatologicheskie_instrumenty_i_aksessuary/190627011135","CKS-22","Штопфер шаровидный","","terapevticheskie_stomatologicheskie_instrumenty_i_aksessuary","piece","KZT","","","false","Публичная карточка каталога СТОМир; цена и наличие требуют подтверждения поставщиком."
"stomir","ТОО СТОМир","https://stomir.kz/catalog/terapevticheskie_stomatologicheskie_instrumenty_i_aksessuary/190627012131","CKS-23","Ручка для стоматологических зеркал","","terapevticheskie_stomatologicheskie_instrumenty_i_aksessuary","piece","KZT","","","false","Публичная карточка каталога СТОМир; цена и наличие требуют подтверждения поставщиком."
"stomir","ТОО СТОМир","https://stomir.kz/catalog/terapevticheskie_stomatologicheskie_instrumenty_i_aksessuary/190627015203","CKS-26","Лоток стоматологический с крышкой","","terapevticheskie_stomatologicheskie_instrumenty_i_aksessuary","piece","KZT","","","false","Публичная карточка каталога СТОМир; цена и наличие требуют подтверждения поставщиком."
"stomir","ТОО СТОМир","https://stomir.kz/catalog/terapevticheskie_stomatologicheskie_instrumenty_i_aksessuary/190627022532","CKS-29","Тигель стеклянный","","terapevticheskie_stomatologicheskie_instrumenty_i_aksessuary","piece","KZT","","","false","Публичная карточка каталога СТОМир; цена и наличие требуют подтверждения поставщиком."
"stomir","ТОО СТОМир","https://stomir.kz/catalog/terapevticheskie_stomatologicheskie_instrumenty_i_aksessuary/190627023758","CKS-30","Стекло для замешивания без лунок","ВладМиВа","terapevticheskie_stomatologicheskie_instrumenty_i_aksessuary","piece","KZT","","","false","Публичная карточка каталога СТОМир; цена и наличие требуют подтверждения поставщиком."
"stomir","ТОО СТОМир","https://stomir.kz/catalog/terapevticheskie_stomatologicheskie_instrumenty_i_aksessuary/190627024249","CKS-31","Стекло для замешивания с 3-мя лунками","ВладМиВа","terapevticheskie_stomatologicheskie_instrumenty_i_aksessuary","piece","KZT","","","false","Публичная карточка каталога СТОМир; цена и наличие требуют подтверждения поставщиком."
"stomir","ТОО СТОМир","https://stomir.kz/catalog/terapevticheskie_stomatologicheskie_instrumenty_i_aksessuary/190628115002","CKS-32","Клинстип","","terapevticheskie_stomatologicheskie_instrumenty_i_aksessuary","piece","KZT","","","false","Публичная карточка каталога СТОМир; цена и наличие требуют подтверждения поставщиком."
"stomir","ТОО СТОМир","https://stomir.kz/catalog/terapevticheskie_stomatologicheskie_instrumenty_i_aksessuary/190628122745","CKS-38","Эндолинейка (Эндоблок)","","terapevticheskie_stomatologicheskie_instrumenty_i_aksessuary","piece","KZT","","","false","Публичная карточка каталога СТОМир; цена и наличие требуют подтверждения поставщиком."
"stomir","ТОО СТОМир","https://stomir.kz/catalog/terapevticheskie_stomatologicheskie_instrumenty/161228024458","CKT","Ретрактор","IMD","terapevticheskie_stomatologicheskie_instrumenty","piece","KZT","","","false","Публичная карточка каталога СТОМир; цена и наличие требуют подтверждения поставщиком."
"stomir","ТОО СТОМир","https://stomir.kz/catalog/terapevticheskie_stomatologicheskie_instrumenty/161228041226","CKD","Ретрактор","IMD","terapevticheskie_stomatologicheskie_instrumenty","piece","KZT","","","false","Публичная карточка каталога СТОМир; цена и наличие требуют подтверждения поставщиком."
"stomir","ТОО СТОМир","https://stomir.kz/catalog/rashodnye_materialy_i_akssesuary_terapevticheskie/170216110657","CKO","Бумага окклюзионная","","rashodnye_materialy_i_akssesuary_terapevticheskie","piece","KZT","","","false","Публичная карточка каталога СТОМир; цена и наличие требуют подтверждения поставщиком."
"stomir","ТОО СТОМир","https://stomir.kz/catalog/rashodnye_materialy_i_akssesuary_terapevticheskie/170216043611","CKT","Абсорбент","Gapadent","rashodnye_materialy_i_akssesuary_terapevticheskie","piece","KZT","","","false","Публичная карточка каталога СТОМир; цена и наличие требуют подтверждения поставщиком."
"stomir","ТОО СТОМир","https://stomir.kz/catalog/rashodnye_materialy_i_akssesuary_terapevticheskie/170216045913","CKT","Анкерные штифты SS","IMD","rashodnye_materialy_i_akssesuary_terapevticheskie","piece","KZT","","","false","Публичная карточка каталога СТОМир; цена и наличие требуют подтверждения поставщиком."
"stomir","ТОО СТОМир","https://stomir.kz/catalog/rashodnye_materialy_i_akssesuary_terapevticheskie/170220095019","CKT","Матрицы замковые","TOP BM","rashodnye_materialy_i_akssesuary_terapevticheskie","piece","KZT","","","false","Публичная карточка каталога СТОМир; цена и наличие требуют подтверждения поставщиком."
"stomir","ТОО СТОМир","https://stomir.kz/catalog/rashodnye_materialy_i_akssesuary_terapevticheskie/170220095349","CKT","Матрицы","Кормед","rashodnye_materialy_i_akssesuary_terapevticheskie","piece","KZT","","","false","Публичная карточка каталога СТОМир; цена и наличие требуют подтверждения поставщиком."
"stomir","ТОО СТОМир","https://stomir.kz/catalog/rashodnye_materialy_i_akssesuary_terapevticheskie/170220095802","CKT","Матрицы с подв.фиксатором","Кормед","rashodnye_materialy_i_akssesuary_terapevticheskie","piece","KZT","","","false","Публичная карточка каталога СТОМир; цена и наличие требуют подтверждения поставщиком."
"stomir","ТОО СТОМир","https://stomir.kz/catalog/rashodnye_materialy_i_akssesuary_terapevticheskie/170220100130","CKT","Клинья деревянные","Кормед","rashodnye_materialy_i_akssesuary_terapevticheskie","piece","KZT","","","false","Публичная карточка каталога СТОМир; цена и наличие требуют подтверждения поставщиком."
"stomir","ТОО СТОМир","https://stomir.kz/catalog/rashodnye_materialy_i_akssesuary_terapevticheskie/170220101813","CKB","Пластины сепарационные","Кормед","rashodnye_materialy_i_akssesuary_terapevticheskie","piece","KZT","","","false","Публичная карточка каталога СТОМир; цена и наличие требуют подтверждения поставщиком."
"stomir","ТОО СТОМир","https://stomir.kz/catalog/rashodnye_materialy_i_aksessuary/181112034425","CKB-196","Прикусной блок","","rashodnye_materialy_i_aksessuary","piece","KZT","","","false","Публичная карточка каталога СТОМир; цена и наличие требуют подтверждения поставщиком."
"stomir","ТОО СТОМир","https://stomir.kz/catalog/rashodnye_materialy_i_aksessuary/181112035417","CKB-197","Держатель для нагрудных салфеток","Кормед","rashodnye_materialy_i_aksessuary","piece","KZT","","","false","Публичная карточка каталога СТОМир; цена и наличие требуют подтверждения поставщиком."
"stomir","ТОО СТОМир","https://stomir.kz/catalog/rashodnye_terapevticheskie_materialy_i_aksessuary/190619012616","CKL-7","Плаггеры","IMD","rashodnye_terapevticheskie_materialy_i_aksessuary","piece","KZT","","","false","Публичная карточка каталога СТОМир; цена и наличие требуют подтверждения поставщиком."
"stomir","ТОО СТОМир","https://stomir.kz/catalog/rashodnye_materialy_i_aksessuary/190628015929","CKS-40","Матрицы для моляров металлические контурные","","rashodnye_materialy_i_aksessuary","piece","KZT","","","false","Публичная карточка каталога СТОМир; цена и наличие требуют подтверждения поставщиком."
"stomir","ТОО СТОМир","https://stomir.kz/catalog/rashodnye_materialy_i_aksessuary/190628020503","CKS-41","Матрицы контурные","","rashodnye_materialy_i_aksessuary","piece","KZT","","","false","Публичная карточка каталога СТОМир; цена и наличие требуют подтверждения поставщиком."
"stomir","ТОО СТОМир","https://stomir.kz/catalog/rashodnye_materialy_i_aksessuary/190628020646","CKS-43","Матрицы секционные","","rashodnye_materialy_i_aksessuary","piece","KZT","","","false","Публичная карточка каталога СТОМир; цена и наличие требуют подтверждения поставщиком."
"stomir","ТОО СТОМир","https://stomir.kz/catalog/rashodnye_materialy_i_aksessuary/190628020915","CKS-44","Матрицы контурные","","rashodnye_materialy_i_aksessuary","piece","KZT","","","false","Публичная карточка каталога СТОМир; цена и наличие требуют подтверждения поставщиком."
"stomir","ТОО СТОМир","https://stomir.kz/catalog/rashodnye_materialy_i_aksessuary/190628021133","CKS-45","Матрицы контурные","","rashodnye_materialy_i_aksessuary","piece","KZT","","","false","Публичная карточка каталога СТОМир; цена и наличие требуют подтверждения поставщиком."
"stomir","ТОО СТОМир","https://stomir.kz/catalog/rashodnye_materialy_i_aksessuary/190628022117","CKS-46","Матрицы металлические","","rashodnye_materialy_i_aksessuary","piece","KZT","","","false","Публичная карточка каталога СТОМир; цена и наличие требуют подтверждения поставщиком."
"stomir","ТОО СТОМир","https://stomir.kz/catalog/rashodnye_materialy_i_aksessuary/190628022336","CKS-47","Матрицы металлические","","rashodnye_materialy_i_aksessuary","piece","KZT","","","false","Публичная карточка каталога СТОМир; цена и наличие требуют подтверждения поставщиком."
"stomir","ТОО СТОМир","https://stomir.kz/catalog/rashodnye_materialy_i_aksessuary/190628022518","CKS-48","Матрицы металлические","","rashodnye_materialy_i_aksessuary","piece","KZT","","","false","Публичная карточка каталога СТОМир; цена и наличие требуют подтверждения поставщиком."
"stomir","ТОО СТОМир","https://stomir.kz/catalog/rashodnye_materialy_i_aksessuary/190628022948","CKS-49","Матрицы металлические 35 мкм 50 мкм","","rashodnye_materialy_i_aksessuary","piece","KZT","","","false","Публичная карточка каталога СТОМир; цена и наличие требуют подтверждения поставщиком."
"stomir","ТОО СТОМир","https://stomir.kz/catalog/rashodnye_materialy_i_aksessuary/190628023624","CKS-50","Матрицы контурные секционные малые с выступом","","rashodnye_materialy_i_aksessuary","piece","KZT","","","false","Публичная карточка каталога СТОМир; цена и наличие требуют подтверждения поставщиком."
"stomir","ТОО СТОМир","https://stomir.kz/catalog/rashodnye_terapevticheskie_materialy_i_aksessuary/190619011059","CKL-3","Каналонаполнители","IMD","rashodnye_terapevticheskie_materialy_i_aksessuary","piece","KZT","","","false","Публичная карточка каталога СТОМир; цена и наличие требуют подтверждения поставщиком."
"stomir","ТОО СТОМир","https://stomir.kz/catalog/endododonticheskie_instrumenty/170216025413","CKT","Gates Drills","NIC","endododonticheskie_instrumenty","piece","KZT","","","false","Публичная карточка каталога СТОМир; цена и наличие требуют подтверждения поставщиком."
"stomir","ТОО СТОМир","https://stomir.kz/catalog/rashodnye_terapevticheskie_materialy_i_aksessuary/190619125947","CKL-2","Каналонаполнители","NIC","rashodnye_terapevticheskie_materialy_i_aksessuary","piece","KZT","","","false","Публичная карточка каталога СТОМир; цена и наличие требуют подтверждения поставщиком."
"stomir","ТОО СТОМир","https://stomir.kz/catalog/rashodnye_terapevticheskie_materialy_i_aksessuary/190619011905","CKL-5","Пульпоэкстракторы одноразовые","","rashodnye_terapevticheskie_materialy_i_aksessuary","piece","KZT","","","false","Публичная карточка каталога СТОМир; цена и наличие требуют подтверждения поставщиком."
"stomir","ТОО СТОМир","https://stomir.kz/catalog/rashodnye_terapevticheskie_materialy_i_aksessuary/190619012156","CKL-6","Пьезо-римеры","NIC","rashodnye_terapevticheskie_materialy_i_aksessuary","piece","KZT","","","false","Публичная карточка каталога СТОМир; цена и наличие требуют подтверждения поставщиком."
"stomir","ТОО СТОМир","https://stomir.kz/catalog/rashodnye_terapevticheskie_materialy_i_aksessuary/190619012807","CKL-8","Спридеры ручные","IMD","rashodnye_terapevticheskie_materialy_i_aksessuary","piece","KZT","","","false","Публичная карточка каталога СТОМир; цена и наличие требуют подтверждения поставщиком."
"stomir","ТОО СТОМир","https://stomir.kz/catalog/rashodnye_terapevticheskie_materialy_i_aksessuary/190619013754","CKL-9","Файлы ручные","IMD","rashodnye_terapevticheskie_materialy_i_aksessuary","piece","KZT","","","false","Публичная карточка каталога СТОМир; цена и наличие требуют подтверждения поставщиком."
"stomir","ТОО СТОМир","https://stomir.kz/catalog/rashodnye_terapevticheskie_materialy_i_aksessuary/190619014153","CKL-10","файлы ручные","IMD","rashodnye_terapevticheskie_materialy_i_aksessuary","piece","KZT","","","false","Публичная карточка каталога СТОМир; цена и наличие требуют подтверждения поставщиком."
"stomir","ТОО СТОМир","https://stomir.kz/catalog/rashodnye_terapevticheskie_materialy_i_aksessuary/190619014633","CKL-11","Файлы ручные","NIC","rashodnye_terapevticheskie_materialy_i_aksessuary","piece","KZT","","","false","Публичная карточка каталога СТОМир; цена и наличие требуют подтверждения поставщиком."
"stomir","ТОО СТОМир","https://stomir.kz/catalog/rashodnye_terapevticheskie_materialy_i_aksessuary/190619014831","CKL-12","Файлы ручные","NIC","rashodnye_terapevticheskie_materialy_i_aksessuary","piece","KZT","","","false","Публичная карточка каталога СТОМир; цена и наличие требуют подтверждения поставщиком."
"stomir","ТОО СТОМир","https://stomir.kz/catalog/rashodnye_terapevticheskie_materialy_i_aksessuary/190619015212","CKL-13","Файлы машинные","IMD","rashodnye_terapevticheskie_materialy_i_aksessuary","piece","KZT","","","false","Публичная карточка каталога СТОМир; цена и наличие требуют подтверждения поставщиком."
"stomir","ТОО СТОМир","https://stomir.kz/catalog/rashodnye_terapevticheskie_materialy_i_aksessuary/190619015649","CKL-14","Файлы машинные","IMD","rashodnye_terapevticheskie_materialy_i_aksessuary","piece","KZT","","","false","Публичная карточка каталога СТОМир; цена и наличие требуют подтверждения поставщиком."
"stomir","ТОО СТОМир","https://stomir.kz/catalog/rashodnye_terapevticheskie_materialy_i_aksessuary/190619020349","CKL-15","Протейперы машинные","NIC","rashodnye_terapevticheskie_materialy_i_aksessuary","piece","KZT","","","false","Публичная карточка каталога СТОМир; цена и наличие требуют подтверждения поставщиком."
"stomir","ТОО СТОМир","https://stomir.kz/catalog/rashodnye_terapevticheskie_materialy_i_aksessuary/190619020618","CKL-16","Протейперы","IMD","rashodnye_terapevticheskie_materialy_i_aksessuary","piece","KZT","","","false","Публичная карточка каталога СТОМир; цена и наличие требуют подтверждения поставщиком."
"stomir","ТОО СТОМир","https://stomir.kz/catalog/rashodnye_terapevticheskie_materialy_i_aksessuary/190619020939","CKL-17","Протейперы машинные","","rashodnye_terapevticheskie_materialy_i_aksessuary","piece","KZT","","","false","Публичная карточка каталога СТОМир; цена и наличие требуют подтверждения поставщиком."
"stomir","ТОО СТОМир","https://stomir.kz/catalog/rashodnye_terapevticheskie_materialy_i_aksessuary/190619021151","CKL-18","Протейперы машинные","IMD","rashodnye_terapevticheskie_materialy_i_aksessuary","piece","KZT","","","false","Публичная карточка каталога СТОМир; цена и наличие требуют подтверждения поставщиком."
"stomir","ТОО СТОМир","https://stomir.kz/catalog/rashodnye_terapevticheskie_materialy_i_aksessuary/190619021331","CKL-19","Римеры ручные","IMD","rashodnye_terapevticheskie_materialy_i_aksessuary","piece","KZT","","","false","Публичная карточка каталога СТОМир; цена и наличие требуют подтверждения поставщиком."
"stomir","ТОО СТОМир","https://stomir.kz/catalog/rashodnye_terapevticheskie_materialy_i_aksessuary/190619021919","CKL-20","Эндобокс металический","","rashodnye_terapevticheskie_materialy_i_aksessuary","piece","KZT","","","false","Публичная карточка каталога СТОМир; цена и наличие требуют подтверждения поставщиком."
"stomir","ТОО СТОМир","https://stomir.kz/catalog/rashodnye_terapevticheskie_materialy_i_aksessuary/190619022224","CKL-21","Эндоиглы для промывание каналов","","rashodnye_terapevticheskie_materialy_i_aksessuary","piece","KZT","","","false","Публичная карточка каталога СТОМир; цена и наличие требуют подтверждения поставщиком."
"stomir","ТОО СТОМир","https://stomir.kz/catalog/rashodnye_terapevticheskie_materialy_i_aksessuary/190619022534","CKL-22","Эндоиглы для промывания каналов","","rashodnye_terapevticheskie_materialy_i_aksessuary","piece","KZT","","","false","Публичная карточка каталога СТОМир; цена и наличие требуют подтверждения поставщиком."
"stomir","ТОО СТОМир","https://stomir.kz/catalog/stomatologicheskoe_oborudovanie/170217111300","CKL","Портативная бормашина STRONG","Saeshin","stomatologicheskoe_oborudovanie","piece","KZT","","","false","Публичная карточка каталога СТОМир; цена и наличие требуют подтверждения поставщиком."
"stomir","ТОО СТОМир","https://stomir.kz/catalog/bory/170217124008","CKT","Боры NIC","NIC","bory","piece","KZT","","","false","Публичная карточка каталога СТОМир; цена и наличие требуют подтверждения поставщиком."
"stomir","ТОО СТОМир","https://stomir.kz/catalog/bory/170221012658","СKT","Боры TOBOOM","TOBOOM","bory","piece","KZT","","","false","Публичная карточка каталога СТОМир; цена и наличие требуют подтверждения поставщиком."
"stomir","ТОО СТОМир","https://stomir.kz/catalog/bory/170222030559","CKL","Боры алмазные TOBOOM","TOBOOM","bory","piece","KZT","","","false","Публичная карточка каталога СТОМир; цена и наличие требуют подтверждения поставщиком."
"stomir","ТОО СТОМир","https://stomir.kz/catalog/instrumenty_ortodonticheskie./190611115326","CKS-350","инструмент для самолигирующих","","instrumenty_ortodonticheskie.","piece","KZT","","","false","Публичная карточка каталога СТОМир; цена и наличие требуют подтверждения поставщиком."
"stomir","ТОО СТОМир","https://stomir.kz/catalog/instrumenty_ortodonticheskie./190611022305","CKS-366","пинцет обратный, средний","","instrumenty_ortodonticheskie.","piece","KZT","","","false","Публичная карточка каталога СТОМир; цена и наличие требуют подтверждения поставщиком."
"stomir","ТОО СТОМир","https://stomir.kz/catalog/instrumenty_ortodonticheskie./190611025502","CKS-375","Позиционер для установки брекетов","","instrumenty_ortodonticheskie.","piece","KZT","","","false","Публичная карточка каталога СТОМир; цена и наличие требуют подтверждения поставщиком."
"stomir","ТОО СТОМир","https://stomir.kz/catalog/instrumenty_ortodonticheskie./190611025948","CKS-376","Подставка для дуг","","instrumenty_ortodonticheskie.","piece","KZT","","","false","Публичная карточка каталога СТОМир; цена и наличие требуют подтверждения поставщиком."
"stomir","ТОО СТОМир","https://stomir.kz/catalog/aksessuary_i_prochee/170220093020","CKB","Лигатура эластичная","","aksessuary_i_prochee","piece","KZT","","","false","Публичная карточка каталога СТОМир; цена и наличие требуют подтверждения поставщиком."
"stomir","ТОО СТОМир","https://stomir.kz/catalog/aksessuary_i_prochee/190611012602","CKS","крючки ортодонтические","IMD","aksessuary_i_prochee","piece","KZT","","","false","Публичная карточка каталога СТОМир; цена и наличие требуют подтверждения поставщиком."
"stomir","ТОО СТОМир","https://stomir.kz/catalog/aksessuary_i_prochee/190611014259","CKS-360","Лигатуры металлические","IMD","aksessuary_i_prochee","piece","KZT","","","false","Публичная карточка каталога СТОМир; цена и наличие требуют подтверждения поставщиком."
"stomir","ТОО СТОМир","https://stomir.kz/catalog/aksessuary_i_prochee/190611015136","CKS-361","Лигатура сепарационная","IMD","aksessuary_i_prochee","piece","KZT","","","false","Публичная карточка каталога СТОМир; цена и наличие требуют подтверждения поставщиком."
"stomir","ТОО СТОМир","https://stomir.kz/catalog/aksessuary_i_prochee/190611015447","CKS-362","Лигатуры эластичные, 24 колечек","IMD","aksessuary_i_prochee","piece","KZT","","","false","Публичная карточка каталога СТОМир; цена и наличие требуют подтверждения поставщиком."
"stomir","ТОО СТОМир","https://stomir.kz/catalog/mikrovinty_ortodonticheskie_mini_implanty/190611010333","CKS-352","Кнопки ортодонтические, рифленые","IMD","mikrovinty_ortodonticheskie_mini_implanty","piece","KZT","","","false","Публичная карточка каталога СТОМир; цена и наличие требуют подтверждения поставщиком."
"stomir","ТОО СТОМир","https://stomir.kz/catalog/rashodnye_ortodonticheskie_materialy/181109121911","CKB-145","Дуги NITI","IMD","rashodnye_ortodonticheskie_materialy","piece","KZT","","","false","Публичная карточка каталога СТОМир; цена и наличие требуют подтверждения поставщиком."
"stomir","ТОО СТОМир","https://stomir.kz/catalog/rashodnye_ortodonticheskie_materialy/190528013037","CKB-146","Дуги NITI","IMD","rashodnye_ortodonticheskie_materialy","piece","KZT","","","false","Публичная карточка каталога СТОМир; цена и наличие требуют подтверждения поставщиком."
"stomir","ТОО СТОМир","https://stomir.kz/catalog/rashodnye_ortodonticheskie_materialy/190528020331","CKB-147","Дуги RCS","IMD","rashodnye_ortodonticheskie_materialy","piece","KZT","","","false","Публичная карточка каталога СТОМир; цена и наличие требуют подтверждения поставщиком."
"stomir","ТОО СТОМир","https://stomir.kz/catalog/rashodnye_ortodonticheskie_materialy/190528021639","CKB-148","Дуги RCS","IMD","rashodnye_ortodonticheskie_materialy","piece","KZT","","","false","Публичная карточка каталога СТОМир; цена и наличие требуют подтверждения поставщиком."
"stomir","ТОО СТОМир","https://stomir.kz/catalog/rashodnye_ortodonticheskie_materialy/190528023742","CKB-149","Дуги SS","IMD","rashodnye_ortodonticheskie_materialy","piece","KZT","","","false","Публичная карточка каталога СТОМир; цена и наличие требуют подтверждения поставщиком."
"stomir","ТОО СТОМир","https://stomir.kz/catalog/rashodnye_ortodonticheskie_materialy/190528024856","CKB-150","Дуги SS","IMD","rashodnye_ortodonticheskie_materialy","piece","KZT","","","false","Публичная карточка каталога СТОМир; цена и наличие требуют подтверждения поставщиком."
"stomir","ТОО СТОМир","https://stomir.kz/catalog/rashodnye_ortodonticheskie_materialy/190528030911","СKB-151","Дуги CU-Alloy","IMD","rashodnye_ortodonticheskie_materialy","piece","KZT","","","false","Публичная карточка каталога СТОМир; цена и наличие требуют подтверждения поставщиком."
"stomir","ТОО СТОМир","https://stomir.kz/catalog/rashodnye_ortodonticheskie_materialy/190531121436","CKB-152","Дуги CU-Alloy","IMD","rashodnye_ortodonticheskie_materialy","piece","KZT","","","false","Публичная карточка каталога СТОМир; цена и наличие требуют подтверждения поставщиком."
"stomir","ТОО СТОМир","https://stomir.kz/catalog/rashodnye_ortodonticheskie_materialy/190531122907","CKB-153","Дуга облицовочная NITI","NIC","rashodnye_ortodonticheskie_materialy","piece","KZT","","","false","Публичная карточка каталога СТОМир; цена и наличие требуют подтверждения поставщиком."
"stomir","ТОО СТОМир","https://stomir.kz/catalog/rashodnye_ortodonticheskie_materialy/190531123544","CKB-154","Дуга облицовочная NITI","NIC","rashodnye_ortodonticheskie_materialy","piece","KZT","","","false","Публичная карточка каталога СТОМир; цена и наличие требуют подтверждения поставщиком."
"stomir","ТОО СТОМир","https://stomir.kz/catalog/rashodnye_ortodonticheskie_materialy/190531124050","CKB-155","Дуга облицовочная SS","NIC","rashodnye_ortodonticheskie_materialy","piece","KZT","","","false","Публичная карточка каталога СТОМир; цена и наличие требуют подтверждения поставщиком."
"stomir","ТОО СТОМир","https://stomir.kz/catalog/rashodnye_ortodonticheskie_materialy/190531124427","CKB-156","Дуга облицовочная SS","NIC","rashodnye_ortodonticheskie_materialy","piece","KZT","","","false","Публичная карточка каталога СТОМир; цена и наличие требуют подтверждения поставщиком."
"stomir","ТОО СТОМир","https://stomir.kz/catalog/rashodnye_ortodonticheskie_materialy/190612121410","CKS-379","Проволока ортодонтическая, 50 гр.","","rashodnye_ortodonticheskie_materialy","piece","KZT","","","false","Публичная карточка каталога СТОМир; цена и наличие требуют подтверждения поставщиком."
"stomir","ТОО СТОМир","https://stomir.kz/catalog/breket-sistema/170223015731","CKB","Брекеты керамические самолигирующие","IMD","breket-sistema","piece","KZT","","","false","Публичная карточка каталога СТОМир; цена и наличие требуют подтверждения поставщиком."
"stomir","ТОО СТОМир","https://stomir.kz/catalog/breket-sistema/170223023330","CKB","Брекеты керамические","Aes","breket-sistema","piece","KZT","","","false","Публичная карточка каталога СТОМир; цена и наличие требуют подтверждения поставщиком."
"stomir","ТОО СТОМир","https://stomir.kz/catalog/breket-sistema/181109040128","CKB-174","Брекеты сапфировые","","breket-sistema","piece","KZT","","","false","Публичная карточка каталога СТОМир; цена и наличие требуют подтверждения поставщиком."
"stomir","ТОО СТОМир","https://stomir.kz/catalog/breket-sistema/181029125430","CKB-101","Брекеты металлические","IMD","breket-sistema","piece","KZT","","","false","Публичная карточка каталога СТОМир; цена и наличие требуют подтверждения поставщиком."
"stomir","ТОО СТОМир","https://stomir.kz/catalog/breket-sistema/181203112431","CKB-236","Брекеты керамические Rose Roth","","breket-sistema","piece","KZT","","","false","Публичная карточка каталога СТОМир; цена и наличие требуют подтверждения поставщиком."
"stomir","ТОО СТОМир","https://stomir.kz/catalog/breket-sistema/181203112656","CKB-237","Брекеты пластиковые Eva Resin Bracket","","breket-sistema","piece","KZT","","","false","Публичная карточка каталога СТОМир; цена и наличие требуют подтверждения поставщиком."
"stomir","ТОО СТОМир","https://stomir.kz/catalog/breket-sistema/181203113418","CKB-238","Брекеты керамические, самолигирующие Venus","","breket-sistema","piece","KZT","","","false","Публичная карточка каталога СТОМир; цена и наличие требуют подтверждения поставщиком."
"stomir","ТОО СТОМир","https://stomir.kz/catalog/sredstva_zaschity_i_gigieny_odnorazovye_nabory_i_instrumenty/161213125606","CKD","Маски","","sredstva_zaschity_i_gigieny_odnorazovye_nabory_i_instrumenty","piece","KZT","","","false","Публичная карточка каталога СТОМир; цена и наличие требуют подтверждения поставщиком."
