"canonicalProductId","canonicalVariantId","canonicalProductName","canonicalBrand","canonicalManufacturer","canonicalCategory","canonicalSourceUrl","sourceEvidenceStatus","supplierSku","supplierProductName","price","currency","stock","warehouse","leadTimeDays","availableFrom","licenseDocumentUrl","rowAction"
"approved-026a8d9361e70dccf214dc61","approved-026a8d9361e70dccf214dc61-variant-683c14a00a1eb09df57d67ca","Абсорбирующие бумажные штифты Gapadent","Gapadent","Tianjin Gapadent Co., Ltd.","","https://stomir.kz/catalog/rashodnye_materialy_i_akssesuary_terapevticheskie/170216043611","PUBLIC_SOURCE_REQUIRES_SUPPLIER_CONFIRMATION","","","","KZT","","","","","","CONFIRM_AND_FILL_COMMERCIAL_DATA"
"approved-026a8d9361e70dccf214dc61","approved-026a8d9361e70dccf214dc61-variant-023e720d48bea70b06090ba1","Абсорбирующие бумажные штифты Gapadent","Gapadent","Tianjin Gapadent Co., Ltd.","","https://stomir.kz/catalog/rashodnye_materialy_i_akssesuary_terapevticheskie/170216043611","PUBLIC_SOURCE_REQUIRES_SUPPLIER_CONFIRMATION","","","","KZT","","","","","","CONFIRM_AND_FILL_COMMERCIAL_DATA"
"approved-026a8d9361e70dccf214dc61","approved-026a8d9361e70dccf214dc61-variant-2b8cd071f2b3fa01889b2a89","Абсорбирующие бумажные штифты Gapadent","Gapadent","Tianjin Gapadent Co., Ltd.","","https://stomir.kz/catalog/rashodnye_materialy_i_akssesuary_terapevticheskie/170216043611","PUBLIC_SOURCE_REQUIRES_SUPPLIER_CONFIRMATION","","","","KZT","","","","","","CONFIRM_AND_FILL_COMMERCIAL_DATA"
"approved-026a8d9361e70dccf214dc61","approved-026a8d9361e70dccf214dc61-variant-4148930cb540897a5f4a5474","Абсорбирующие бумажные штифты Gapadent","Gapadent","Tianjin Gapadent Co., Ltd.","","https://stomir.kz/catalog/rashodnye_materialy_i_akssesuary_terapevticheskie/170216043611","PUBLIC_SOURCE_REQUIRES_SUPPLIER_CONFIRMATION","","","","KZT","","","","","","CONFIRM_AND_FILL_COMMERCIAL_DATA"
"approved-026a8d9361e70dccf214dc61","approved-026a8d9361e70dccf214dc61-variant-e1a4f1a06a769bea4b2b1a10","Абсорбирующие бумажные штифты Gapadent","Gapadent","Tianjin Gapadent Co., Ltd.","","https://stomir.kz/catalog/rashodnye_materialy_i_akssesuary_terapevticheskie/170216043611","PUBLIC_SOURCE_REQUIRES_SUPPLIER_CONFIRMATION","","","","KZT","","","","","","CONFIRM_AND_FILL_COMMERCIAL_DATA"
"approved-026a8d9361e70dccf214dc61","approved-026a8d9361e70dccf214dc61-variant-e74a653d94d29b6df0bb3cd0","Абсорбирующие бумажные штифты Gapadent","Gapadent","Tianjin Gapadent Co., Ltd.","","https://stomir.kz/catalog/rashodnye_materialy_i_akssesuary_terapevticheskie/170216043611","PUBLIC_SOURCE_REQUIRES_SUPPLIER_CONFIRMATION","","","","KZT","","","","","","CONFIRM_AND_FILL_COMMERCIAL_DATA"
"public-366fe51b2e170778314a8bd5","public-366fe51b2e170778314a8bd5-variant-default","Адгезив светового отверждения CharmBond","DentKist","","","https://stomir.kz/","PUBLIC_SOURCE_REQUIRES_SUPPLIER_CONFIRMATION","","","","KZT","","","","","","CONFIRM_AND_FILL_COMMERCIAL_DATA"
"approved-70d368b872dabe2098760c43","approved-70d368b872dabe2098760c43-variant-5c838cf922eea1d621f93199","Брекеты керамические","Aes","Aes","","https://stomir.kz/catalog/breket-sistema/170223023330","PUBLIC_SOURCE_REQUIRES_SUPPLIER_CONFIRMATION","","","","KZT","","","","","","CONFIRM_AND_FILL_COMMERCIAL_DATA"
"public-6d25a5fb6bf60dd18bec89ea","public-6d25a5fb6bf60dd18bec89ea-variant-default","Брекеты металлические","IMD","","","https://stomir.kz/","PUBLIC_SOURCE_REQUIRES_SUPPLIER_CONFIRMATION","","","","KZT","","","","","","CONFIRM_AND_FILL_COMMERCIAL_DATA"
"public-a86d50ba7ec257f64c212c40","public-a86d50ba7ec257f64c212c40-variant-default","Брекеты сапфировые","","","","https://stomir.kz/","PUBLIC_SOURCE_REQUIRES_SUPPLIER_CONFIRMATION","","","","KZT","","","","","","CONFIRM_AND_FILL_COMMERCIAL_DATA"
"public-6cd0323d869343d1d1e6d8b1","public-6cd0323d869343d1d1e6d8b1-variant-default","Дуга облицовочная NITI","NIC","","","https://stomir.kz/","PUBLIC_SOURCE_REQUIRES_SUPPLIER_CONFIRMATION","","","","KZT","","","","","","CONFIRM_AND_FILL_COMMERCIAL_DATA"
"public-a68096afa2b7a7114bb7eba6","public-a68096afa2b7a7114bb7eba6-variant-default","Дуга облицовочная SS","NIC","","","https://stomir.kz/","PUBLIC_SOURCE_REQUIRES_SUPPLIER_CONFIRMATION","","","","KZT","","","","","","CONFIRM_AND_FILL_COMMERCIAL_DATA"
"public-d03b79bf3d2f6e624075927c","public-d03b79bf3d2f6e624075927c-variant-default","Дуга CU-Alloy","IMD","","","https://stomir.kz/","PUBLIC_SOURCE_REQUIRES_SUPPLIER_CONFIRMATION","","","","KZT","","","","","","CONFIRM_AND_FILL_COMMERCIAL_DATA"
"public-9fe9031a0176051267006ce0","public-9fe9031a0176051267006ce0-variant-default","Дуга SS круглая","IMD","","","https://stomir.kz/","PUBLIC_SOURCE_REQUIRES_SUPPLIER_CONFIRMATION","","","","KZT","","","","","","CONFIRM_AND_FILL_COMMERCIAL_DATA"
"public-1501c7be9d3d6ce23911413b","public-1501c7be9d3d6ce23911413b-variant-default","Дуга SS прямоугольная","IMD","","","https://stomir.kz/","PUBLIC_SOURCE_REQUIRES_SUPPLIER_CONFIRMATION","","","","KZT","","","","","","CONFIRM_AND_FILL_COMMERCIAL_DATA"
"public-25081a14e656d40e1ea09cbe","public-25081a14e656d40e1ea09cbe-variant-default","Дуги NITI Super Elastic","IMD","","","https://stomir.kz/","PUBLIC_SOURCE_REQUIRES_SUPPLIER_CONFIRMATION","","","","KZT","","","","","","CONFIRM_AND_FILL_COMMERCIAL_DATA"
"public-58f9957f23128bc051c68572","public-58f9957f23128bc051c68572-variant-default","Дуги NITI Super Elastic Square","IMD","","","https://stomir.kz/","PUBLIC_SOURCE_REQUIRES_SUPPLIER_CONFIRMATION","","","","KZT","","","","","","CONFIRM_AND_FILL_COMMERCIAL_DATA"
"public-e49be21a2a7b0fa15ef077d9","public-e49be21a2a7b0fa15ef077d9-variant-default","Дуги RCS Wires CKB-147","IMD","","","https://stomir.kz/","PUBLIC_SOURCE_REQUIRES_SUPPLIER_CONFIRMATION","","","","KZT","","","","","","CONFIRM_AND_FILL_COMMERCIAL_DATA"
"public-abb0dda794cb3f6f120b7d79","public-abb0dda794cb3f6f120b7d79-variant-default","Дуги RCS Wires CKB-148","IMD","","","https://stomir.kz/","PUBLIC_SOURCE_REQUIRES_SUPPLIER_CONFIRMATION","","","","KZT","","","","","","CONFIRM_AND_FILL_COMMERCIAL_DATA"
"public-82892668ea94f7c6b61f0366","public-82892668ea94f7c6b61f0366-variant-default","Зажим Мэтью с мелкой крестообразной насечкой","","","","https://stomir.kz/","PUBLIC_SOURCE_REQUIRES_SUPPLIER_CONFIRMATION","","","","KZT","","","","","","CONFIRM_AND_FILL_COMMERCIAL_DATA"
"public-2dc5da17bb0d7ec472144604","public-2dc5da17bb0d7ec472144604-variant-default","Инструмент для закладывания ретракционных нитей","","","","https://stomir.kz/","PUBLIC_SOURCE_REQUIRES_SUPPLIER_CONFIRMATION","","","","KZT","","","","","","CONFIRM_AND_FILL_COMMERCIAL_DATA"
"public-35a7ffc10663d63775a57652","public-35a7ffc10663d63775a57652-variant-default","Комплект стоматологический №2","ZT Dental","","","https://stomir.kz/","PUBLIC_SOURCE_REQUIRES_SUPPLIER_CONFIRMATION","","","","KZT","","","","","","CONFIRM_AND_FILL_COMMERCIAL_DATA"
"public-9f5db56fed871e40d608d335","public-9f5db56fed871e40d608d335-variant-default","Материал Quicks Flow Blue","DentKist","","","https://stomir.kz/","PUBLIC_SOURCE_REQUIRES_SUPPLIER_CONFIRMATION","","","","KZT","","","","","","CONFIRM_AND_FILL_COMMERCIAL_DATA"
"public-e2f89b2681f52abcb6eeb451","public-e2f89b2681f52abcb6eeb451-variant-default","Набор нанокомпозитов CharmFil Plus Kit","DentKist","","","https://stomir.kz/","PUBLIC_SOURCE_REQUIRES_SUPPLIER_CONFIRMATION","","","","KZT","","","","","","CONFIRM_AND_FILL_COMMERCIAL_DATA"
"public-42859ac3e14c58b05e4fe562","public-42859ac3e14c58b05e4fe562-variant-default","Нить ретракционная HUMMER-PAK","Hummer-Pak","","","https://stomir.kz/","PUBLIC_SOURCE_REQUIRES_SUPPLIER_CONFIRMATION","","","","KZT","","","","","","CONFIRM_AND_FILL_COMMERCIAL_DATA"
"public-de46e045a4de6b8a4ba56ce4","public-de46e045a4de6b8a4ba56ce4-variant-default","Протравочный гель CharmEtch-35 HV","DentKist","","","https://stomir.kz/","PUBLIC_SOURCE_REQUIRES_SUPPLIER_CONFIRMATION","","","","KZT","","","","","","CONFIRM_AND_FILL_COMMERCIAL_DATA"
"public-7aeac3e835ce86139521e22b","public-7aeac3e835ce86139521e22b-variant-default","Ретейнер","","","","https://stomir.kz/","PUBLIC_SOURCE_REQUIRES_SUPPLIER_CONFIRMATION","","","","KZT","","","","","","CONFIRM_AND_FILL_COMMERCIAL_DATA"
"approved-7c037fe1fb53a1c397a9f5b9","approved-7c037fe1fb53a1c397a9f5b9-variant-810af48a6b058addbf751501","Скальпель одноразовый","BIOLA","BIOLA","","https://stomir.kz/catalog/odnorazovaya_produkciya/161213040549","PUBLIC_SOURCE_REQUIRES_SUPPLIER_CONFIRMATION","","","","KZT","","","","","","CONFIRM_AND_FILL_COMMERCIAL_DATA"
"public-5016d8892ff452035ba7fd5b","public-5016d8892ff452035ba7fd5b-variant-default","Тхерафил-21","LaTus","","","https://stomir.kz/","PUBLIC_SOURCE_REQUIRES_SUPPLIER_CONFIRMATION","","","","KZT","","","","","","CONFIRM_AND_FILL_COMMERCIAL_DATA"
"public-2592648733ef9f948bcf0e23","public-2592648733ef9f948bcf0e23-variant-default","Тхерафил-31","LaTus","","","https://stomir.kz/","PUBLIC_SOURCE_REQUIRES_SUPPLIER_CONFIRMATION","","","","KZT","","","","","","CONFIRM_AND_FILL_COMMERCIAL_DATA"
"public-f065d48068674b26349deb86","public-f065d48068674b26349deb86-variant-default","Универсальный нанокомпозит CharmFil Plus UO","DentKist","","","https://stomir.kz/","PUBLIC_SOURCE_REQUIRES_SUPPLIER_CONFIRMATION","","","","KZT","","","","","","CONFIRM_AND_FILL_COMMERCIAL_DATA"
"public-17714dbd3ec23b949c9be02f","public-17714dbd3ec23b949c9be02f-variant-default","Цемент стеклоиономерный","","","","https://stomir.kz/","PUBLIC_SOURCE_REQUIRES_SUPPLIER_CONFIRMATION","","","","KZT","","","","","","CONFIRM_AND_FILL_COMMERCIAL_DATA"
"public-4a853c7c92ef810e9c9231af","public-4a853c7c92ef810e9c9231af-variant-default","Чашки Петри","","","","https://stomir.kz/","PUBLIC_SOURCE_REQUIRES_SUPPLIER_CONFIRMATION","","","","KZT","","","","","","CONFIRM_AND_FILL_COMMERCIAL_DATA"
"public-264731ff8ee02696c3503330","public-264731ff8ee02696c3503330-variant-default","Эндокольцо","IMD","","","https://stomir.kz/","PUBLIC_SOURCE_REQUIRES_SUPPLIER_CONFIRMATION","","","","KZT","","","","","","CONFIRM_AND_FILL_COMMERCIAL_DATA"
"public-e25054e223eeb203780a070f","public-e25054e223eeb203780a070f-variant-b2cdef2b90d29c6714b8492d","CharmFil Plus","DentKist","DentKist","","https://stomir.kz/","PUBLIC_SOURCE_REQUIRES_SUPPLIER_CONFIRMATION","","","","KZT","","","","","","CONFIRM_AND_FILL_COMMERCIAL_DATA"
"public-e25054e223eeb203780a070f","public-e25054e223eeb203780a070f-variant-bbe9930a14957ebbdcefdeec","CharmFil Plus","DentKist","DentKist","","https://stomir.kz/","PUBLIC_SOURCE_REQUIRES_SUPPLIER_CONFIRMATION","","","","KZT","","","","","","CONFIRM_AND_FILL_COMMERCIAL_DATA"
"public-e25054e223eeb203780a070f","public-e25054e223eeb203780a070f-variant-98e5df43e0c7f8a29a5bafbe","CharmFil Plus","DentKist","DentKist","","https://stomir.kz/","PUBLIC_SOURCE_REQUIRES_SUPPLIER_CONFIRMATION","","","","KZT","","","","","","CONFIRM_AND_FILL_COMMERCIAL_DATA"
"public-7844b1400ea9586e26fd010e","public-7844b1400ea9586e26fd010e-variant-default","LATELUX системный набор","LaTus","","","https://stomir.kz/","PUBLIC_SOURCE_REQUIRES_SUPPLIER_CONFIRMATION","","","","KZT","","","","","","CONFIRM_AND_FILL_COMMERCIAL_DATA"
"public-6cfa9a1f66c1159a7cdf05b8","public-6cfa9a1f66c1159a7cdf05b8-variant-3247ad1650bc3fb694d54c67","Latelux Flow","LaTus","LaTus","","https://stomir.kz/","PUBLIC_SOURCE_REQUIRES_SUPPLIER_CONFIRMATION","","","","KZT","","","","","","CONFIRM_AND_FILL_COMMERCIAL_DATA"
"public-6cfa9a1f66c1159a7cdf05b8","public-6cfa9a1f66c1159a7cdf05b8-variant-b4c0727a64caedc819825f00","Latelux Flow","LaTus","LaTus","","https://stomir.kz/","PUBLIC_SOURCE_REQUIRES_SUPPLIER_CONFIRMATION","","","","KZT","","","","","","CONFIRM_AND_FILL_COMMERCIAL_DATA"
"public-6cfa9a1f66c1159a7cdf05b8","public-6cfa9a1f66c1159a7cdf05b8-variant-9d11916d4c18b97b0ae691e1","Latelux Flow","LaTus","LaTus","","https://stomir.kz/","PUBLIC_SOURCE_REQUIRES_SUPPLIER_CONFIRMATION","","","","KZT","","","","","","CONFIRM_AND_FILL_COMMERCIAL_DATA"
