sourcePageUrl,sourceImageUrl,productName,rightsStatus
https://dental-market.kz/catalog/analog-for-printed-model,https://dental-market.kz/products/alphabio/1540/screenshot-1.png,Analog for printed model,public_exact_product_source
https://dental-market.kz/catalog/closed-tray-transfer-chc,https://dental-market.kz/products/alphabio/1545/closed-tray-transfer-chc.png,Closed Tray Transfer CHC,public_exact_product_source
https://dental-market.kz/catalog/long-open-tray-transfer-chc,https://dental-market.kz/products/alphabio/1546/open-tray-transfer.png,Long Open Tray Transfer CHC,public_exact_product_source
https://dental-market.kz/catalog/nylon-cap-with-titanium-ring,https://dental-market.kz/products/alphabio/1543/nylon-cap-with-titanium-ring.png,Nylon Cap with Titanium Ring,public_exact_product_source
https://dental-market.kz/catalog/preface-compatible-blank-abutment-ih,https://dental-market.kz/products/alphabio/1502/pre-milled-blank-ih.png,PreFace Compatible Blank abutment – IH,public_exact_product_source
https://dental-market.kz/catalog/preface-compatible-blank-abutment-cs,https://dental-market.kz/products/alphabio/1494/pre-milled-blank-cs.png,PreFace Compatible Blank abutment CS,public_exact_product_source
https://dental-market.kz/catalog/pro-analog-for-tct-n,https://dental-market.kz/products/alphabio/1538/pro-analog-for-tct-n.png,Pro Analog for TCT-N,public_exact_product_source
https://dental-market.kz/catalog/pro-fixation-screw-sf-n,https://dental-market.kz/products/alphabio/1437/pro-fixation-torqfit-screw-sft-n.png,Pro Fixation Screw SF-N,public_exact_product_source
https://dental-market.kz/catalog/retrieval-screw,https://dental-market.kz/products/alphabio/1446/prosthetic-screw-stlas-cement-retained-ih.png,Retrieval Screw,public_exact_product_source
https://dental-market.kz/catalog/retrieval-screw-chc,https://dental-market.kz/products/alphabio/1448/retrieval-screw.png,Retrieval Screw CHC,public_exact_product_source
https://dental-market.kz/catalog/scan-abutment-chc-implants,https://dental-market.kz/products/alphabio/1507/dual-use-scan-body-chc.png,Scan Abutment - CHC implants,public_exact_product_source
https://dental-market.kz/catalog/scan-abutment-internal-hex-implants,https://dental-market.kz/products/alphabio/1625/scan-body-r-et-ar-h-10mm.png,Scan Abutment - Internal Hex implants,public_exact_product_source
https://dental-market.kz/catalog/screw-for-direct-mounting-on-screw-retain,https://dental-market.kz/products/alphabio/1442/screw-tct-n-for-direct-mounting.png,Screw for direct mounting on screw retain,public_exact_product_source
https://dental-market.kz/catalog/sirona-cad-cam-scan-post,https://dental-market.kz/products/alphabio/1500/scan-post-ih.png,Sirona CAD/CAM Scan Post,public_exact_product_source
https://dental-market.kz/catalog/sirona-cad-cam-scan-post-chc,https://dental-market.kz/products/alphabio/1501/sirona-scan-post-chc.png,Sirona CAD/CAM Scan Post CHC,public_exact_product_source
https://dental-market.kz/catalog/sirona-cad-cam-ti-base,https://dental-market.kz/products/alphabio/1498/ti-base-ih.png,Sirona CAD/CAM Ti Base,public_exact_product_source
https://dental-market.kz/catalog/sirona-cad-cam-ti-base-chc,https://dental-market.kz/products/alphabio/1499/ti-base-chc.png,Sirona CAD/CAM Ti Base CHC,public_exact_product_source
https://dental-market.kz/catalog/sirona-cad-cam-ti-base-cs,https://dental-market.kz/products/alphabio/1496/sirona-ti-base-cs.png,Sirona CAD/CAM Ti Base CS,public_exact_product_source
https://dental-market.kz/catalog/stopper-surgical-kit,https://dental-market.kz/products/alphabio/1628/stopper-kit.png,Stopper Surgical Kit,public_exact_product_source
https://dental-market.kz/catalog/wide-cad-cam-ti-base,https://dental-market.kz/products/alphabio/1505/wide-ti-base-engaged-ih.png,Wide CAD/CAM Ti Base,public_exact_product_source
https://dental-market.kz/catalog/wide-preface-compatible-blank-abutment-ih,https://dental-market.kz/products/alphabio/1503/wide-pre-milled-blanks-ih-with-screw.png,Wide PreFace Compatible Blank abutment – IH,public_exact_product_source
https://dental-market.kz/catalog/wide-preface-compatible-blank-abutment-cs,https://dental-market.kz/products/alphabio/1495/pre-milled-blank-wide-cs.png,Wide PreFace Compatible Blank abutment CS,public_exact_product_source
https://dental-market.kz/catalog/wide-straight-titanium-abutment,https://dental-market.kz/products/alphabio/1459/wide-profile-abutments-ih.png,Wide Straight Titanium Abutment,public_exact_product_source
https://www.bisco.com/intraoral-repair-kit/,https://cdn11.bigcommerce.com/s-4xfcjqmnan/products/444/images/489/bisco-dental-products-intraoral-repair-kit__39393.1730388091.386.513.jpg?c=1,Intraoral Repair Kit,public_exact_product_source
https://www.bisco.com/theracal-lc/,https://cdn11.bigcommerce.com/s-4xfcjqmnan/products/448/images/497/bisco_dental_products_calcium__0002_TheraCalLC_4_Pack_Syringe_with_Box__74386.1754489288.386.513.jpg?c=1,TheraCal LC®,public_exact_product_source
https://www.bisco.com/uni-etch/,https://cdn11.bigcommerce.com/s-4xfcjqmnan/products/480/images/632/BISCO_Dental_Products_Etchant_Uni-Etch__60303.1741882812.386.513.jpg?c=1,Uni-Etch®,public_exact_product_source
https://revyline.kz/zubnye-shchetki/manulnye/detskaya_zubnaya_schetka_revyline_baby_s3900_rozovaya_soft,https://revyline.kz/image/cache/catalog/7068/6275_1-(5)-1000x1000.jpg,Детская зубная щетка Revyline Baby S3900,public_exact_product_source
https://revyline.kz/zubnye-shchetki/manulnye/detskaya_zubnaya_schetka_revyline_lamakids_ot_3_do_12_let_golubaya,https://revyline.kz/image/cache/catalog/7778/p7778_1698911990-1000x1000.jpg,"Детская зубная щетка Revyline LamaKids, от 3 до 12 лет",public_exact_product_source
https://revyline.kz/zubnye-shchetki/manulnye/detskaya-zubnaya-schetka-revyline-sheep-3-s-pesochnymi-chasami-golubaya,https://revyline.kz/image/cache/catalog/9471/9471_1-1000x1000.jpg,Детская зубная щетка Revyline Sheep 3+ с песочными часами,public_exact_product_source
https://revyline.kz/aksessuary/dorozhnye_chehly/dorozhnaya-kosmetichka-prozrachnaya-golubaya,https://revyline.kz/image/cache/catalog/9524/9524_1-1000x1000.jpg,"Дорожная косметичка прозрачная, голубая",public_exact_product_source
https://revyline.kz/aksessuary/dorozhnye_chehly/dorozhnaya-kosmetichka-prozrachnaya-zheltaya,https://revyline.kz/image/cache/catalog/9525/9525_1-1000x1000.jpg,"Дорожная косметичка прозрачная, желтая",public_exact_product_source
https://revyline.kz/profilaktika/ershik_mezhzubnoy_revyline_razmer_l_1_sht,https://revyline.kz/image/cache/catalog/7167/7167_l-1000x1000.jpg,"Ершик межзубный Revyline, размер L, 1 шт.",public_exact_product_source
https://revyline.kz/profilaktika/ershik_mezhzubnoy_revyline_razmer_m_1_sht,https://revyline.kz/image/cache/catalog/7166/7166_m-1000x1000.jpg,"Ершик межзубный Revyline, размер M, 1 шт.",public_exact_product_source
https://revyline.kz/profilaktika/ershiki-mezhzubnye-revyline-m-12-mm-6-sht,https://revyline.kz/image/cache/catalog/5743/p5743_1696514193-1000x1000.jpg,"Ершики межзубные Revyline M 1.2 мм, 6 шт",public_exact_product_source
https://revyline.kz/profilaktika/ershiki-mezhzubnye-revyline-s-10-mm-6-sht,https://revyline.kz/image/cache/catalog/5744/p5744_1696514222-1000x1000.jpg,"Ершики межзубные Revyline S 1.0 мм, 6 шт.",public_exact_product_source
https://revyline.kz/profilaktika/ershiki-mezhzubnye-revyline-smart-l-type-razmer-0-0-40-mm-rozovye-6-sht,https://revyline.kz/image/cache/catalog/9572/9572_1-1000x1000.jpg,Ершики межзубные Revyline Smart L-type,public_exact_product_source
https://revyline.kz/profilaktika/ershiki-mezhzubnye-revyline-smart-razmer-0-0-40-mm-rozovye-6-sht,https://revyline.kz/image/cache/catalog/9276/9276-01-1000x1000.jpg,"Ершики межзубные Revyline Smart, размер 0 (0,40 мм) розовые, 6 шт.",public_exact_product_source
https://revyline.kz/profilaktika/ershiki-mezhzubnye-revyline-smart-razmer-1-0-45-mm-oranzhevye-6-sht,https://revyline.kz/image/cache/catalog/9277/9277-01-1000x1000.jpg,"Ершики межзубные Revyline Smart, размер 1 (0,45 мм) оранжевые, 6 шт.",public_exact_product_source
https://revyline.kz/profilaktika/ershiki-mezhzubnye-revyline-smart-razmer-2-0-50-mm-krasnye-6-sht,https://revyline.kz/image/cache/catalog/9278/9278-01-1000x1000.jpg,"Ершики межзубные Revyline Smart, размер 2 (0,50 мм) красные, 6 шт.",public_exact_product_source
https://revyline.kz/profilaktika/ershiki-mezhzubnye-revyline-smart-razmer-3-0-60-mm-golubye-6-sht,https://revyline.kz/image/cache/catalog/9279/9279-01-1000x1000.jpg,"Ершики межзубные Revyline Smart, размер 3 (0,60 мм) голубые, 6 шт.",public_exact_product_source
https://revyline.kz/profilaktika/ershiki-mezhzubnye-revyline-ssss-06-mm-6-sht,https://revyline.kz/image/cache/catalog/5747/5747-1000x1000.jpg,"Ершики межзубные Revyline SSSS 0.6 мм, 6 шт",public_exact_product_source
https://revyline.kz/profilaktika/zubnye_niti/zubnaja-nit-voshhenaja-revyline-nejlon-mjatnaja-50m,https://revyline.kz/image/cache/catalog/6022/6022_01_oz-1000x1000.jpg,"Зубная нить вощеная Revyline нейлон, мятная, 50 м",public_exact_product_source
https://revyline.kz/profilaktika/zubnye_niti/zubnaya-nit-voshenaya-revyline-ptfe-black-rabbit-special-edition-myatnaya-5,https://revyline.kz/image/cache/catalog/5519/5519-1-1000x1000.jpg,"Зубная нить вощеная Revyline PTFE Black Edition, мятная, 50 м",public_exact_product_source
https://revyline.kz/profilaktika/zubnaya_nit_revyline_840d_expanding_floss_neylon_voschenaya_50_m,https://revyline.kz/image/cache/catalog/6269/6269-1000x1000.jpg,"Зубная нить Revyline 840D Expanding floss нейлон, вощеная, 50 m",public_exact_product_source
https://revyline.kz/profilaktika/zubnaya_nit_revyline_neylon_voschenaya_bubble_gum_50_m,https://revyline.kz/image/cache/catalog/7405/7405-1-1000x1000.jpg,"Зубная нить Revyline нейлон, вощеная, Bubble Gum, 50 м",public_exact_product_source
https://revyline.kz/profilaktika/zubnaya-nit-revyline-neylon-myatnaya-voschenaya-s-hlorgeksidinom-30-m,https://revyline.kz/image/cache/catalog/9447/9447_1-1000x1000.jpg,"Зубная нить Revyline нейлон, мятная, вощеная с хлоргексидином, 30 м",public_exact_product_source
https://revyline.kz/profilaktika/zubnaya_nit_revyline_neylon_nevoschenaya_50_m,https://revyline.kz/image/cache/catalog/6415/6415_oz-1000x1000.jpg,"Зубная нить Revyline нейлон, невощеная, 50 m",public_exact_product_source
https://revyline.kz/profilaktika/zubnaya_nit_revyline_perfect_apel_sin_30_m,https://revyline.kz/image/cache/catalog/8248/8248%201-1000x1000.jpg,Зубная нить Revyline Perfect,public_exact_product_source
https://revyline.kz/profilaktika/zubnaya-nit-revyline-ptfe-smart-ruby-bubble-gum-50-m,https://revyline.kz/image/cache/catalog/7406/7406-1-1000x1000.jpg,"Зубная нить Revyline PTFE Special Color Edition, Bubble Gum, 50 м",public_exact_product_source
https://revyline.kz/profilaktika/zubnaya_nit_revyline_smartfloss_nevoschenaya_50_sht,https://revyline.kz/image/cache/catalog/8017/8017-01-1000x1000.jpg,"Зубная нить Revyline SmartFloss невощеная, 50 шт.",public_exact_product_source
https://revyline.kz/pasty/zubnaya_pasta_revyline_chocowhite_100_g,https://revyline.kz/image/cache/catalog/8007/8007+new-1000x1000.jpg,"Зубная паста Revyline ChocoWhite, 100 г",public_exact_product_source
https://revyline.kz/pasty/zubnaya_pasta_revyline_chocowhite_40_g,https://revyline.kz/image/cache/catalog/8395/8395_-1000x1000.jpg,"Зубная паста Revyline ChocoWhite, 40 г",public_exact_product_source
https://revyline.kz/pasty/zubnaya_pasta_revyline_crystal_arbuz_bez_ftora_80_g,https://revyline.kz/image/cache/catalog/9095/9095--01-1000x1000.jpg,Зубная паста Revyline Crystal,public_exact_product_source
https://revyline.kz/pasty/zubnaya_pasta_revyline_organic_detox_100_g,https://revyline.kz/image/cache/catalog/8450/8450-1000x1000.jpg,"Зубная паста Revyline Organic Detox, 100 г",public_exact_product_source
https://revyline.kz/pasty/zubnaya_pasta_revyline_organic_detox_40_g,https://revyline.kz/image/cache/catalog/8465/8465_-1000x1000.jpg,"Зубная паста Revyline Organic Detox, 40 г",public_exact_product_source
https://revyline.kz/pasty/zubnaya_pasta_revyline_perfect_aromatnaya_grusha_40_g,https://revyline.kz/image/cache/catalog/8467/8467_-1000x1000.jpg,Зубная паста Revyline Perfect,public_exact_product_source
https://revyline.kz/pasty/zubnaya_pasta_revyline_perfect_aromatnaya_grusha_100_g,https://revyline.kz/image/cache/catalog/8348/8348-catalog-jam-1-1000x1000.jpg,Зубная паста Revyline Perfect,public_exact_product_source
https://revyline.kz/pasty/zubnaya_pasta_revyline_smart_total_protection_40_g,https://revyline.kz/image/cache/catalog/8464/8464_-1000x1000.jpg,"Зубная паста Revyline Smart Total Protection, 40 г",public_exact_product_source
https://revyline.kz/pasty/zubnaya_pasta_revyline_smoothie_arbuz_s_dozatorom_65g,https://revyline.kz/image/cache/catalog/8502/8502-1000x1000.jpg,Зубная паста Revyline Smoothie,public_exact_product_source
https://revyline.kz/pasty/zubnaya_pasta_swit_by_revyline_s_uglem_100_g,https://revyline.kz/image/cache/catalog/8562/8562_1-1000x1000.jpg,"Зубная паста SWIT by Revyline с углем, 100 г",public_exact_product_source
https://revyline.kz/zubnye-shchetki/manulnye/zubnaya-schetka-revyline-s1200-single-monopuchkovaya-golubaya,https://revyline.kz/image/cache/catalog/9624/9624-head-1x1-1000x1000.jpg,"Зубная щетка Revyline S1200 Single, монопучковая",public_exact_product_source
https://revyline.kz/zubnye-shchetki/manulnye/zubnaya_schetka_revyline_s4000_travel_glass_golubaya,https://revyline.kz/image/cache/catalog/8234/8234_1-1000x1000.jpg,Зубная щетка Revyline S4000 Travel Glass,public_exact_product_source
https://revyline.kz/zubnye-shchetki/manulnye/zubnaya_schetka_revyline_s6000_slim_zheltaya,https://revyline.kz/image/cache/catalog/8057/8057-1000x1000.jpg,Зубная щетка Revyline S6000 Slim,public_exact_product_source
https://revyline.kz/zubnye-shchetki/manulnye/zubnaya-schetka-revyline-s6500-crystal-aquamarine,https://revyline.kz/image/cache/catalog/9440/9440-catalog-1-1000x1000.jpg,Зубная щетка Revyline S6500 Crystal Aquamarine,public_exact_product_source
https://revyline.kz/zubnye-shchetki/manulnye/zubnaya-schetka-revyline-s6500-crystal-malachite,https://revyline.kz/image/cache/catalog/9441/9441-catalog-1-1000x1000.jpg,Зубная щетка Revyline S6500 Crystal Malachite,public_exact_product_source
https://revyline.kz/zubnye-shchetki/manulnye/zubnaya-schetka-revyline-s6500-crystal-ortho-aquamarine,https://revyline.kz/image/cache/catalog/9444/9444-catalog-1-1000x1000.jpg,Зубная щетка Revyline S6500 Crystal Ortho Aquamarine,public_exact_product_source
https://revyline.kz/zubnye-shchetki/manulnye/zubnaya-schetka-revyline-s6500-crystal-ortho-malachite,https://revyline.kz/image/cache/catalog/9445/9445-catalog-1-1000x1000.jpg,Зубная щетка Revyline S6500 Crystal Ortho Malachite,public_exact_product_source
https://revyline.kz/zubnye-shchetki/manulnye/zubnaya-schetka-revyline-s6500-crystal-ortho-ruby,https://revyline.kz/image/cache/catalog/9443/9443-catalog-1-1x1-1000x1000.jpg,Зубная щетка Revyline S6500 Crystal Ortho Ruby,public_exact_product_source
https://revyline.kz/zubnye-shchetki/manulnye/zubnaya-schetka-revyline-s6500-crystal-ortho-topaz,https://revyline.kz/image/cache/catalog/9442/9442-catalog-1-1000x1000.jpg,Зубная щетка Revyline S6500 Crystal Ortho Topaz,public_exact_product_source
https://revyline.kz/zubnye-shchetki/manulnye/zubnaya-schetka-revyline-s6500-crystal-ruby,https://revyline.kz/image/cache/catalog/9439/9439-catalog-1-1000x1000.jpg,Зубная щетка Revyline S6500 Crystal Ruby,public_exact_product_source
https://revyline.kz/zubnye-shchetki/manulnye/zubnaya-schetka-revyline-s6500-crystal-topaz,https://revyline.kz/image/cache/catalog/9438/9438-catalog-1-1000x1000.jpg,Зубная щетка Revyline S6500 Crystal Topaz,public_exact_product_source
https://revyline.kz/zubnye-shchetki/manulnye/zubnaya-schetka-revyline-sm1000-interspace-monopuchkovaya-belaya,https://revyline.kz/image/cache/catalog/9604/9604_1-1000x1000.jpg,"Зубная щетка Revyline SM1000 interspace, монопучковая",public_exact_product_source
https://revyline.kz/zubnye-shchetki/manulnye/zubnaya-schetka-revyline-sm1000-single-monopuchkovaya-crocus,https://revyline.kz/image/cache/catalog/9261/9261-01-1000x1000.jpg,Зубная щетка Revyline SM1000 Single монопучковая,public_exact_product_source
https://revyline.kz/zubnye-shchetki/manulnye/zubnaya-schetka-revyline-sm6000-ortho-zheltaya-rozovaya-golubaya,https://revyline.kz/image/cache/catalog/9255/9255_01-1000x1000.jpg,Зубная щетка Revyline SM6000 Ortho,public_exact_product_source
https://revyline.kz/zubnye-shchetki/manulnye/zubnaya_schetka_revyline_sm6000_pro_golubaya_-_salatovaya_myagkaya,https://revyline.kz/image/cache/catalog/6948/6948-1000x1000.jpg,Зубная щетка Revyline SM6000 PRO,public_exact_product_source
https://revyline.kz/zubnye-shchetki/manulnye/zubnaya_schetka_revyline_sm6000_smart_zheltaya_-_krasnaya_myagkaya,https://revyline.kz/image/cache/catalog/6934/6934_1-1000x1000.jpg,Зубная щетка Revyline SM6000 Smart,public_exact_product_source
https://revyline.kz/profilaktika/zubochistka_s_nit_yu_revyline_200_sht_,https://revyline.kz/image/cache/catalog/7897/7897_1-1000x1000.jpg,"Зубочистка с нитью, флосстик Revyline, 200 шт.",public_exact_product_source
https://revyline.kz/profilaktika/zubochistka-ershik_revyline_razmer_l_20_sht_,https://revyline.kz/image/cache/catalog/7741/p7741_1696578316-1000x1000.jpg,"Зубочистка-ёршик Revyline размер L, 20 шт.",public_exact_product_source
https://revyline.kz/profilaktika/zubochistka-ershik_revyline_8_sht,https://revyline.kz/image/cache/catalog/7119/NEW%2001.25/7119-3-NEW-1000x1000.jpg,"Зубочистка-ёршик Revyline, 20 шт.",public_exact_product_source
https://revyline.kz/irrigatory/irrigator-revyline-rl-100-black,https://revyline.kz/image/cache/catalog/5180/5180_13-1000x1000.jpg,Ирригатор Revyline RL 100 Black,public_exact_product_source
https://revyline.kz/irrigatory/irrigator_revyline_rl_150,https://revyline.kz/image/cache/catalog/8014/8014_1_1%20(1)-1000x1000.jpg,Ирригатор Revyline RL 150,public_exact_product_source
https://revyline.kz/irrigatory/irrigator-revyline-rl-500-black,https://revyline.kz/image/cache/catalog/5197/5197%20(2)-1000x1000.jpg,Ирригатор Revyline RL 500 Black,public_exact_product_source
https://revyline.kz/profilaktika/koncentrat_revyline_dlya_irrigatora_250_ml,https://revyline.kz/image/cache/catalog/8263/8263_1-1000x1000.jpg,"Концентрат Revyline для ирригатора, 250 мл",public_exact_product_source
https://revyline.kz/aksessuary/kosmetichka-dorozhnaya-velvetovaya-revyline-bezhevaya,https://revyline.kz/image/cache/catalog/9429/9429-catalog-1-1-1000x1000.jpg,"Косметичка дорожная вельветовая Revyline, бежевая",public_exact_product_source
https://revyline.kz/aksessuary/kosmetichka-dorozhnaya-velvetovaya-revyline-golubaya,https://revyline.kz/image/cache/catalog/9428/9428-catalog-1-1-1000x1000.jpg,"Косметичка дорожная вельветовая Revyline, голубая",public_exact_product_source
https://revyline.kz/aksessuary/kosmetichka-dorozhnaya-velvetovaya-revyline-zheltaya,https://revyline.kz/image/cache/catalog/9431/9431-catalog-1-1-1000x1000.jpg,"Косметичка дорожная вельветовая Revyline, желтая",public_exact_product_source
https://revyline.kz/aksessuary/kosmetichka-dorozhnaya-velvetovaya-revyline-zelenaya,https://revyline.kz/image/cache/catalog/9430/9430-catalog-1-1-1000x1000.jpg,"Косметичка дорожная вельветовая Revyline, зеленая",public_exact_product_source
https://revyline.kz/aksessuary/dorozhnye_chehly/kosmetichka-dorozhnaya-revyline-bezhevaya,https://revyline.kz/image/cache/catalog/9096/9096-1000x1000.jpg,"Косметичка дорожная Revyline, бежевая",public_exact_product_source
https://revyline.kz/detyam/ledency-na-palochke-swit-by-revyline-ksilit-extra-grusha-8-sht,https://revyline.kz/image/cache/catalog/9335/9335_1-1000x1000.jpg,"Леденцы на палочке Swit by Revyline Ksilit Extra Груша, 8 шт.",public_exact_product_source
https://revyline.kz/detyam/ledency-na-palochke-swit-by-revyline-ksilit-extra-klubnika-8-sht,https://revyline.kz/image/cache/catalog/9334/9334_1-1000x1000.jpg,"Леденцы на палочке Swit by Revyline Ksilit Extra Клубника, 8 шт.",public_exact_product_source
https://revyline.kz/detyam/ledency-na-palochke-swit-by-revyline-ksilit-extra-persik-8-sht,https://revyline.kz/image/cache/catalog/9336/9336_1-1000x1000.jpg,"Леденцы на палочке Swit by Revyline Ksilit Extra Персик, 8 шт.",public_exact_product_source
https://revyline.kz/detyam/ledency-na-palochke-swit-by-revyline-ksilit-extra-chernika-8-sht,https://revyline.kz/image/cache/catalog/9337/9337_1-1000x1000.jpg,"Леденцы на палочке Swit by Revyline Ksilit Extra Черника, 8 шт.",public_exact_product_source
https://revyline.kz/detyam/ledency-na-palochke-swit-by-revyline-ksilit-extra-mix-8-sht,https://revyline.kz/image/cache/catalog/9338/9338_1-1000x1000.jpg,"Леденцы на палочке Swit by Revyline Ksilit Extra Mix, 8 шт.",public_exact_product_source
https://revyline.kz/profilaktika/nabor_ershikov_revyline_razmer_sss_0_6_mm_6_sht,https://revyline.kz/image/cache/catalog/7013/7273/7273_1-1000x1000.jpg,"Набор ершиков Revyline размер SSS, 0.6 мм, 6 шт.",public_exact_product_source
https://revyline.kz/profilaktika/nabor_zubnyh_past_revyline_perfect_vinograd_grusha_greypfrut_shokolad_4h40_g,https://revyline.kz/image/cache/catalog/8519/8519_2-1000x1000.jpg,"Набор Зубных паст Revyline Perfect Виноград + Груша + Грейпфрут + Шоколад, 4х40 г",public_exact_product_source
https://revyline.kz/zubnye-shchetki/manulnye/nabor-zubnyh-shetok-revyline-s-nanesennoj-zubnoj-pastoj-100,https://revyline.kz/image/cache/catalog/5383/p5383_1697797315-1000x1000.jpg,Набор зубных щеток Revyline с нанесенной зубной пастой (100 шт),public_exact_product_source
https://revyline.kz/zubnye-shchetki/manulnye/nabor-zubnyh-schetok-revyline-bunny-duo-ot-3-let-zheltaya-i-golubaya,https://revyline.kz/image/cache/catalog/9225/9225-catalog-01-1000x1000.jpg,"Набор зубных щеток Revyline Bunny Duo, от 3 лет",public_exact_product_source
https://revyline.kz/zubnye-shchetki/manulnye/nabor_zubnyh_schetok_revyline_perfect_model_no_1_duo_yellow_light_blue,https://revyline.kz/image/cache/catalog/7879/7879-01-1000x1000.jpg,Набор зубных щеток Revyline Perfect 10000 DUO,public_exact_product_source
https://revyline.kz/zubnye-shchetki/manulnye/nabor-zubnyh-schetok-revyline-s6500-smart-duo-green-blue,https://revyline.kz/image/cache/catalog/9607/duo-2-1000x1000.jpg,"Набор зубных щеток Revyline S6500 Smart Duo, Green + Blue",public_exact_product_source
https://revyline.kz/zubnye-shchetki/manulnye/nabor-zubnyh-schetok-revyline-s6500-smart-duo-white-pink-white-blue,https://revyline.kz/image/cache/catalog/9606/duo-1-1000x1000.jpg,"Набор зубных щеток Revyline S6500 Smart Duo, White/Pink + White/Blue",public_exact_product_source
https://revyline.kz/zubnye-shchetki/manulnye/nabor-zubnyh-schetok-revyline-s8000-duo-crystal-emerald-sapphire,https://revyline.kz/image/cache/catalog/9560/9560_0-1000x1000.jpg,"Набор зубных щеток Revyline S8000 Duo Crystal Emerald, Sapphire",public_exact_product_source
https://revyline.kz/zubnye-shchetki/manulnye/nabor-zubnyh-schetok-revyline-s8000-duo-crystal-les,https://revyline.kz/image/cache/catalog/9491/9491_1_1-1000x1000.jpg,Набор зубных щеток Revyline S8000 Duo Crystal Les,public_exact_product_source
https://revyline.kz/zubnye-shchetki/manulnye/nabor-zubnyh-schetok-revyline-s8000-duo-crystal-nebo,https://revyline.kz/image/cache/catalog/9488/9488_1_-1000x1000.jpg,Набор зубных щеток Revyline S8000 Duo Crystal Nebo,public_exact_product_source
https://revyline.kz/zubnye-shchetki/manulnye/nabor-zubnyh-schetok-revyline-s8000-duo-crystal-okean,https://revyline.kz/image/cache/catalog/9489/9489_1_-1000x1000.jpg,Набор зубных щеток Revyline S8000 Duo Crystal Okean,public_exact_product_source
https://revyline.kz/zubnye-shchetki/manulnye/nabor-zubnyh-schetok-revyline-s8000-duo-crystal-pink-sapphire-amethys,https://revyline.kz/image/cache/catalog/9561/9561_0-1000x1000.jpg,"Набор зубных щеток Revyline S8000 Duo Crystal Pink Sapphire, Amethys",public_exact_product_source
https://revyline.kz/zubnye-shchetki/manulnye/nabor-zubnyh-schetok-revyline-s8000-duo-crystal-vulcan,https://revyline.kz/image/cache/catalog/9490/9490_1_-1000x1000.jpg,Набор зубных щеток Revyline S8000 Duo Crystal Vulcan,public_exact_product_source
https://revyline.kz/zubnye-shchetki/manulnye/nabor-zubnyh-shetok-revyline-5000-softmedium-6-sht,https://revyline.kz/image/cache/catalog/5485/5219/5219-novaja-1000x1000.jpg,Набор зубных щеток Revyline SM5000 (6 шт.),public_exact_product_source
https://revyline.kz/zubnye-shchetki/manulnye/nabor_zubnyh_schetok_revyline_sm6000_duo_srocus_socoon,https://revyline.kz/image/cache/catalog/8718/8718-new-1000x1000.jpg,Набор зубных щеток Revyline SM6000 DUO,public_exact_product_source
https://revyline.kz/zubnye-shchetki/manulnye/nabor-zubnyh-schetok-revyline-sm6000-duo-special-color-edition-cloud-dancer,https://revyline.kz/image/cache/catalog/9503/9503_1-1000x1000.jpg,Набор зубных щеток Revyline SM6000 DUO Special Color Edition Cloud Dancer,public_exact_product_source
https://revyline.kz/zubnye-shchetki/manulnye/nabor_zubnyh_schetok_revyline_sm6000_pro_trio_3_sht,https://revyline.kz/image/cache/catalog/7586/7586_oz_01-1000x1000.jpg,"Набор зубных щеток Revyline SM6000 PRO Trio, 3 шт",public_exact_product_source
https://revyline.kz/zubnye-shchetki/manulnye/nabor_zubnyh_schetok_revyline_sm6000_4_sht_,https://revyline.kz/image/cache/catalog/5646/5646-new_1-1000x1000.jpg,Набор зубных щеток Revyline SM6000 Smart (4 шт.),public_exact_product_source
https://revyline.kz/zubnye-shchetki/manulnye/nabor-zubnyh-schetok-revyline-sm6000-smart-duo-raspberry-grey,https://revyline.kz/image/cache/catalog/9609/9609_1-1000x1000.jpg,"Набор зубных щеток Revyline SM6000 Smart Duo, Raspberry + Grey",public_exact_product_source
https://revyline.kz/zubnye-shchetki/manulnye/nabor-zubnyh-schetok-revyline-sm6000-smart-duo-white-black,https://revyline.kz/image/cache/catalog/9608/9608_1-1000x1000.jpg,"Набор зубных щеток Revyline SM6000 Smart Duo, White + Black",public_exact_product_source
https://revyline.kz/zubnye-shchetki/manulnye/nabor-zubnyh-schetok-revyline-sm6000-smart-trio-crocus-misted-marigold-cocoon,https://revyline.kz/image/cache/catalog/9167/2-9167-catalog-new-1000x1000.jpg,Набор зубных щеток Revyline SM6000 Smart Trio,public_exact_product_source
https://revyline.kz/zubnye-shchetki/manulnye/nabor_zubnyh_schetok_revyline_sm6500_duo_crystal_black_,https://revyline.kz/image/cache/catalog/9106/9106-catalog-1-1000x1000.jpg,Набор зубных щеток Revyline SM6500 Duo Crystal,public_exact_product_source
https://revyline.kz/zubnye-shchetki/manulnye/nabor_zubnyh_schetok_swit_by_revyline_sm6000_smart_graphite_,https://revyline.kz/image/cache/catalog/8561/%D0%91%D0%B5%D0%B7-%D0%B8%D0%BC%D0%B5%D0%BD%D0%B8-2-1000x1000.jpg,Набор Зубных щеток SWIT by Revyline SM6000 SMART Graphite & Silver,public_exact_product_source
https://revyline.kz/zubnye-shchetki/elektricheskie/nabor_elektricheskih_zubnyh_schetok_revyline_rl_075_duo_srocus_socoon,https://revyline.kz/image/cache/catalog/8814/8814-catalog-0-1000x1000.jpg,Набор электрических зубных щеток Revyline RL 075 DUO,public_exact_product_source
https://revyline.kz/zubnye-shchetki/nasadki-zubnye-shhetki/nasadka-revyline-rl-010-rozovaya-2-sht,https://revyline.kz/image/cache/catalog/4663/4663_111-1000x1000.jpg,"Насадка Revyline RL 010 розовая, 2 шт.",public_exact_product_source
https://revyline.kz/zubnye-shchetki/nasadki-zubnye-shhetki/nasadka-revyline-rl-020-zheltaya-2-sht,https://revyline.kz/image/cache/catalog/5398/5398_1-1000x1000.jpg,Насадка Revyline RL 020,public_exact_product_source
https://revyline.kz/zubnye-shchetki/nasadki-zubnye-shhetki/nasadka_revyline_rl_025_zelenaya_2_sht_,https://revyline.kz/image/cache/catalog/8402/8402-1%20(1)-1000x1000.jpg,"Насадка Revyline RL 025, зеленая, 2 шт.",public_exact_product_source
https://revyline.kz/zubnye-shchetki/nasadka_revyline_rl_030_soft_belaya_2_sht_,https://revyline.kz/image/cache/catalog/6053/6053_1-1000x1000.jpg,"Насадка Revyline RL 030 soft, белая, 2 шт.",public_exact_product_source
https://revyline.kz/zubnye-shchetki/nasadki-zubnye-shhetki/nasadka_revyline_rl_035_golubaya_2_sht,https://revyline.kz/image/cache/catalog/8197/8197_1-1000x1000.jpg,Насадка Revyline RL 035,public_exact_product_source
https://revyline.kz/zubnye-shchetki/nasadki-zubnye-shhetki/nasadka_revyline_rl_040_belaya_2_sht_1,https://revyline.kz/image/cache/catalog/6550/6550-1000x1000.jpg,"Насадка Revyline RL 040, белая, 2 шт",public_exact_product_source
https://revyline.kz/zubnye-shchetki/nasadki-zubnye-shhetki/nasadka-revyline-rl-044-2-sht,https://revyline.kz/image/cache/catalog/9163/catalog.2jpg-1000x1000.jpg,"Насадка Revyline RL 044, 2 шт.",public_exact_product_source
https://revyline.kz/zubnye-shchetki/nasadki-zubnye-shhetki/nasadka_revyline_rl_045_belaya_2_sht_,https://revyline.kz/image/cache/catalog/8239/8239-1h1-4-1000x1000.jpg,Насадка Revyline RL 045,public_exact_product_source
https://revyline.kz/zubnye-shchetki/nasadka_revyline_rl_050_golubaya_2_sht_,https://revyline.kz/image/cache/catalog/6592/6592-1000x1000.jpg,Насадка Revyline RL 050,public_exact_product_source
https://revyline.kz/zubnye-shchetki/nasadka_revyline_rl_050_kids_salatovaya_2_sht,https://revyline.kz/image/cache/catalog/7958/7958-1-(3)-1000x1000.jpg,"Насадка Revyline RL 050 Kids, салатовая, 2 шт.",public_exact_product_source
https://revyline.kz/zubnye-shchetki/nasadka_revyline_rl_055_golubye_2sht,https://revyline.kz/image/cache/catalog/8244/8244_1_kv%20(3)-1000x1000.jpg,Насадка Revyline RL 055,public_exact_product_source
https://revyline.kz/zubnye-shchetki/nasadki-zubnye-shhetki/nasadka_revyline_rl_060_belaya_2_sht_,https://revyline.kz/image/cache/catalog/7250/7250+-1000x1000.jpg,Насадка Revyline RL 060,public_exact_product_source
https://revyline.kz/zubnye-shchetki/nasadki-zubnye-shhetki/nasadka_revyline_rl_066_biege_2_sht_,https://revyline.kz/image/cache/catalog/9090/9090-01-1000x1000.jpg,Насадка Revyline RL 066,public_exact_product_source
https://revyline.kz/zubnye-shchetki/nasadka_revyline_rl_070_belaya_2_sht,https://revyline.kz/image/cache/catalog/7312/7312_02_oz-1000x1000.jpg,Насадка Revyline RL 070,public_exact_product_source
https://revyline.kz/zubnye-shchetki/nasadki-zubnye-shhetki/nasadka_revyline_rl_075_socoon_2_sht_,https://revyline.kz/image/cache/catalog/9113/9113-catalog-6-1000x1000.jpg,Насадка Revyline RL 075,public_exact_product_source
https://revyline.kz/zubnye-shchetki/nasadki-zubnye-shhetki/nasadka_revyline_rl_080_belaya_2_sht_,https://revyline.kz/image/cache/catalog/8639/8639_2-1000x1000.jpg,"Насадка Revyline RL 080, белая, 2 шт.",public_exact_product_source
https://revyline.kz/zubnye-shchetki/nasadka_revyline_rl_085_belaya_2_sht,https://revyline.kz/image/cache/catalog/8226/8226%20(1)-1000x1000.jpg,Насадка Revyline RL 085,public_exact_product_source
https://revyline.kz/zubnye-shchetki/nasadki-zubnye-shhetki/nasadka-revyline-rl-095-kids-2-sht,https://revyline.kz/image/cache/catalog/9100/1h1-1000x1000.jpg,"Насадка Revyline RL 095 Kids, 2 шт.",public_exact_product_source
https://revyline.kz/zubnye-shchetki/nasadki-zubnye-shhetki/nasadka_swit_by_revyline_rl_090_graphite_2_sht_,https://revyline.kz/image/cache/catalog/8713/8713-01-1000x1000.jpg,Насадка SWIT by Revyline RL 090,public_exact_product_source
https://revyline.kz/irrigatory/nasadki-irrigatori/nasadki-revyline-tip-a-dlya-implantov-2-sht,https://revyline.kz/image/cache/catalog/nasadki_new/4343_1-1000x1000.jpg,"Насадки Revyline тип А для имплантов, 2 шт.",public_exact_product_source
https://revyline.kz/irrigatory/nasadki-irrigatori/nasadki-revyline-tip-a-dlya-yazyka-2-sht,https://revyline.kz/image/cache/catalog/nasadki_new/4213_1-1000x1000.jpg,"Насадки Revyline тип А для языка, 2 шт.",public_exact_product_source
https://revyline.kz/irrigatory/nasadki-irrigatori/nasadki-revyline-tip-a-nazalnye-2-sht,https://revyline.kz/image/cache/catalog/nasadki_new/4519_1-1000x1000.jpg,"Насадки Revyline тип А назальные, 2 шт.",public_exact_product_source
https://revyline.kz/irrigatory/nasadki-irrigatori/nasadki-revyline-tip-a-ortodonticheskie-2-sht,https://revyline.kz/image/cache/catalog/nasadki_new/4342_1-1000x1000.jpg,"Насадки Revyline тип А ортодонтические, 2 шт.",public_exact_product_source
https://revyline.kz/irrigatory/nasadki-irrigatori/nasadki-revyline-tip-a-parodontalnye-2-sht,https://revyline.kz/image/cache/catalog/nasadki_new/4214_1-1000x1000.jpg,"Насадки Revyline тип А пародонтальные, 2 шт.",public_exact_product_source
https://revyline.kz/irrigatory/nasadki-irrigatori/nasadki-dlya-revyline-tip-a-standartnye-2-sht,https://revyline.kz/image/cache/catalog/nasadki_new/4212_1-1000x1000.jpg,"Насадки Revyline тип А стандартные, 2 шт.",public_exact_product_source
https://revyline.kz/irrigatory/nasadki-irrigatori/nasadki-revyline-tip-v-standartnye-2-sht,https://revyline.kz/image/cache/catalog/nasadki_new/4708-1000x1000.jpg,"Насадки Revyline тип В стандартные, 2 шт.",public_exact_product_source
https://revyline.kz/irrigatory/nasadki-irrigatori/nasadki_revyline_rl_150_standartnye_2_sht_,https://revyline.kz/image/cache/catalog/8032/8032-1000x1000.jpg,"Насадки Revyline RL 150 стандартные, 2 шт.",public_exact_product_source
https://revyline.kz/irrigatory/nasadki-irrigatori/nasadki_revyline_rl_410_dlya_yazyka_2_sht,https://revyline.kz/image/cache/catalog/7432/7432_02_oz-1000x1000.jpg,"Насадки Revyline RL 410 для языка, 2 шт.",public_exact_product_source
https://revyline.kz/irrigatory/nasadki-irrigatori/nasadki_revyline_rl_410_parodontologicheskie_2_sht,https://revyline.kz/image/cache/catalog/7431/7431_02_oz-1000x1000.jpg,"Насадки Revyline RL 410 пародонтологические, 2 шт.",public_exact_product_source
https://revyline.kz/irrigatory/nasadki-irrigatori/nasadki_revyline_rl_410_standartnye_2_sht,https://revyline.kz/image/cache/catalog/7429/7429_02_oz-1000x1000.jpg,"Насадки Revyline RL 410 стандартные, 2 шт",public_exact_product_source
https://revyline.kz/irrigatory/nasadki-irrigatori/nasadki_revyline_rl_420_dlya_yazyka_2_sht_,https://revyline.kz/image/cache/catalog/7435/7435_01_oz-1000x1000.jpg,"Насадки Revyline RL 420 для языка, 2 шт.",public_exact_product_source
https://revyline.kz/irrigatory/nasadki-irrigatori/nasadki_revyline_rl_420_parodontologicheskie_2_sht_,https://revyline.kz/image/cache/catalog/7434/7434_01_oz-1000x1000.jpg,"Насадки Revyline RL 420 пародонтологические, 2 шт.",public_exact_product_source
https://revyline.kz/irrigatory/nasadki-irrigatori/nasadki_revyline_rl_420_standartnye_2_sht_,https://revyline.kz/image/cache/catalog/7428/7428_01_oz-1000x1000.jpg,"Насадки Revyline RL 420 стандартные, 2 шт.",public_exact_product_source
https://revyline.kz/irrigatory/nasadki-irrigatori/nasadki_revyline_rl_440_dlya_yazyka_2_sht_,https://revyline.kz/image/cache/catalog/9055/9055-1000x1000.jpg,"Насадки Revyline RL 440 для языка, 2 шт.",public_exact_product_source
https://revyline.kz/irrigatory/nasadki-irrigatori/nasadki_revyline_rl_440_ortodonticheskie_2_sht_,https://revyline.kz/image/cache/catalog/9053/9053-1000x1000.jpg,"Насадки Revyline RL 440 ортодонтические, 2 шт.",public_exact_product_source
https://revyline.kz/irrigatory/nasadki-irrigatori/nasadki_revyline_rl_440_parodontal_nye_2_sht,https://revyline.kz/image/cache/catalog/9054/9054-1000x1000.jpg,"Насадки Revyline RL 440 пародонтальные, 2 шт.",public_exact_product_source
https://revyline.kz/irrigatory/nasadki-irrigatori/nasadki_revyline_rl_440_standartnye_2_sht_,https://revyline.kz/image/cache/catalog/9052/9052-1000x1000.jpg,"Насадки Revyline RL 440 стандартные, 2 шт.",public_exact_product_source
https://revyline.kz/irrigatory/nasadki-irrigatori/nasadki-revyline-rl-450-dlya-yazyka-2-sht,https://revyline.kz/image/cache/catalog/nasadki_new/5190-1000x1000.jpg,"Насадки Revyline RL 450 для языка, 2 шт.",public_exact_product_source
https://revyline.kz/irrigatory/nasadki-irrigatori/nasadki-revyline-rl-450-nazalnye-2-sht,https://revyline.kz/image/cache/catalog/nasadki_new/5189-1000x1000.jpg,"Насадки Revyline RL 450 назальные, 2 шт.",public_exact_product_source
https://revyline.kz/irrigatory/nasadki-irrigatori/nasadki-revyline-rl-450-ortodonticheskie-2-sht,https://revyline.kz/image/cache/catalog/nasadki_new/5191-1000x1000.jpg,"Насадки Revyline RL 450 ортодонтические, 2 шт.",public_exact_product_source
https://revyline.kz/irrigatory/nasadki-irrigatori/nasadki-revyline-rl-450-parodontologicheskie-2-sht,https://revyline.kz/image/cache/catalog/nasadki_new/5192-1000x1000.jpg,"Насадки Revyline RL 450 пародонтологические, 2 шт.",public_exact_product_source
https://revyline.kz/irrigatory/nasadki-irrigatori/nasadki-revyline-rl-450-standartnye-2-sht,https://revyline.kz/image/cache/catalog/5193/5193_01-1000x1000.jpg,"Насадки Revyline RL 450 стандартные, 2 шт.",public_exact_product_source
https://revyline.kz/irrigatory/nasadki-irrigatori/nasadki_revyline_rl_620_dlya_yazyka_2_sht,https://revyline.kz/image/cache/catalog/7463/7463_02_oz-1000x1000.jpg,"Насадки Revyline RL 620 для языка, 2 шт.",public_exact_product_source
https://revyline.kz/irrigatory/nasadki-irrigatori/nasadki_revyline_rl_620_ortodonticheskie_2_sht,https://revyline.kz/image/cache/catalog/7462/7462_02_oz-1000x1000.jpg,"Насадки Revyline RL 620 ортодонтические, 2 шт.",public_exact_product_source
https://revyline.kz/irrigatory/nasadki-irrigatori/nasadki_revyline_rl_620_parodontologicheskie_2_sht,https://revyline.kz/image/cache/catalog/7461/7461_02_oz-1000x1000.jpg,"Насадки Revyline RL 620 пародонтологические, 2 шт.",public_exact_product_source
https://revyline.kz/irrigatory/nasadki-irrigatori/nasadki_revyline_rl_620_standartnye_2_sht,https://revyline.kz/image/cache/catalog/7460/7460_02_oz-1000x1000.jpg,"Насадки Revyline RL 620 стандартные, 2 шт",public_exact_product_source
https://revyline.kz/irrigatory/nasadki-irrigatori/nasadki_revyline_rl_630_standartnye_2_sht,https://revyline.kz/image/cache/catalog/8033/8033_2-1000x1000.jpg,"Насадки Revyline RL 630 стандартные, 2 шт.",public_exact_product_source
https://revyline.kz/irrigatory/nasadki-irrigatori/nasadki_revyline_rl_640_ortodonticheskie_2_sht_,https://revyline.kz/image/cache/catalog/8420/8420-1-1000x1000.jpg,"Насадки Revyline RL 640 ортодонтические, 2 шт.",public_exact_product_source
https://revyline.kz/irrigatory/nasadki-irrigatori/nasadki_revyline_rl_640_parodontologicheskie_2_sht_,https://revyline.kz/image/cache/catalog/8421/8421-1-1000x1000.jpg,"Насадки Revyline RL 640 пародонтологические, 2 шт.",public_exact_product_source
https://revyline.kz/irrigatory/nasadki-irrigatori/nasadki_revyline_rl_640_standartnye_2_sht_,https://revyline.kz/image/cache/catalog/8419/8419-1-1000x1000.jpg,"Насадки Revyline RL 640 стандартные, 2 шт.",public_exact_product_source
https://revyline.kz/irrigatory/nasadki-irrigatori/nasadki_revyline_rl_660_dlya_implantov_2_sht_,https://revyline.kz/image/cache/catalog/6424/6424-1000x1000.jpg,"Насадки Revyline RL 660 для имплантов, 2 шт.",public_exact_product_source
https://revyline.kz/irrigatory/nasadki-irrigatori/nasadki_revyline_rl_660_parodontologicheskie_2_sht_,https://revyline.kz/image/cache/catalog/6422/6422-1000x1000.jpg,"Насадки Revyline RL 660 пародонтологические, 2 шт.",public_exact_product_source
https://revyline.kz/irrigatory/nasadki-irrigatori/nasadki_revyline_rl_660_standartnye_2_sht_,https://revyline.kz/image/cache/catalog/5999/5999-catalog-1-1000x1000.jpg,"Насадки Revyline RL 660/610 стандартные, 2 шт.",public_exact_product_source
https://revyline.kz/irrigatory/nasadki-irrigatori/nasadki-shchetki-revyline-tip-a-2-sht,https://revyline.kz/image/cache/catalog/nasadki_new/4934_1-1000x1000.jpg,"Насадки-щетки Revyline тип А, 2 шт",public_exact_product_source
https://revyline.kz/irrigatory/nasadki-irrigatori/nasadki-shetki-revyline-rl-450-2-sht,https://revyline.kz/image/cache/catalog/nasadki_new/5188-1000x1000.jpg,"Насадки-щетки Revyline RL 450, 2 шт.",public_exact_product_source
https://revyline.kz/profilaktika/opolaskivatel_revyline_otbelivayuschiy_250_ml,https://revyline.kz/image/cache/catalog/8261/8261_1-1000x1000.jpg,"Ополаскиватель Revyline отбеливающий, 250 мл",public_exact_product_source
https://revyline.kz/profilaktika/opolaskivatel_revyline_propolis_250_ml,https://revyline.kz/image/cache/catalog/8262/8262_1-1000x1000.jpg,"Ополаскиватель Revyline Прополис, 250 мл",public_exact_product_source
https://revyline.kz/profilaktika/ortonabor_revyline_dental_kit_v_penale_razmer_s_goluboy,https://revyline.kz/image/cache/catalog/7390/7390_111-1000x1000.jpg,"Ортонабор Revyline Dental Kit в пенале, размер S",public_exact_product_source
https://revyline.kz/aksessuary/paket_podarochnyy_revyline_special_color_edition_green_snake_razmer_m,https://revyline.kz/image/cache/catalog/8516/%D0%BF%D0%B0%D0%BA%D0%B5%D1%82-%D0%B7%D0%BC%D0%B5%D1%8F-(4)-1000x1000.jpg,Пакет подарочный Revyline Special Color Edition,public_exact_product_source
https://revyline.kz/irrigatory/portativnyy_irrigator_d_fresh_by_revyline_df3000_mint,https://revyline.kz/image/cache/catalog/9251/9251_1-1000x1000.jpg,Портативный ирригатор D.Fresh by Revyline DF3000,public_exact_product_source
https://revyline.kz/irrigatory/portativnyy_irrigator_revyline_rl_220_black,https://revyline.kz/image/cache/catalog/7944/7944-%D0%BA%D0%BE%D1%80%D0%BE%D0%B1%D0%BA%D0%B0-%D0%B8-%D0%B8%D1%80%D1%80%D0%B8%D0%B3%D0%B0%D1%82%D0%BE%D1%80-2-1000x1000.jpg,Портативный ирригатор Revyline RL 220,public_exact_product_source
https://revyline.kz/irrigatory/portativnyy-irrigator-revyline-rl-230-black,https://revyline.kz/image/cache/catalog/9527/9527_1-1000x1000.jpg,Портативный ирригатор Revyline RL 230,public_exact_product_source
https://revyline.kz/irrigatory/portativnyy_irrigator_revyline_rl_410_blue,https://revyline.kz/image/cache/catalog/7396/7396_1_1-1000x1000.jpg,Портативный Ирригатор Revyline RL 410,public_exact_product_source
https://revyline.kz/irrigatory/portativnyy_irrigator_revyline_rl_420,https://revyline.kz/image/cache/catalog/7399/7399_1_1-1000x1000.jpg,Портативный ирригатор Revyline RL 420,public_exact_product_source
https://revyline.kz/irrigatory/portativnyy_irrigator_revyline_rl_450_new,https://revyline.kz/image/cache/catalog/7994/7994_1-1000x1000.jpg,Портативный ирригатор Revyline RL 450 New,public_exact_product_source
https://revyline.kz/irrigatory/portativnyy_irrigator_revyline_rl_610,https://revyline.kz/image/cache/catalog/6513/p6513_1697795902-1000x1000.jpg,Портативный ирригатор Revyline RL 610,public_exact_product_source
https://revyline.kz/irrigatory/portativnyy_irrigator_revyline_rl_620_black,https://revyline.kz/image/cache/catalog/7400/7400_01_oz-1000x1000.jpg,Портативный ирригатор Revyline RL 620 Black,public_exact_product_source
https://revyline.kz/irrigatory/portativnyy_irrigator_revyline_rl_630_blue,https://revyline.kz/image/cache/catalog/8019/8019-1-1000x1000.jpg,Портативный ирригатор Revyline RL 630,public_exact_product_source
https://revyline.kz/irrigatory/portativnyy_irrigator_revyline_rl_640_pink,https://revyline.kz/image/cache/catalog/8383/new/8383_1-1000x1000.jpg,Портативный ирригатор Revyline RL 640,public_exact_product_source
https://revyline.kz/irrigatory/portativnyy-irrigator-revyline-rl-640-special-color-edition-cloud-dancer,https://revyline.kz/image/cache/catalog/9501/9501_1_-1000x1000.jpg,Портативный ирригатор Revyline RL 640 Special Color Edition Cloud Dancer,public_exact_product_source
https://revyline.kz/irrigatory/portativnyy_irrigator_revyline_rl_660_new_black,https://revyline.kz/image/cache/catalog/7992/7992_black_1-1000x1000.jpg,Портативный ирригатор Revyline RL 660 New,public_exact_product_source
https://revyline.kz/irrigatory/portativnyy_irrigator_revyline_rl_670_black,https://revyline.kz/image/cache/catalog/9102/9102_1-1000x1000.jpg,Портативный ирригатор Revyline RL 670,public_exact_product_source
https://revyline.kz/irrigatory/portativnyy_irrigator_revyline_rl_840_green,https://revyline.kz/image/cache/catalog/9242/9242-01-1000x1000.jpg,Портативный ирригатор Revyline RL 840,public_exact_product_source
https://revyline.kz/irrigatory/portativnyy_irrigator_swit_by_revyline_rl_440_black,https://revyline.kz/image/cache/catalog/8560/8560_1_1-1000x1000.jpg,Портативный ирригатор SWIT by Revyline RL 440 Black,public_exact_product_source
https://revyline.kz/irrigatory/sistema-dlya-promyvaniya-nosa-revyline-nasal-300,https://revyline.kz/image/cache/catalog/4207/4207-%D0%B8-%D0%BA%D0%BE%D1%80%D0%BE%D0%B1%D0%BA%D0%B0-1000x1000.jpg,Система для промывания носа Revyline Nasal 300,public_exact_product_source
https://revyline.kz/profilaktika/skrebok_dlya_yazyka_revyline,https://revyline.kz/image/cache/catalog/4273/4273-new-1-1000x1000.jpg,Скребок для языка Revyline,public_exact_product_source
https://revyline.kz/profilaktika/skrebok-dlya-yazyka-revyline-soft-belyy,https://revyline.kz/image/cache/catalog/7047/7047_1_1-1000x1000.jpg,Скребок для языка Revyline Soft,public_exact_product_source
https://revyline.kz/irrigatory/stacionarnyy-irrigator-revyline-rl-100,https://revyline.kz/image/cache/catalog/5180/4932_14-1000x1000.jpg,Стационарный ирригатор Revyline RL 100,public_exact_product_source
https://revyline.kz/irrigatory/stacionarnyy-irrigator-rl-500,https://revyline.kz/image/cache/catalog/4743/4743%20(2)-1000x1000.jpg,Стационарный ирригатор Revyline RL 500,public_exact_product_source
https://revyline.kz/aksessuary/universal_nyy_chehol_revyline_dlya_portativnyh_irrigatorov_bezhevyy,https://revyline.kz/image/cache/catalog/8388/8388-1-1000x1000.jpg,"Универсальный чехол Revyline для портативных ирригаторов, бежевый",public_exact_product_source
https://revyline.kz/aksessuary/chistyaschee-sredstvo/chistyashchee-sredstvo-dlya-irrigatora,https://revyline.kz/image/cache/catalog/3791/3791%20%D0%BA%D0%B2%20(1)-1000x1000.jpg,Чистящее средство для ирригатора,public_exact_product_source
https://revyline.kz/zubnye-shchetki/elektricheskie/zvukovaya-zubnaya-shyotka-revyline-rl-010-black,https://revyline.kz/image/cache/catalog/4659/4659-catalog-1-1000x1000.jpg,Электрическая звуковая зубная щётка Revyline RL 010,public_exact_product_source
https://revyline.kz/zubnye-shchetki/elektricheskie/zvukovaya_zubnaya_schetka_revyline_rl_015_pink,https://revyline.kz/image/cache/catalog/5974/5974-catalog-1-1000x1000.jpg,Электрическая звуковая зубная щетка Revyline RL 015 Pink,public_exact_product_source
https://revyline.kz/zubnye-shchetki/elektricheskie/zvukovaya-zubnaya-shyotka-revyline-rl-015-white,https://revyline.kz/image/cache/catalog/5753/5753-catalog-1-1000x1000.jpg,Электрическая звуковая зубная щётка Revyline RL 015 White,public_exact_product_source
https://revyline.kz/zubnye-shchetki/elektricheskie/zvukovaya_zubnaya_schetka_revyline_rl_025_baby_blue,https://revyline.kz/image/cache/catalog/6112/6112-catalog-1-1000x1000.jpg,Электрическая звуковая зубная щётка Revyline RL 025 Baby,public_exact_product_source
https://revyline.kz/zubnye-shchetki/elektricheskie/elektricheskaya-zvukovaya-zubnaya-schetka-revyline-rl-025-baby-capybara-brown,https://revyline.kz/image/cache/catalog/9508/9508_1-1000x1000.jpg,"Электрическая звуковая зубная щётка Revyline RL 025 Baby Capybara, Brown",public_exact_product_source
https://revyline.kz/zubnye-shchetki/elektricheskie/elektricheskaya_zvukovaya_zubnaya_schetka_revyline_rl_025_baby_kitty_beige,https://revyline.kz/image/cache/catalog/8619/8619-catalog-1-1000x1000.jpg,Электрическая звуковая зубная щётка Revyline RL 025 Baby Kitty,public_exact_product_source
https://revyline.kz/zubnye-shchetki/elektricheskie/elektricheskaya_zvukovaya_zubnaya_schetka_revyline_rl_025_baby_puppy_light_blue,https://revyline.kz/image/cache/catalog/8617/8617-catalog-1-1000x1000.jpg,Электрическая звуковая зубная щётка Revyline RL 025 Baby Puppy,public_exact_product_source
https://revyline.kz/zubnye-shchetki/elektricheskie/elektricheskaya_zvukovaya_zubnaya_schetka_revyline_rl_025_infant_blue,https://revyline.kz/image/cache/catalog/9110/9110-catalog-1-1000x1000.jpg,Электрическая звуковая зубная щётка Revyline RL 025 Infant,public_exact_product_source
https://revyline.kz/zubnye-shchetki/elektricheskie/elektricheskaya_zvukovaya_zubnaya_schetka_revyline_rl_025_panda_zheltaya,https://revyline.kz/image/cache/catalog/7852/7852-catalog-1-1000x1000.jpg,Электрическая звуковая зубная щетка Revyline RL 025 Panda,public_exact_product_source
https://revyline.kz/zubnye-shchetki/elektricheskie/zvukovaya-zubnaya-shyotka-revyline-rl-030,https://revyline.kz/image/cache/catalog/5426/5426_1-1000x1000.jpg,Электрическая звуковая зубная щётка Revyline RL 030,public_exact_product_source
https://revyline.kz/zubnye-shchetki/elektricheskie/elektricheskaya_zvukovaya_zubnaya_schetka_revyline_rl_035_kids_light_blue,https://revyline.kz/image/cache/catalog/6615/6615-catalog-1-1000x1000.jpg,Электрическая звуковая зубная щётка Revyline RL 035 Kids,public_exact_product_source
https://revyline.kz/zubnye-shchetki/elektricheskie/elektricheskaya_zvukovaya_zubnaya_schetka_revyline_rl_040_belaya,https://revyline.kz/image/cache/catalog/6510/6510-01-1000x1000.jpg,Электрическая звуковая зубная щётка Revyline RL 040,public_exact_product_source
https://revyline.kz/zubnye-shchetki/elektricheskie/elektricheskaya_zvukovaya_zubnaya_schetka_revyline_rl_044_mint,https://revyline.kz/image/cache/catalog/9162/1-9898-1000x1000.jpg,Электрическая звуковая зубная щётка Revyline RL 044,public_exact_product_source
https://revyline.kz/zubnye-shchetki/elektricheskie/elektricheskaya_zvukovaya_zubnaya_schetka_revyline_rl_045_black,https://revyline.kz/image/cache/catalog/8238/8238-catalog-1-1000x1000.jpg,Электрическая звуковая зубная щётка Revyline RL 045,public_exact_product_source
https://revyline.kz/zubnye-shchetki/elektricheskie/elektricheskaya_zvukovaya_zubnaya_schetka_revyline_rl_050_golubaya,https://revyline.kz/image/cache/catalog/6393/6393-f-1000x1000.jpg,Электрическая звуковая зубная щётка Revyline RL 050,public_exact_product_source
https://revyline.kz/zubnye-shchetki/elektricheskie/elektricheskaya_zvukovaya_zubnaya_schetka_revyline_rl_050_kids_orange,https://revyline.kz/image/cache/catalog/7612/7612-catalog-1-1000x1000.jpg,"Электрическая звуковая зубная щётка Revyline RL 050 Kids, Orange",public_exact_product_source
https://revyline.kz/zubnye-shchetki/elektricheskie/elektricheskaya_zvukovaya_zubnaya_schetka_revyline_rl_060_black,https://revyline.kz/image/cache/catalog/7490/7490_1-1000x1000.jpg,Электрическая звуковая зубная щётка Revyline RL 060,public_exact_product_source
https://revyline.kz/zubnye-shchetki/elektricheskie/elektricheskaya_zvukovaya_zubnaya_schetka_revyline_rl_066_beige,https://revyline.kz/image/cache/catalog/9088/9088-catalog--2-1000x1000.jpg,Электрическая звуковая зубная щётка Revyline RL 066 Beige,public_exact_product_source
https://revyline.kz/zubnye-shchetki/elektricheskie/elektricheskaya_zvukovaya_zubnaya_schetka_revyline_rl_070_black,https://revyline.kz/image/cache/catalog/7271/7271_1-1000x1000.jpg,Электрическая звуковая зубная щётка Revyline RL 070,public_exact_product_source
https://revyline.kz/zubnye-shchetki/elektricheskie/elektricheskaya_zvukovaya_zubnaya_schetka_revyline_rl_075_black_by_dr_baburov,https://revyline.kz/image/cache/catalog/9049/9049-catalog-1-1000x1000.jpg,Электрическая звуковая зубная щётка Revyline RL 075,public_exact_product_source
https://revyline.kz/zubnye-shchetki/elektricheskie/elektricheskaya_zvukovaya_zubnaya_schetka_revyline_rl_080_pro_white,https://revyline.kz/image/cache/catalog/9116/9116-catalog-1-1000x1000.jpg,Электрическая звуковая зубная щётка Revyline RL 080 PRO White,public_exact_product_source
https://revyline.kz/zubnye-shchetki/elektricheskie/elektricheskaya_zvukovaya_zubnaya_schetka_revyline_rl_080_white,https://revyline.kz/image/cache/catalog/8638/8638_5-1000x1000.jpg,Электрическая звуковая зубная щётка Revyline RL 080 White,public_exact_product_source
https://revyline.kz/zubnye-shchetki/elektricheskie/elektricheskaya_zvukovaya_zubnaya_schetka_revyline_rl_085_black,https://revyline.kz/image/cache/catalog/8119/8119%20%D0%BA%D0%B2%20(1)-1000x1000.jpg,Электрическая звуковая зубная щётка Revyline RL 085,public_exact_product_source
https://revyline.kz/zubnye-shchetki/elektricheskie/elektricheskaya-zvukovaya-zubnaya-schetka-revyline-rl-095-kids-blue,https://revyline.kz/image/cache/catalog/9432/9432_1-1000x1000.jpg,Электрическая звуковая зубная щетка Revyline RL 095 Kids,public_exact_product_source
https://revyline.kz/zubnye-shchetki/elektricheskie/elektricheskaya-zvukovaya-zubnaya-schetka-revyline-rl-095-special-color-edition-cloud-dancer,https://revyline.kz/image/cache/catalog/9502/9502_1-1000x1000.jpg,Электрическая звуковая зубная щетка Revyline RL 095 Special Color Edition Cloud Dancer,public_exact_product_source
https://revyline.kz/zubnye-shchetki/elektricheskie/elektricheskaya-zvukovaya-zubnaya-schetka-revyline-rl-095-special-color-edition-fire-horse,https://revyline.kz/image/cache/catalog/9326/9326-01-1000x1000.jpg,Электрическая звуковая зубная щетка Revyline RL 095 Special Color Edition Fire Horse,public_exact_product_source
https://revyline.kz/zubnye-shchetki/elektricheskie/elektricheskaya_zvukovaya_zubnaya_schetka_swit_by_revyline_rl_090_graphite,https://revyline.kz/image/cache/catalog/8559/8559_12-1000x1000.jpg,Электрическая звуковая зубная щётка SWIT by Revyline RL 090,public_exact_product_source
https://revyline.kz/zubnye-shchetki/elektricheskie/elektricheskaya_zubnaya_schetka_revyline_rl_055_kids_black,https://revyline.kz/image/cache/catalog/8679/8679_1-1000x1000.jpg,Электрическая зубная щетка Revyline RL 055 Kids,public_exact_product_source
https://revyline.kz/zubnye-shchetki/elektricheskie/elektricheskaya_zvukovaya_zubnaya_schetka_revyline_rl_040_teens_peach_pink,https://revyline.kz/image/cache/catalog/7609/7609-catalog-1-1000x1000.jpg,"Revyline RL 040 Teens, персиково-розовая",public_exact_product_source
https://revyline.kz/irrigatory/revyline_rl430_basic_irrigator_portativnyy_belyy,https://revyline.kz/image/cache/catalog/9084/01-9084-00-1000x1000.jpg,"Revyline RL430 Basic Ирригатор портативный, белый",public_exact_product_source
https://revyline.kz/irrigatory/revyline_rl430_plus_irrigator_portativnyy_zelenyy,https://revyline.kz/image/cache/catalog/9086/01-9086-0110-1000x1000.jpg,Revyline RL430 Plus Ирригатор портативный,public_exact_product_source
