officialProductId,brand,manufacturer,name,manufacturerRef,manufacturerRefs,variantCount,categoryPath,description,sourceImageUrl,imageCount,kzEvidence,status,statusNote,sourcePageUrl
AJAX-PV100,Ajax,"Guangzhou Ajax Medical Equipment Co., Ltd.",PV100,PV100,PV100,1,Аспирационные системы,,https://waimao.office.163.com/site/api/pub/resource/downloadFile?fileId=614752688021786655,1,BRAND_OBSERVED_IN_KAZAKHSTAN_MARKET,KZ_SKU_EVIDENCE_REQUIRED,,https://www.ajaxdent.com/en/site-page/f20099522d454846.html
AJAX-SP1000,Ajax,"Guangzhou Ajax Medical Equipment Co., Ltd.",SP1000 (for 1 dental unit),SP1000,SP1000,1,Аспирационные системы,,https://waimao.office.163.com/site/api/pub/resource/downloadFile?fileId=614752332080570395,1,BRAND_OBSERVED_IN_KAZAKHSTAN_MARKET,KZ_SKU_EVIDENCE_REQUIRED,,https://www.ajaxdent.com/en/site-page/f20099522d454846.html
AJAX-SP3000,Ajax,"Guangzhou Ajax Medical Equipment Co., Ltd.",SP3000 (for 3 - 5 dental unit),SP3000,SP3000,1,Аспирационные системы,,https://waimao.office.163.com/site/api/pub/resource/downloadFile?fileId=614756432843194422,1,BRAND_OBSERVED_IN_KAZAKHSTAN_MARKET,KZ_SKU_EVIDENCE_REQUIRED,,https://www.ajaxdent.com/en/site-page/f20099522d454846.html
AJAX-SP5000,Ajax,"Guangzhou Ajax Medical Equipment Co., Ltd.",SP5000 (for 4 - 7 dental unit),SP5000,SP5000,1,Аспирационные системы,,https://waimao.office.163.com/site/api/pub/resource/downloadFile?fileId=614756886113243180,1,BRAND_OBSERVED_IN_KAZAKHSTAN_MARKET,KZ_SKU_EVIDENCE_REQUIRED,,https://www.ajaxdent.com/en/site-page/f20099522d454846.html
AJAX-SV1000,Ajax,"Guangzhou Ajax Medical Equipment Co., Ltd.",SV1000 (for 9 - 10 dental unit),SV1000,SV1000,1,Аспирационные системы,,https://waimao.office.163.com/site/api/pub/resource/downloadFile?fileId=642408683355062312,1,BRAND_OBSERVED_IN_KAZAKHSTAN_MARKET,KZ_SKU_EVIDENCE_REQUIRED,,https://www.ajaxdent.com/en/site-page/f20099522d454846.html
AJAX-SV600,Ajax,"Guangzhou Ajax Medical Equipment Co., Ltd.",SV600 (for 5 - 6 dental unit),SV600,SV600,1,Аспирационные системы,,https://waimao.office.163.com/site/api/pub/resource/downloadFile?fileId=642408683355062312,1,BRAND_OBSERVED_IN_KAZAKHSTAN_MARKET,KZ_SKU_EVIDENCE_REQUIRED,,https://www.ajaxdent.com/en/site-page/f20099522d454846.html
AJAX-SV800,Ajax,"Guangzhou Ajax Medical Equipment Co., Ltd.",SV800 (for 7 - 8 dental unit),SV800,SV800,1,Аспирационные системы,,https://waimao.office.163.com/site/api/pub/resource/downloadFile?fileId=642408683355062312,1,BRAND_OBSERVED_IN_KAZAKHSTAN_MARKET,KZ_SKU_EVIDENCE_REQUIRED,,https://www.ajaxdent.com/en/site-page/f20099522d454846.html
AJAX-AT1000,Ajax,"Guangzhou Ajax Medical Equipment Co., Ltd.",AT1000 Air Compressor,AT1000,AT1000,1,Безмасляные компрессоры,,https://waimao.office.163.com/site/api/pub/resource/downloadFile?fileId=642405593281277983,1,BRAND_OBSERVED_IN_KAZAKHSTAN_MARKET,KZ_SKU_EVIDENCE_REQUIRED,,https://www.ajaxdent.com/en/site-page/19b851c2563d45bd.html
AJAX-AT300,Ajax,"Guangzhou Ajax Medical Equipment Co., Ltd.",AT300 Air Compressor,AT300,AT300,1,Безмасляные компрессоры,,https://waimao.office.163.com/site/api/pub/resource/downloadFile?fileId=642405199629078575,1,BRAND_OBSERVED_IN_KAZAKHSTAN_MARKET,KZ_SKU_EVIDENCE_REQUIRED,,https://www.ajaxdent.com/en/site-page/19b851c2563d45bd.html
AJAX-AT400,Ajax,"Guangzhou Ajax Medical Equipment Co., Ltd.",AT400 Air Compressor,AT400,AT400,1,Безмасляные компрессоры,,https://waimao.office.163.com/site/api/pub/resource/downloadFile?fileId=642405198857330753,1,BRAND_OBSERVED_IN_KAZAKHSTAN_MARKET,KZ_SKU_EVIDENCE_REQUIRED,,https://www.ajaxdent.com/en/site-page/19b851c2563d45bd.html
AJAX-AT600,Ajax,"Guangzhou Ajax Medical Equipment Co., Ltd.",AT600 Air Compressor,AT600,AT600,1,Безмасляные компрессоры,,https://waimao.office.163.com/site/api/pub/resource/downloadFile?fileId=642405182998655001,1,BRAND_OBSERVED_IN_KAZAKHSTAN_MARKET,KZ_SKU_EVIDENCE_REQUIRED,,https://www.ajaxdent.com/en/site-page/19b851c2563d45bd.html
AJAX-AT800,Ajax,"Guangzhou Ajax Medical Equipment Co., Ltd.",AT800 Air Compressor,AT800,AT800,1,Безмасляные компрессоры,,https://waimao.office.163.com/site/api/pub/resource/downloadFile?fileId=642405192544903267,1,BRAND_OBSERVED_IN_KAZAKHSTAN_MARKET,KZ_SKU_EVIDENCE_REQUIRED,,https://www.ajaxdent.com/en/site-page/19b851c2563d45bd.html
AJAX-BA100,Ajax,"Guangzhou Ajax Medical Equipment Co., Ltd.",BA100 Air Compressor,BA100,BA100,1,Безмасляные компрессоры,,https://waimao.office.163.com/site/api/pub/resource/downloadFile?fileId=614497046983946325,1,BRAND_OBSERVED_IN_KAZAKHSTAN_MARKET,KZ_SKU_EVIDENCE_REQUIRED,,https://www.ajaxdent.com/en/site-page/19b851c2563d45bd.html
AJAX-BA1000,Ajax,"Guangzhou Ajax Medical Equipment Co., Ltd.",BA1000 Air Compressor,BA1000,BA1000,1,Безмасляные компрессоры,,https://waimao.office.163.com/site/api/pub/resource/downloadFile?fileId=614499257491206205,1,BRAND_OBSERVED_IN_KAZAKHSTAN_MARKET,KZ_SKU_EVIDENCE_REQUIRED,,https://www.ajaxdent.com/en/site-page/19b851c2563d45bd.html
AJAX-BA1200,Ajax,"Guangzhou Ajax Medical Equipment Co., Ltd.",BA1200 Air Compressor,BA1200,BA1200,1,Безмасляные компрессоры,,https://waimao.office.163.com/site/api/pub/resource/downloadFile?fileId=614499257185034325,1,BRAND_OBSERVED_IN_KAZAKHSTAN_MARKET,KZ_SKU_EVIDENCE_REQUIRED,,https://www.ajaxdent.com/en/site-page/19b851c2563d45bd.html
AJAX-BA200,Ajax,"Guangzhou Ajax Medical Equipment Co., Ltd.",BA200 Air Compressor,BA200,BA200,1,Безмасляные компрессоры,,https://waimao.office.163.com/site/api/pub/resource/downloadFile?fileId=614497030114459744,1,BRAND_OBSERVED_IN_KAZAKHSTAN_MARKET,KZ_SKU_EVIDENCE_REQUIRED,,https://www.ajaxdent.com/en/site-page/19b851c2563d45bd.html
AJAX-BA300,Ajax,"Guangzhou Ajax Medical Equipment Co., Ltd.",BA300 Air Compressor,BA300,BA300,1,Безмасляные компрессоры,,https://waimao.office.163.com/site/api/pub/resource/downloadFile?fileId=614497068865634394,1,BRAND_OBSERVED_IN_KAZAKHSTAN_MARKET,KZ_SKU_EVIDENCE_REQUIRED,,https://www.ajaxdent.com/en/site-page/19b851c2563d45bd.html
AJAX-BA400,Ajax,"Guangzhou Ajax Medical Equipment Co., Ltd.",BA400 Air Compressor,BA400,BA400,1,Безмасляные компрессоры,,https://waimao.office.163.com/site/api/pub/resource/downloadFile?fileId=614497046761656359,1,BRAND_OBSERVED_IN_KAZAKHSTAN_MARKET,KZ_SKU_EVIDENCE_REQUIRED,,https://www.ajaxdent.com/en/site-page/19b851c2563d45bd.html
AJAX-BA600,Ajax,"Guangzhou Ajax Medical Equipment Co., Ltd.",BA600 Air Compressor,BA600,BA600,1,Безмасляные компрессоры,,https://waimao.office.163.com/site/api/pub/resource/downloadFile?fileId=614497063987662888,1,BRAND_OBSERVED_IN_KAZAKHSTAN_MARKET,KZ_SKU_EVIDENCE_REQUIRED,,https://www.ajaxdent.com/en/site-page/19b851c2563d45bd.html
AJAX-BA800,Ajax,"Guangzhou Ajax Medical Equipment Co., Ltd.",BA800 Air Compressor,BA800,BA800,1,Безмасляные компрессоры,,https://waimao.office.163.com/site/api/pub/resource/downloadFile?fileId=614497064159625279,1,BRAND_OBSERVED_IN_KAZAKHSTAN_MARKET,KZ_SKU_EVIDENCE_REQUIRED,,https://www.ajaxdent.com/en/site-page/19b851c2563d45bd.html
AJAX-UA1200,Ajax,"Guangzhou Ajax Medical Equipment Co., Ltd.",UA1200 Air Compressor,UA1200,UA1200,1,Безмасляные компрессоры,,,0,BRAND_OBSERVED_IN_KAZAKHSTAN_MARKET,PHOTO_REQUIRED,,https://www.ajaxdent.com/en/site-page/19b851c2563d45bd.html
AJAX-UA300,Ajax,"Guangzhou Ajax Medical Equipment Co., Ltd.",UA300 Air Compressor,UA300,UA300,1,Безмасляные компрессоры,,,0,BRAND_OBSERVED_IN_KAZAKHSTAN_MARKET,PHOTO_REQUIRED,,https://www.ajaxdent.com/en/site-page/19b851c2563d45bd.html
AJAX-UA600,Ajax,"Guangzhou Ajax Medical Equipment Co., Ltd.",UA600 Air Compressor,UA600,UA600,1,Безмасляные компрессоры,,,0,BRAND_OBSERVED_IN_KAZAKHSTAN_MARKET,PHOTO_REQUIRED,,https://www.ajaxdent.com/en/site-page/19b851c2563d45bd.html
AJAX-UA900,Ajax,"Guangzhou Ajax Medical Equipment Co., Ltd.",UA900 Air Compressor,UA900,UA900,1,Безмасляные компрессоры,,,0,BRAND_OBSERVED_IN_KAZAKHSTAN_MARKET,PHOTO_REQUIRED,,https://www.ajaxdent.com/en/site-page/19b851c2563d45bd.html
AJAX-BUTTERFLY-SHAPE-BACKREST,Ajax,"Guangzhou Ajax Medical Equipment Co., Ltd.",Butterfly-Shape Backrest,,,1,Комплектующие стоматологических установок,,,0,BRAND_OBSERVED_IN_KAZAKHSTAN_MARKET,PHOTO_REQUIRED,,https://www.ajaxdent.com/en/site-page/cf61d9996bae4774.html
AJAX-CERAMIC-CUSPIDOR,Ajax,"Guangzhou Ajax Medical Equipment Co., Ltd.",Ceramic Cuspidor,,,1,Комплектующие стоматологических установок,,,0,BRAND_OBSERVED_IN_KAZAKHSTAN_MARKET,PHOTO_REQUIRED,,https://www.ajaxdent.com/en/site-page/cf61d9996bae4774.html
AJAX-DUAL-FOOT-CONTROL,Ajax,"Guangzhou Ajax Medical Equipment Co., Ltd.",Dual Foot Control,,,1,Комплектующие стоматологических установок,,,0,BRAND_OBSERVED_IN_KAZAKHSTAN_MARKET,PHOTO_REQUIRED,,https://www.ajaxdent.com/en/site-page/cf61d9996bae4774.html
AJAX-FAN-SHAPE-BACKREST,Ajax,"Guangzhou Ajax Medical Equipment Co., Ltd.",Fan-Shape Backrest,,,1,Комплектующие стоматологических установок,,,0,BRAND_OBSERVED_IN_KAZAKHSTAN_MARKET,PHOTO_REQUIRED,,https://www.ajaxdent.com/en/site-page/cf61d9996bae4774.html
AJAX-FT0,Ajax,"Guangzhou Ajax Medical Equipment Co., Ltd.",FT-0 Multifunctional Foot Control,FT0,FT0,1,Комплектующие стоматологических установок,,,0,BRAND_OBSERVED_IN_KAZAKHSTAN_MARKET,PHOTO_REQUIRED,,https://www.ajaxdent.com/en/site-page/cf61d9996bae4774.html
AJAX-FT5,Ajax,"Guangzhou Ajax Medical Equipment Co., Ltd.",FT-5 Foot Control,FT5,FT5,1,Комплектующие стоматологических установок,,https://waimao.office.163.com/site/api/pub/resource/downloadFile?fileId=531107440238862387,1,BRAND_OBSERVED_IN_KAZAKHSTAN_MARKET,KZ_SKU_EVIDENCE_REQUIRED,,https://www.ajaxdent.com/en/site-page/cf61d9996bae4774.html
AJAX-FT6,Ajax,"Guangzhou Ajax Medical Equipment Co., Ltd.",FT-6 Foot Control,FT6,FT6,1,Комплектующие стоматологических установок,,https://waimao.office.163.com/site/api/pub/resource/downloadFile?fileId=531111157214285903,1,BRAND_OBSERVED_IN_KAZAKHSTAN_MARKET,KZ_SKU_EVIDENCE_REQUIRED,,https://www.ajaxdent.com/en/site-page/cf61d9996bae4774.html
AJAX-GLASS-CUSPIDOR,Ajax,"Guangzhou Ajax Medical Equipment Co., Ltd.",Glass Cuspidor,,,1,Комплектующие стоматологических установок,,,0,BRAND_OBSERVED_IN_KAZAKHSTAN_MARKET,PHOTO_REQUIRED,,https://www.ajaxdent.com/en/site-page/cf61d9996bae4774.html
AJAX-NARROW-BACKREST,Ajax,"Guangzhou Ajax Medical Equipment Co., Ltd.",Narrow Backrest,,,1,Комплектующие стоматологических установок,,,0,BRAND_OBSERVED_IN_KAZAKHSTAN_MARKET,PHOTO_REQUIRED,,https://www.ajaxdent.com/en/site-page/cf61d9996bae4774.html
AJAX-AJX300,Ajax,"Guangzhou Ajax Medical Equipment Co., Ltd.",AJX300,AJX300,AJX300,1,Стоматологическая визуализация,,,0,BRAND_OBSERVED_IN_KAZAKHSTAN_MARKET,PHOTO_REQUIRED,,https://www.ajaxdent.com/en/site-page/73d1453037f243f1.html
AJAX-AJX400,Ajax,"Guangzhou Ajax Medical Equipment Co., Ltd.",AJX400,AJX400,AJX400,1,Стоматологическая визуализация,,,0,BRAND_OBSERVED_IN_KAZAKHSTAN_MARKET,PHOTO_REQUIRED,,https://www.ajaxdent.com/en/site-page/73d1453037f243f1.html
AJAX-DENTAL-LMAGE-PLATE-SCANNER,Ajax,"Guangzhou Ajax Medical Equipment Co., Ltd.",Dental lmage Plate Scanner,,,1,Стоматологическая визуализация,,,0,BRAND_OBSERVED_IN_KAZAKHSTAN_MARKET,PHOTO_REQUIRED,,https://www.ajaxdent.com/en/site-page/73d1453037f243f1.html
AJAX-DIGITAL-X-RAY-IMAGING-SYSTEM,Ajax,"Guangzhou Ajax Medical Equipment Co., Ltd.",Digital X-ray Imaging System,,,1,Стоматологическая визуализация,,,0,BRAND_OBSERVED_IN_KAZAKHSTAN_MARKET,PHOTO_REQUIRED,,https://www.ajaxdent.com/en/site-page/73d1453037f243f1.html
AJAX-AJ10,Ajax,"Guangzhou Ajax Medical Equipment Co., Ltd.",AJ10 Dental Unit,AJ10,AJ10,1,Стоматологические установки,,https://waimao.office.163.com/site/api/pub/resource/downloadFile?fileId=627908230957322326,1,BRAND_OBSERVED_IN_KAZAKHSTAN_MARKET,KZ_SKU_EVIDENCE_REQUIRED,,https://www.ajaxdent.com/en/ba10f23a64294204.html
AJAX-AJ11,Ajax,"Guangzhou Ajax Medical Equipment Co., Ltd.",AJ11 Dental Unit,AJ11,AJ11,1,Стоматологические установки,,https://waimao.office.163.com/site/api/pub/resource/downloadFile?fileId=627908233574563855,1,BRAND_OBSERVED_IN_KAZAKHSTAN_MARKET,KZ_SKU_EVIDENCE_REQUIRED,,https://www.ajaxdent.com/en/ba10f23a64294204.html
AJAX-AJ12,Ajax,"Guangzhou Ajax Medical Equipment Co., Ltd.",AJ12 Dental Unit,AJ12,AJ12,1,Стоматологические установки,,https://waimao.office.163.com/site/api/pub/resource/downloadFile?fileId=620635244856422439,1,BRAND_OBSERVED_IN_KAZAKHSTAN_MARKET,KZ_SKU_EVIDENCE_REQUIRED,,https://www.ajaxdent.com/en/ba10f23a64294204.html
AJAX-AJ15,Ajax,"Guangzhou Ajax Medical Equipment Co., Ltd.",AJ15 Dental Unit,AJ15,AJ15,1,Стоматологические установки,,https://waimao.office.163.com/site/api/pub/resource/downloadFile?fileId=518835288907247653,1,BRAND_OBSERVED_IN_KAZAKHSTAN_MARKET,KZ_SKU_EVIDENCE_REQUIRED,,https://www.ajaxdent.com/en/ba10f23a64294204.html
AJAX-AJ15FM,Ajax,"Guangzhou Ajax Medical Equipment Co., Ltd.",AJ15 Floor Mounted Dental Unit,AJ15FM,AJ15FM,1,Стоматологические установки,,https://waimao.office.163.com/site/api/pub/resource/downloadFile?fileId=530714548471132247,1,BRAND_OBSERVED_IN_KAZAKHSTAN_MARKET,KZ_SKU_EVIDENCE_REQUIRED,,https://www.ajaxdent.com/en/ba10f23a64294204.html
AJAX-AJ16,Ajax,"Guangzhou Ajax Medical Equipment Co., Ltd.",AJ16 Dental Unit,AJ16,AJ16,1,Стоматологические установки,,https://waimao.office.163.com/site/api/pub/resource/downloadFile?fileId=518835311778791517,1,BRAND_OBSERVED_IN_KAZAKHSTAN_MARKET,KZ_SKU_EVIDENCE_REQUIRED,,https://www.ajaxdent.com/en/ba10f23a64294204.html
AJAX-AJ17,Ajax,"Guangzhou Ajax Medical Equipment Co., Ltd.",AJ17 Dental Unit,AJ17,AJ17,1,Стоматологические установки,,,0,BRAND_OBSERVED_IN_KAZAKHSTAN_MARKET,PHOTO_REQUIRED,OFFICIAL_LISTING_LINKS_TO_AJ21_DETAIL_PAGE_REVIEW_REQUIRED,https://www.ajaxdent.com/en/ba10f23a64294204.html
AJAX-AJ17FM,Ajax,"Guangzhou Ajax Medical Equipment Co., Ltd.",AJ17 Floor Mounted Dental Unit,AJ17FM,AJ17FM,1,Стоматологические установки,,,0,BRAND_OBSERVED_IN_KAZAKHSTAN_MARKET,PHOTO_REQUIRED,OFFICIAL_LISTING_LINKS_TO_AJ21_DETAIL_PAGE_REVIEW_REQUIRED,https://www.ajaxdent.com/en/ba10f23a64294204.html
AJAX-AJ18,Ajax,"Guangzhou Ajax Medical Equipment Co., Ltd.",AJ18 Dental Unit,AJ18,AJ18,1,Стоматологические установки,,https://waimao.office.163.com/site/api/pub/resource/downloadFile?fileId=518835335598239811,1,BRAND_OBSERVED_IN_KAZAKHSTAN_MARKET,KZ_SKU_EVIDENCE_REQUIRED,,https://www.ajaxdent.com/en/ba10f23a64294204.html
AJAX-AJ19,Ajax,"Guangzhou Ajax Medical Equipment Co., Ltd.",AJ19 Dental Unit,AJ19,AJ19,1,Стоматологические установки,,https://waimao.office.163.com/site/api/pub/resource/downloadFile?fileId=630462237823291461,1,BRAND_OBSERVED_IN_KAZAKHSTAN_MARKET,KZ_SKU_EVIDENCE_REQUIRED,,https://www.ajaxdent.com/en/ba10f23a64294204.html
AJAX-AJ21,Ajax,"Guangzhou Ajax Medical Equipment Co., Ltd.",AJ21 Dental Unit,AJ21,AJ21,1,Стоматологические установки,,https://waimao.office.163.com/site/api/pub/resource/downloadFile?fileId=536854973334491211,1,BRAND_OBSERVED_IN_KAZAKHSTAN_MARKET,KZ_SKU_EVIDENCE_REQUIRED,,https://www.ajaxdent.com/en/site-page/c0635b6c252146ff.html
AJAX-AJ21FM,Ajax,"Guangzhou Ajax Medical Equipment Co., Ltd.",AJ21FM Dental Unit,AJ21FM,AJ21FM,1,Стоматологические установки,,https://waimao.office.163.com/site/api/pub/resource/downloadFile?fileId=538715730565222496,1,BRAND_OBSERVED_IN_KAZAKHSTAN_MARKET,KZ_SKU_EVIDENCE_REQUIRED,,https://www.ajaxdent.com/en/site-page/ab9e9c50eceb4066.html
AJAX-AJ22,Ajax,"Guangzhou Ajax Medical Equipment Co., Ltd.",AJ22 Dental Unit,AJ22,AJ22,1,Стоматологические установки,,https://waimao.office.163.com/site/api/pub/resource/downloadFile?fileId=582625791498596381,1,BRAND_OBSERVED_IN_KAZAKHSTAN_MARKET,KZ_SKU_EVIDENCE_REQUIRED,,https://www.ajaxdent.com/en/ba10f23a64294204.html
AJAX-AJ25,Ajax,"Guangzhou Ajax Medical Equipment Co., Ltd.",AJ25 Dental Unit,AJ25,AJ25,1,Стоматологические установки,,https://waimao.office.163.com/site/api/pub/resource/downloadFile?fileId=518836320362098743,1,BRAND_OBSERVED_IN_KAZAKHSTAN_MARKET,KZ_SKU_EVIDENCE_REQUIRED,,https://www.ajaxdent.com/en/ba10f23a64294204.html
AJAX-AJ26,Ajax,"Guangzhou Ajax Medical Equipment Co., Ltd.",AJ26 Dental Unit,AJ26,AJ26,1,Стоматологические установки,,https://waimao.office.163.com/site/api/pub/resource/downloadFile?fileId=521003959960277004,1,BRAND_OBSERVED_IN_KAZAKHSTAN_MARKET,KZ_SKU_EVIDENCE_REQUIRED,,https://www.ajaxdent.com/en/ba10f23a64294204.html
AJAX-AJ27,Ajax,"Guangzhou Ajax Medical Equipment Co., Ltd.",AJ27 Dental Unit,AJ27,AJ27,1,Стоматологические установки,,https://waimao.office.163.com/site/api/pub/resource/downloadFile?fileId=630462237823291461,1,BRAND_OBSERVED_IN_KAZAKHSTAN_MARKET,KZ_SKU_EVIDENCE_REQUIRED,,https://www.ajaxdent.com/en/ba10f23a64294204.html
AJAX-D1,Ajax,"Guangzhou Ajax Medical Equipment Co., Ltd.",D1 Dental Stool,D1,D1,1,Стулья врача и ассистента,,https://waimao.office.163.com/site/api/pub/resource/downloadFile?fileId=527140078821113913,1,BRAND_OBSERVED_IN_KAZAKHSTAN_MARKET,KZ_SKU_EVIDENCE_REQUIRED,,https://www.ajaxdent.com/en/site-page/cdceedcd3a8e4ec1.html
AJAX-D2,Ajax,"Guangzhou Ajax Medical Equipment Co., Ltd.",D2 Dental Stool,D2,D2,1,Стулья врача и ассистента,,https://waimao.office.163.com/site/api/pub/resource/downloadFile?fileId=527140077420216338,1,BRAND_OBSERVED_IN_KAZAKHSTAN_MARKET,KZ_SKU_EVIDENCE_REQUIRED,,https://www.ajaxdent.com/en/site-page/cdceedcd3a8e4ec1.html
AJAX-D3,Ajax,"Guangzhou Ajax Medical Equipment Co., Ltd.",D3 Dental Stool,D3,D3,1,Стулья врача и ассистента,,https://waimao.office.163.com/site/api/pub/resource/downloadFile?fileId=527140076812050506,1,BRAND_OBSERVED_IN_KAZAKHSTAN_MARKET,KZ_SKU_EVIDENCE_REQUIRED,,https://www.ajaxdent.com/en/site-page/cdceedcd3a8e4ec1.html
AJAX-D4,Ajax,"Guangzhou Ajax Medical Equipment Co., Ltd.",D4 Dental Stool,D4,D4,1,Стулья врача и ассистента,,https://waimao.office.163.com/site/api/pub/resource/downloadFile?fileId=527140072550625342,1,BRAND_OBSERVED_IN_KAZAKHSTAN_MARKET,KZ_SKU_EVIDENCE_REQUIRED,,https://www.ajaxdent.com/en/site-page/cdceedcd3a8e4ec1.html
AJAX-D5,Ajax,"Guangzhou Ajax Medical Equipment Co., Ltd.",D5 Dental Stool,D5,D5,1,Стулья врача и ассистента,,https://waimao.office.163.com/site/api/pub/resource/downloadFile?fileId=527140076958838879,1,BRAND_OBSERVED_IN_KAZAKHSTAN_MARKET,KZ_SKU_EVIDENCE_REQUIRED,,https://www.ajaxdent.com/en/site-page/cdceedcd3a8e4ec1.html
AJAX-D6,Ajax,"Guangzhou Ajax Medical Equipment Co., Ltd.",D6 Dental Stool,D6,D6,1,Стулья врача и ассистента,,https://waimao.office.163.com/site/api/pub/resource/downloadFile?fileId=527140074832330759,1,BRAND_OBSERVED_IN_KAZAKHSTAN_MARKET,KZ_SKU_EVIDENCE_REQUIRED,,https://www.ajaxdent.com/en/site-page/cdceedcd3a8e4ec1.html
AJAX-D9,Ajax,"Guangzhou Ajax Medical Equipment Co., Ltd.",D9 Dental Stool,D9,D9,1,Стулья врача и ассистента,,https://waimao.office.163.com/site/api/pub/resource/downloadFile?fileId=528621561398231093,1,BRAND_OBSERVED_IN_KAZAKHSTAN_MARKET,KZ_SKU_EVIDENCE_REQUIRED,,https://www.ajaxdent.com/en/site-page/cdceedcd3a8e4ec1.html
AJAX-N1,Ajax,"Guangzhou Ajax Medical Equipment Co., Ltd.",N1 Dental Stool,N1,N1,1,Стулья врача и ассистента,,https://waimao.office.163.com/site/api/pub/resource/downloadFile?fileId=527140078523326521,1,BRAND_OBSERVED_IN_KAZAKHSTAN_MARKET,KZ_SKU_EVIDENCE_REQUIRED,,https://www.ajaxdent.com/en/site-page/cdceedcd3a8e4ec1.html
AJAX-N3,Ajax,"Guangzhou Ajax Medical Equipment Co., Ltd.",N3 Dental Stool,N3,N3,1,Стулья врача и ассистента,,https://waimao.office.163.com/site/api/pub/resource/downloadFile?fileId=527140081048285222,1,BRAND_OBSERVED_IN_KAZAKHSTAN_MARKET,KZ_SKU_EVIDENCE_REQUIRED,,https://www.ajaxdent.com/en/site-page/cdceedcd3a8e4ec1.html
AJAX-N4,Ajax,"Guangzhou Ajax Medical Equipment Co., Ltd.",N4 Dental Stool,N4,N4,1,Стулья врача и ассистента,,https://waimao.office.163.com/site/api/pub/resource/downloadFile?fileId=527140081274785843,1,BRAND_OBSERVED_IN_KAZAKHSTAN_MARKET,KZ_SKU_EVIDENCE_REQUIRED,,https://www.ajaxdent.com/en/site-page/cdceedcd3a8e4ec1.html
