officialProductId,brand,manufacturer,name,manufacturerRef,manufacturerRefs,model,variantCount,categoryPath,sourceImageUrl,imageCount,kzEvidence,status,sourcePageUrl
CICADA-125,CICADA,"Foshan Cicada Dental Instrument Co., Ltd.",Air Scaler CV-S,CV-S,CV-S,CV-S,1,CICADA / AirScaler,https://www.cicadadental.com/Uploads/202112/1228162901.jpg,5,BRAND_AND_SELECTED_MODELS_OBSERVED_IN_KAZAKHSTAN_EXACT_SKU_REVIEW_REQUIRED,MANUFACTURER_REFERENCE_REQUIRED,https://www.cicadadental.com/AirScaler_125.html
CICADA-195,CICADA,"Foshan Cicada Dental Instrument Co., Ltd.",Brushless Endo Motor T-Fine-II (Plus),T-Fine-II (Plus),T-Fine-II (Plus),T-Fine-II (Plus),1,CICADA / EndoMotor,https://www.cicadadental.com/Uploads/202306/brushless_endo_motor_001.jpg,5,BRAND_AND_SELECTED_MODELS_OBSERVED_IN_KAZAKHSTAN_EXACT_SKU_REVIEW_REQUIRED,MANUFACTURER_REFERENCE_REQUIRED,https://www.cicadadental.com/EndoMotor_195.html
CICADA-193,CICADA,"Foshan Cicada Dental Instrument Co., Ltd.",Brushless Endo Motor T-Fine-II (Pro),T-Fine-II (Pro),T-Fine-II (Pro),T-Fine-II (Pro),1,CICADA / EndoMotor,https://www.cicadadental.com/Uploads/202306/brushless_endo_motor.jpg,5,BRAND_AND_SELECTED_MODELS_OBSERVED_IN_KAZAKHSTAN_EXACT_SKU_REVIEW_REQUIRED,MANUFACTURER_REFERENCE_REQUIRED,https://www.cicadadental.com/EndoMotor_193.html
CICADA-187,CICADA,"Foshan Cicada Dental Instrument Co., Ltd.",Brushless Endo Motor T-Fine-II (Smart),T-Fine-II (Smart),T-Fine-II (Smart),T-Fine-II (Smart),1,CICADA / EndoMotor,https://www.cicadadental.com/Uploads/202306/endo_motor.jpg,5,BRAND_AND_SELECTED_MODELS_OBSERVED_IN_KAZAKHSTAN_EXACT_SKU_REVIEW_REQUIRED,MANUFACTURER_REFERENCE_REQUIRED,https://www.cicadadental.com/EndoMotor_187.html
CICADA-128,CICADA,"Foshan Cicada Dental Instrument Co., Ltd.",Brushless Implant Motor Surgic Pro,Surgic Pro,Surgic Pro,Surgic Pro,1,CICADA / ImplantMotor,https://www.cicadadental.com/Uploads/202308/01.jpg,5,BRAND_AND_SELECTED_MODELS_OBSERVED_IN_KAZAKHSTAN_EXACT_SKU_REVIEW_REQUIRED,MANUFACTURER_REFERENCE_REQUIRED,https://www.cicadadental.com/ImplantMotor_128.html
CICADA-215,CICADA,"Foshan Cicada Dental Instrument Co., Ltd.",Dental 20:1 Implant Handpiece SG20,SG20,SG20,SG20,1,CICADA / ImplantHandpiece,https://www.cicadadental.com/Uploads/202508/sg2001.jpg,5,BRAND_AND_SELECTED_MODELS_OBSERVED_IN_KAZAKHSTAN_EXACT_SKU_REVIEW_REQUIRED,MANUFACTURER_REFERENCE_REQUIRED,https://www.cicadadental.com/ImplantHandpiece_215.html
CICADA-211,CICADA,"Foshan Cicada Dental Instrument Co., Ltd.",Dental 45 degree high speed handpiece CV/GX 45-M4,CV/GX 45-M4,CV/GX 45-M4,CV/GX 45-M4,1,CICADA / DentalHighSpeedHandpiece,https://www.cicadadental.com/Uploads/202508/45m401.jpg,5,BRAND_AND_SELECTED_MODELS_OBSERVED_IN_KAZAKHSTAN_EXACT_SKU_REVIEW_REQUIRED,MANUFACTURER_REFERENCE_REQUIRED,https://www.cicadadental.com/DentalHighSpeedHandpiece_211.html
CICADA-198,CICADA,"Foshan Cicada Dental Instrument Co., Ltd.",Dental Air Polisher DT-X4,DT-X4,DT-X4,DT-X4,1,CICADA / DentalAirPolishHandpiece,https://www.cicadadental.com/Uploads/202306/dental_air_polish_handpiece.jpg,5,BRAND_AND_SELECTED_MODELS_OBSERVED_IN_KAZAKHSTAN_EXACT_SKU_REVIEW_REQUIRED,MANUFACTURER_REFERENCE_REQUIRED,https://www.cicadadental.com/DentalAirPolishHandpiece_198.html
CICADA-163,CICADA,"Foshan Cicada Dental Instrument Co., Ltd.",Dental Hand Files Holder CV-FH 01,CV-FH 01,CV-FH 01,CV-FH 01,1,CICADA / DentalHandFilesHolder,https://www.cicadadental.com/Uploads/202204/dental_hand_files_holder___cv-fh_01_(1).jpg,5,BRAND_AND_SELECTED_MODELS_OBSERVED_IN_KAZAKHSTAN_EXACT_SKU_REVIEW_REQUIRED,MANUFACTURER_REFERENCE_REQUIRED,https://www.cicadadental.com/DentalHandFilesHolder_163.html
CICADA-160,CICADA,"Foshan Cicada Dental Instrument Co., Ltd.",Dental High Speed Handpiece CV/GX SM4,CV/GX SM4,CV/GX SM4,CV/GX SM4,1,CICADA / DentalHighSpeedHandpiece,https://www.cicadadental.com/Uploads/202204/highspeed_without_light01.jpg,5,BRAND_AND_SELECTED_MODELS_OBSERVED_IN_KAZAKHSTAN_EXACT_SKU_REVIEW_REQUIRED,MANUFACTURER_REFERENCE_REQUIRED,https://www.cicadadental.com/DentalHighSpeedHandpiece_160.html
CICADA-131,CICADA,"Foshan Cicada Dental Instrument Co., Ltd.",Dental Loupes with Headlight LED Light CV-288,CV-288,CV-288,CV-288,1,CICADA / DENTALLOUPES,https://www.cicadadental.com/Uploads/202112/1228165001.jpg,5,BRAND_AND_SELECTED_MODELS_OBSERVED_IN_KAZAKHSTAN_EXACT_SKU_REVIEW_REQUIRED,MANUFACTURER_REFERENCE_REQUIRED,https://www.cicadadental.com/DENTALLOUPES_131.html
CICADA-164,CICADA,"Foshan Cicada Dental Instrument Co., Ltd.",Dental Plugger CV-DP 01,CV-DP 01,CV-DP 01,CV-DP 01,1,CICADA / DentalPlugger,https://www.cicadadental.com/Uploads/202508/1755933808.jpg,5,BRAND_AND_SELECTED_MODELS_OBSERVED_IN_KAZAKHSTAN_EXACT_SKU_REVIEW_REQUIRED,MANUFACTURER_REFERENCE_REQUIRED,https://www.cicadadental.com/DentalPlugger_164.html
CICADA-212,CICADA,"Foshan Cicada Dental Instrument Co., Ltd.",Dental triple spray high speed handpiece CV/GX SM4-4,CV/GX SM4-4,CV/GX SM4-4,CV/GX SM4-4,1,CICADA / DentalHighSpeedHandpiece,https://www.cicadadental.com/Uploads/202508/sm4-401.jpg,5,BRAND_AND_SELECTED_MODELS_OBSERVED_IN_KAZAKHSTAN_EXACT_SKU_REVIEW_REQUIRED,MANUFACTURER_REFERENCE_REQUIRED,https://www.cicadadental.com/DentalHighSpeedHandpiece_212.html
CICADA-213,CICADA,"Foshan Cicada Dental Instrument Co., Ltd.",Diamond Series Dental High-Speed Handpiece SM-4D,SM-4D,SM-4D,SM-4D,1,CICADA / DentalHighSpeedHandpiece,https://www.cicadadental.com/Uploads/202508/1754042441.jpg,5,BRAND_AND_SELECTED_MODELS_OBSERVED_IN_KAZAKHSTAN_EXACT_SKU_REVIEW_REQUIRED,MANUFACTURER_REFERENCE_REQUIRED,https://www.cicadadental.com/DentalHighSpeedHandpiece_213.html
CICADA-210,CICADA,"Foshan Cicada Dental Instrument Co., Ltd.",Dual Water Supply System EC005,EC005,EC005,EC005,1,CICADA / ElectricMotor,https://www.cicadadental.com/Uploads/202508/1754041649.jpg,4,BRAND_AND_SELECTED_MODELS_OBSERVED_IN_KAZAKHSTAN_EXACT_SKU_REVIEW_REQUIRED,MANUFACTURER_REFERENCE_REQUIRED,https://www.cicadadental.com/ElectricMotor_210.html
CICADA-110,CICADA,"Foshan Cicada Dental Instrument Co., Ltd.",Electric Micro Motor Color Screen NL400-4,NL400-4,NL400-4,NL400-4,1,CICADA / ElectricMotor,https://www.cicadadental.com/Uploads/202112/01.jpg,5,BRAND_AND_SELECTED_MODELS_OBSERVED_IN_KAZAKHSTAN_EXACT_SKU_REVIEW_REQUIRED,MANUFACTURER_REFERENCE_REQUIRED,https://www.cicadadental.com/ElectricMotor_110.html
CICADA-209,CICADA,"Foshan Cicada Dental Instrument Co., Ltd.",Electric Micro Motor Touch Screen NL 400-2,NL 400-2,NL 400-2,NL 400-2,1,CICADA / ElectricMotor,https://www.cicadadental.com/Uploads/202508/-2_01.jpg,5,BRAND_AND_SELECTED_MODELS_OBSERVED_IN_KAZAKHSTAN_EXACT_SKU_REVIEW_REQUIRED,MANUFACTURER_REFERENCE_REQUIRED,https://www.cicadadental.com/ElectricMotor_209.html
CICADA-184,CICADA,"Foshan Cicada Dental Instrument Co., Ltd.",Electric Wireless Prophy Handpiece PMTC CP-PM-02,CP-PM-02,CP-PM-02,CP-PM-02,1,CICADA / PMTCSYSTEM,https://www.cicadadental.com/Uploads/202306/pmtc.jpg,1,BRAND_AND_SELECTED_MODELS_OBSERVED_IN_KAZAKHSTAN_EXACT_SKU_REVIEW_REQUIRED,MANUFACTURER_REFERENCE_REQUIRED,https://www.cicadadental.com/PMTCSYSTEM_184.html
CICADA-190,CICADA,"Foshan Cicada Dental Instrument Co., Ltd.",Electric Wireless Torque Driver DT-Smart,DT-Smart,DT-Smart,DT-Smart,1,CICADA / ElectricImplantTorqueWrench,https://www.cicadadental.com/Uploads/202508/1754124390.jpg,5,BRAND_AND_SELECTED_MODELS_OBSERVED_IN_KAZAKHSTAN_EXACT_SKU_REVIEW_REQUIRED,MANUFACTURER_REFERENCE_REQUIRED,https://www.cicadadental.com/ElectricImplantTorqueWrench_190.html
CICADA-129,CICADA,"Foshan Cicada Dental Instrument Co., Ltd.",Endo Activator CV-EA,CV-EA,CV-EA,CV-EA,1,CICADA / EndoActivator,https://www.cicadadental.com/Uploads/202112/1228164301.jpg,5,BRAND_AND_SELECTED_MODELS_OBSERVED_IN_KAZAKHSTAN_EXACT_SKU_REVIEW_REQUIRED,MANUFACTURER_REFERENCE_REQUIRED,https://www.cicadadental.com/EndoActivator_129.html
CICADA-165,CICADA,"Foshan Cicada Dental Instrument Co., Ltd.",Endo File DT-EN G4,DT-EN G4,DT-EN G4,DT-EN G4,1,CICADA / EndoFiles,https://www.cicadadental.com/Uploads/202204/endo_file_dt-en_g4_(1).jpg,5,BRAND_AND_SELECTED_MODELS_OBSERVED_IN_KAZAKHSTAN_EXACT_SKU_REVIEW_REQUIRED,MANUFACTURER_REFERENCE_REQUIRED,https://www.cicadadental.com/EndoFiles_165.html
CICADA-166,CICADA,"Foshan Cicada Dental Instrument Co., Ltd.",Endo File DT-EN R6,DT-EN R6,DT-EN R6,DT-EN R6,1,CICADA / EndoFiles,https://www.cicadadental.com/Uploads/202204/endo_file_dt-en_r6_(1).jpg,5,BRAND_AND_SELECTED_MODELS_OBSERVED_IN_KAZAKHSTAN_EXACT_SKU_REVIEW_REQUIRED,MANUFACTURER_REFERENCE_REQUIRED,https://www.cicadadental.com/EndoFiles_166.html
CICADA-167,CICADA,"Foshan Cicada Dental Instrument Co., Ltd.",Endo File DT-EN S6,DT-EN S6,DT-EN S6,DT-EN S6,1,CICADA / EndoFiles,https://www.cicadadental.com/Uploads/202204/endo_file_dt-en_s6_(1).jpg,5,BRAND_AND_SELECTED_MODELS_OBSERVED_IN_KAZAKHSTAN_EXACT_SKU_REVIEW_REQUIRED,MANUFACTURER_REFERENCE_REQUIRED,https://www.cicadadental.com/EndoFiles_167.html
CICADA-113,CICADA,"Foshan Cicada Dental Instrument Co., Ltd.",Endo Motor with LED T-Fine-II CC (Color Screen ),T-Fine-II CC (Color Screen ),T-Fine-II CC (Color Screen ),T-Fine-II CC (Color Screen ),1,CICADA / EndoMotor,https://www.cicadadental.com/Uploads/202112/162001.jpg,5,BRAND_AND_SELECTED_MODELS_OBSERVED_IN_KAZAKHSTAN_EXACT_SKU_REVIEW_REQUIRED,MANUFACTURER_REFERENCE_REQUIRED,https://www.cicadadental.com/EndoMotor_113.html
CICADA-214,CICADA,"Foshan Cicada Dental Instrument Co., Ltd.",Fiber Optic 1:4.2 Speed Increase Handpiece CV/DX Z45L,CV/DX Z45L,CV/DX Z45L,CV/DX Z45L,1,CICADA / InternalWaterSprayHandpiece,https://www.cicadadental.com/Uploads/202508/14201.jpg,5,BRAND_AND_SELECTED_MODELS_OBSERVED_IN_KAZAKHSTAN_EXACT_SKU_REVIEW_REQUIRED,MANUFACTURER_REFERENCE_REQUIRED,https://www.cicadadental.com/InternalWaterSprayHandpiece_214.html
CICADA-199,CICADA,"Foshan Cicada Dental Instrument Co., Ltd.",Fiber Optic High Speed Handpiece CV/GX,CV/GX,CV/GX,CV/GX,1,CICADA / DentalHighSpeedHandpiece,https://www.cicadadental.com/Uploads/202308/dentalhandpiece22.jpg,2,BRAND_AND_SELECTED_MODELS_OBSERVED_IN_KAZAKHSTAN_EXACT_SKU_REVIEW_REQUIRED,MANUFACTURER_REFERENCE_REQUIRED,https://www.cicadadental.com/DentalHighSpeedHandpiece_199.html
CICADA-170,CICADA,"Foshan Cicada Dental Instrument Co., Ltd.",Gutta Percha Obturation System DT-Fill,DT-Fill,DT-Fill,DT-Fill,1,CICADA / GuttaPerchaObturationSystem,https://www.cicadadental.com/Uploads/202204/gutta_percha_obturation_system_cv-fill(new)_(1).jpg,5,BRAND_AND_SELECTED_MODELS_OBSERVED_IN_KAZAKHSTAN_EXACT_SKU_REVIEW_REQUIRED,MANUFACTURER_REFERENCE_REQUIRED,https://www.cicadadental.com/GuttaPerchaObturationSystem_170.html
CICADA-217,CICADA,"Foshan Cicada Dental Instrument Co., Ltd.",Implant Plasma Activatir iActive,iActive,iActive,iActive,1,CICADA / ImplantPlasmaActivator,https://www.cicadadental.com/Uploads/202508/1754129496.jpg,3,BRAND_AND_SELECTED_MODELS_OBSERVED_IN_KAZAKHSTAN_EXACT_SKU_REVIEW_REQUIRED,MANUFACTURER_REFERENCE_REQUIRED,https://www.cicadadental.com/ImplantPlasmaActivator_217.html
CICADA-181,CICADA,"Foshan Cicada Dental Instrument Co., Ltd.",Internal Water Spray Low Speed Handpiece 1:1 CV/DX IM4 KT-3,CV/DX IM4 KT-3,CV/DX IM4 KT-3,CV/DX IM4 KT-3,1,CICADA / InternalWaterSprayHandpiece,https://www.cicadadental.com/Uploads/202306/handpiece-01.jpg,5,BRAND_AND_SELECTED_MODELS_OBSERVED_IN_KAZAKHSTAN_EXACT_SKU_REVIEW_REQUIRED,MANUFACTURER_REFERENCE_REQUIRED,https://www.cicadadental.com/InternalWaterSprayHandpiece_181.html
CICADA-130,CICADA,"Foshan Cicada Dental Instrument Co., Ltd.",IPR System 4:1 Contra Angle Orthodontic Tool CV/DX C4:1,CV/DX C4:1,CV/DX C4:1,CV/DX C4:1,1,CICADA / IPRSystem,https://www.cicadadental.com/Uploads/202112/1228164701.jpg,5,BRAND_AND_SELECTED_MODELS_OBSERVED_IN_KAZAKHSTAN_EXACT_SKU_REVIEW_REQUIRED,MANUFACTURER_REFERENCE_REQUIRED,https://www.cicadadental.com/IPRSystem_130.html
CICADA-186,CICADA,"Foshan Cicada Dental Instrument Co., Ltd.",LCD Touch Screen Electric Micro Motor NL 400-5,NL 400-5,NL 400-5,NL 400-5,1,CICADA / ElectricMotor,https://www.cicadadental.com/Uploads/202507/1752458971.jpg,5,BRAND_AND_SELECTED_MODELS_OBSERVED_IN_KAZAKHSTAN_EXACT_SKU_REVIEW_REQUIRED,MANUFACTURER_REFERENCE_REQUIRED,https://www.cicadadental.com/ElectricMotor_186.html
CICADA-122,CICADA,"Foshan Cicada Dental Instrument Co., Ltd.",LED Curing Light CV-215(G2),CV-215(G2),CV-215(G2),CV-215(G2),1,CICADA / CuringLight,https://www.cicadadental.com/Uploads/202112/1218161701.jpg,5,BRAND_AND_SELECTED_MODELS_OBSERVED_IN_KAZAKHSTAN_EXACT_SKU_REVIEW_REQUIRED,MANUFACTURER_REFERENCE_REQUIRED,https://www.cicadadental.com/CuringLight_122.html
CICADA-196,CICADA,"Foshan Cicada Dental Instrument Co., Ltd.",LED Curing Light CV-215(G4),CV-215(G4),CV-215(G4),CV-215(G4),1,CICADA / CuringLight,https://www.cicadadental.com/Uploads/202507/g401.jpg,5,BRAND_AND_SELECTED_MODELS_OBSERVED_IN_KAZAKHSTAN_EXACT_SKU_REVIEW_REQUIRED,MANUFACTURER_REFERENCE_REQUIRED,https://www.cicadadental.com/CuringLight_196.html
CICADA-191,CICADA,"Foshan Cicada Dental Instrument Co., Ltd.",LED Curing Light CV-215(G6)A,CV-215(G6)A,CV-215(G6)A,CV-215(G6)A,1,CICADA / CuringLight,https://www.cicadadental.com/Uploads/202306/led_curing_light.jpg,5,BRAND_AND_SELECTED_MODELS_OBSERVED_IN_KAZAKHSTAN_EXACT_SKU_REVIEW_REQUIRED,MANUFACTURER_REFERENCE_REQUIRED,https://www.cicadadental.com/CuringLight_191.html
CICADA-203,CICADA,"Foshan Cicada Dental Instrument Co., Ltd.",LED Curing Light CV-215(G6)B,CV-215(G6)B,CV-215(G6)B,CV-215(G6)B,1,CICADA / CuringLight,https://www.cicadadental.com/Uploads/202507/6b01.jpg,5,BRAND_AND_SELECTED_MODELS_OBSERVED_IN_KAZAKHSTAN_EXACT_SKU_REVIEW_REQUIRED,MANUFACTURER_REFERENCE_REQUIRED,https://www.cicadadental.com/CuringLight_203.html
CICADA-121,CICADA,"Foshan Cicada Dental Instrument Co., Ltd.",LED Curing Light CV-215(I),CV-215(I),CV-215(I),CV-215(I),1,CICADA / CuringLight,https://www.cicadadental.com/Uploads/202112/1228161101.jpg,5,BRAND_AND_SELECTED_MODELS_OBSERVED_IN_KAZAKHSTAN_EXACT_SKU_REVIEW_REQUIRED,MANUFACTURER_REFERENCE_REQUIRED,https://www.cicadadental.com/CuringLight_121.html
CICADA-197,CICADA,"Foshan Cicada Dental Instrument Co., Ltd.",LED Curing Light CV-215(IV),CV-215(IV),CV-215(IV),CV-215(IV),1,CICADA / CuringLight,https://www.cicadadental.com/Uploads/202306/curing_light_a.jpg,5,BRAND_AND_SELECTED_MODELS_OBSERVED_IN_KAZAKHSTAN_EXACT_SKU_REVIEW_REQUIRED,MANUFACTURER_REFERENCE_REQUIRED,https://www.cicadadental.com/CuringLight_197.html
CICADA-192,CICADA,"Foshan Cicada Dental Instrument Co., Ltd.",LED Curing Light Guangzhou Tower CV-215(G6),CV-215(G6),CV-215(G6),CV-215(G6),1,CICADA / CuringLight,https://www.cicadadental.com/Uploads/202306/led_curing_light001.jpg,5,BRAND_AND_SELECTED_MODELS_OBSERVED_IN_KAZAKHSTAN_EXACT_SKU_REVIEW_REQUIRED,MANUFACTURER_REFERENCE_REQUIRED,https://www.cicadadental.com/CuringLight_192.html
CICADA-123,CICADA,"Foshan Cicada Dental Instrument Co., Ltd.",LED Curing Light Wide-spectrum CV-215(G3),CV-215(G3),CV-215(G3),CV-215(G3),1,CICADA / CuringLight,https://www.cicadadental.com/Uploads/202112/1228162201.jpg,5,BRAND_AND_SELECTED_MODELS_OBSERVED_IN_KAZAKHSTAN_EXACT_SKU_REVIEW_REQUIRED,MANUFACTURER_REFERENCE_REQUIRED,https://www.cicadadental.com/CuringLight_123.html
CICADA-161,CICADA,"Foshan Cicada Dental Instrument Co., Ltd.",Low Speed Contra Angle Handpiece 1:1 CV/DX CL02,CV/DX CL02,CV/DX CL02,CV/DX CL02,1,CICADA / ExternalWatersprayLowSpeedHandpiece,https://www.cicadadental.com/Uploads/202204/contra_angle_handpiece.jpg,5,BRAND_AND_SELECTED_MODELS_OBSERVED_IN_KAZAKHSTAN_EXACT_SKU_REVIEW_REQUIRED,MANUFACTURER_REFERENCE_REQUIRED,https://www.cicadadental.com/ExternalWatersprayLowSpeedHandpiece_161.html
CICADA-162,CICADA,"Foshan Cicada Dental Instrument Co., Ltd.",Low Speed Contra Angle Handpiece Latch Type 1:1 CV/DX CL021,CV/DX CL021,CV/DX CL021,CV/DX CL021,1,CICADA / ExternalWatersprayLowSpeedHandpiece,https://www.cicadadental.com/Uploads/202204/contra_angle(latch_type).jpg,5,BRAND_AND_SELECTED_MODELS_OBSERVED_IN_KAZAKHSTAN_EXACT_SKU_REVIEW_REQUIRED,MANUFACTURER_REFERENCE_REQUIRED,https://www.cicadadental.com/ExternalWatersprayLowSpeedHandpiece_162.html
CICADA-207,CICADA,"Foshan Cicada Dental Instrument Co., Ltd.",Max-one Endo Files DT-C3 MX,DT-C3 MX,DT-C3 MX,DT-C3 MX,1,CICADA / EndoFiles,https://www.cicadadental.com/Uploads/202507/mx01.jpg,5,BRAND_AND_SELECTED_MODELS_OBSERVED_IN_KAZAKHSTAN_EXACT_SKU_REVIEW_REQUIRED,MANUFACTURER_REFERENCE_REQUIRED,https://www.cicadadental.com/EndoFiles_207.html
CICADA-204,CICADA,"Foshan Cicada Dental Instrument Co., Ltd.",Mini Endo Motor T-Fine-II(Pura),T-Fine-II(Pura),T-Fine-II(Pura),T-Fine-II(Pura),1,CICADA / EndoMotor,https://www.cicadadental.com/Uploads/202507/pura01.jpg,5,BRAND_AND_SELECTED_MODELS_OBSERVED_IN_KAZAKHSTAN_EXACT_SKU_REVIEW_REQUIRED,MANUFACTURER_REFERENCE_REQUIRED,https://www.cicadadental.com/EndoMotor_204.html
CICADA-188,CICADA,"Foshan Cicada Dental Instrument Co., Ltd.",Negative Pressure Irrigation System DT-1/DT-2,DT-1/DT-2,DT-1/DT-2,DT-1/DT-2,1,CICADA / NegativePressureIrrigationSystem,https://www.cicadadental.com/Uploads/202306/oral_irrigator.jpg,5,BRAND_AND_SELECTED_MODELS_OBSERVED_IN_KAZAKHSTAN_EXACT_SKU_REVIEW_REQUIRED,MANUFACTURER_REFERENCE_REQUIRED,https://www.cicadadental.com/NegativePressureIrrigationSystem_188.html
CICADA-208,CICADA,"Foshan Cicada Dental Instrument Co., Ltd.",Niti Protaper Hand Files DT-C3 H6,DT-C3 H6,DT-C3 H6,DT-C3 H6,1,CICADA / EndoFiles,https://www.cicadadental.com/Uploads/202507/hf01.jpg,5,BRAND_AND_SELECTED_MODELS_OBSERVED_IN_KAZAKHSTAN_EXACT_SKU_REVIEW_REQUIRED,MANUFACTURER_REFERENCE_REQUIRED,https://www.cicadadental.com/EndoFiles_208.html
CICADA-185,CICADA,"Foshan Cicada Dental Instrument Co., Ltd.",Oral Anesthesia Injector CV-OA 02,CV-OA 02,CV-OA 02,CV-OA 02,1,CICADA / OralAnesthesiaInjector,https://www.cicadadental.com/Uploads/202306/oral_anesthesia_injector.jpg,6,BRAND_AND_SELECTED_MODELS_OBSERVED_IN_KAZAKHSTAN_EXACT_SKU_REVIEW_REQUIRED,MANUFACTURER_REFERENCE_REQUIRED,https://www.cicadadental.com/OralAnesthesiaInjector_185.html
CICADA-183,CICADA,"Foshan Cicada Dental Instrument Co., Ltd.",Prophy Handpiece CV/DX,CV/DX,CV/DX,CV/DX,1,CICADA / PMTCSYSTEM,https://www.cicadadental.com/Uploads/202306/prophy_handpiece.jpg,5,BRAND_AND_SELECTED_MODELS_OBSERVED_IN_KAZAKHSTAN_EXACT_SKU_REVIEW_REQUIRED,MANUFACTURER_REFERENCE_REQUIRED,https://www.cicadadental.com/PMTCSYSTEM_183.html
CICADA-205,CICADA,"Foshan Cicada Dental Instrument Co., Ltd.",Rainbow Endo files DT-C3 RW6,DT-C3 RW6,DT-C3 RW6,DT-C3 RW6,1,CICADA / EndoFiles,https://www.cicadadental.com/Uploads/202507/rw01.jpg,5,BRAND_AND_SELECTED_MODELS_OBSERVED_IN_KAZAKHSTAN_EXACT_SKU_REVIEW_REQUIRED,MANUFACTURER_REFERENCE_REQUIRED,https://www.cicadadental.com/EndoFiles_205.html
CICADA-206,CICADA,"Foshan Cicada Dental Instrument Co., Ltd.",Retreament Endo Files DT-C3 RT5,DT-C3 RT5,DT-C3 RT5,DT-C3 RT5,1,CICADA / EndoFiles,https://www.cicadadental.com/Uploads/202507/rt01.jpg,5,BRAND_AND_SELECTED_MODELS_OBSERVED_IN_KAZAKHSTAN_EXACT_SKU_REVIEW_REQUIRED,MANUFACTURER_REFERENCE_REQUIRED,https://www.cicadadental.com/EndoFiles_206.html
CICADA-189,CICADA,"Foshan Cicada Dental Instrument Co., Ltd.",Root Canal Irrigation Needle S-26G-26,S-26G-26,S-26G-26,S-26G-26,1,CICADA / EndoIrrigationNeedles,https://www.cicadadental.com/Uploads/202306/root_canal_irrigation_needle.jpg,5,BRAND_AND_SELECTED_MODELS_OBSERVED_IN_KAZAKHSTAN_EXACT_SKU_REVIEW_REQUIRED,MANUFACTURER_REFERENCE_REQUIRED,https://www.cicadadental.com/EndoIrrigationNeedles_189.html
CICADA-200,CICADA,"Foshan Cicada Dental Instrument Co., Ltd.",Surgical Implant Motor Surgic Plus,Surgic Plus,Surgic Plus,Surgic Plus,1,CICADA / ImplantMotor,https://www.cicadadental.com/Uploads/202507/01.jpg,6,BRAND_AND_SELECTED_MODELS_OBSERVED_IN_KAZAKHSTAN_EXACT_SKU_REVIEW_REQUIRED,MANUFACTURER_REFERENCE_REQUIRED,https://www.cicadadental.com/ImplantMotor_200.html
CICADA-202,CICADA,"Foshan Cicada Dental Instrument Co., Ltd.",Touch Screen Built-in Electric Micro Motor NL 400-1（Remark：Spin）,NL 400-1（Remark：Spin）,NL 400-1（Remark：Spin）,NL 400-1（Remark：Spin）,1,CICADA / ElectricMotor,https://www.cicadadental.com/Uploads/202507/1752228810.jpg,5,BRAND_AND_SELECTED_MODELS_OBSERVED_IN_KAZAKHSTAN_EXACT_SKU_REVIEW_REQUIRED,MANUFACTURER_REFERENCE_REQUIRED,https://www.cicadadental.com/ElectricMotor_202.html
