officialProductId,brand,manufacturer,name,manufacturerRef,manufacturerRefs,variantCount,categoryPath,sourceImageUrl,imageCount,kzEvidence,status,sourcePageUrl
GC-AADVAIOS,GC,GC Corporation,Aadva IOS,,,1,GC Europe / Dental products,https://www.gc.dental/europe/sites/europe.gc.dental/files/products/images/aadvaios_packshot.jpg,1,OFFICIAL_EUROPE_RANGE_AND_BRAND_OBSERVED_IN_KAZAKHSTAN_EXACT_SKU_REVIEW_REQUIRED,MANUFACTURER_REFERENCE_REQUIRED,https://www.gc.dental/europe/en/products/aadvaios
GC-AADVAIOS100P,GC,GC Corporation,Aadva IOS 100 P,,,1,GC Europe / Dental products,https://www.gc.dental/europe/sites/europe.gc.dental/files/products/images/aadvaios100p_packshot.jpg,1,OFFICIAL_EUROPE_RANGE_AND_BRAND_OBSERVED_IN_KAZAKHSTAN_EXACT_SKU_REVIEW_REQUIRED,MANUFACTURER_REFERENCE_REQUIRED,https://www.gc.dental/europe/en/products/aadvaios100p
GC-AADVALABSCANNER3,GC,GC Corporation,Aadva Lab Scanner 3,,,1,GC Europe / Dental products,https://www.gc.dental/europe/sites/europe.gc.dental/files/products/images/Scanner%2013.jpg,1,OFFICIAL_EUROPE_RANGE_AND_BRAND_OBSERVED_IN_KAZAKHSTAN_EXACT_SKU_REVIEW_REQUIRED,MANUFACTURER_REFERENCE_REQUIRED,https://www.gc.dental/europe/en/products/aadvalabscanner3
GC-ACRYLICPRIMER,GC,GC Corporation,Acrylic Primer,,,1,GC Europe / Dental products,https://www.gc.dental/europe/sites/europe.gc.dental/files/products/images/acrylicprimer_packshot.jpg,1,OFFICIAL_EUROPE_RANGE_AND_BRAND_OBSERVED_IN_KAZAKHSTAN_EXACT_SKU_REVIEW_REQUIRED,MANUFACTURER_REFERENCE_REQUIRED,https://www.gc.dental/europe/en/products/acrylicprimer
GC-AROMAFINEPLUS,GC,GC Corporation,AROMA FINE PLUS,,,1,GC Europe / Dental products,https://www.gc.dental/europe/sites/europe.gc.dental/files/products/images/aromafineplus_packshot.jpg,1,OFFICIAL_EUROPE_RANGE_AND_BRAND_OBSERVED_IN_KAZAKHSTAN_EXACT_SKU_REVIEW_REQUIRED,MANUFACTURER_REFERENCE_REQUIRED,https://www.gc.dental/europe/en/products/aromafineplus
GC-BASESTONE,GC,GC Corporation,BASE STONE,,,1,GC Europe / Dental products,https://www.gc.dental/europe/sites/europe.gc.dental/files/products/images/basestone_packshot.jpg,1,OFFICIAL_EUROPE_RANGE_AND_BRAND_OBSERVED_IN_KAZAKHSTAN_EXACT_SKU_REVIEW_REQUIRED,MANUFACTURER_REFERENCE_REQUIRED,https://www.gc.dental/europe/en/products/basestone
GC-BITECOMPOUND,GC,GC Corporation,Bite Compound,,,1,GC Europe / Dental products,https://www.gc.dental/europe/sites/europe.gc.dental/files/products/images/bitecompound_packshot.jpg,1,OFFICIAL_EUROPE_RANGE_AND_BRAND_OBSERVED_IN_KAZAKHSTAN_EXACT_SKU_REVIEW_REQUIRED,MANUFACTURER_REFERENCE_REQUIRED,https://www.gc.dental/europe/en/products/bitecompound
GC-CAPSULEAPPLIER3,GC,GC Corporation,Capsule Applier III,,,1,GC Europe / Dental products,https://www.gc.dental/europe/sites/europe.gc.dental/files/products/images/capsuleapplier3_packshot.jpg,1,OFFICIAL_EUROPE_RANGE_AND_BRAND_OBSERVED_IN_KAZAKHSTAN_EXACT_SKU_REVIEW_REQUIRED,MANUFACTURER_REFERENCE_REQUIRED,https://www.gc.dental/europe/en/products/capsuleapplier3
GC-CAPSULEAPPLIER4,GC,GC Corporation,Capsule Applier IV,,,1,GC Europe / Dental products,https://www.gc.dental/europe/sites/europe.gc.dental/files/products/images/capsuleapplier4_packshot.jpg,1,OFFICIAL_EUROPE_RANGE_AND_BRAND_OBSERVED_IN_KAZAKHSTAN_EXACT_SKU_REVIEW_REQUIRED,MANUFACTURER_REFERENCE_REQUIRED,https://www.gc.dental/europe/en/products/capsuleapplier4
GC-CAPSULEMIXERCM2,GC,GC Corporation,Capsule Mixer CM-II,,,1,GC Europe / Dental products,https://www.gc.dental/europe/sites/europe.gc.dental/files/products/images/capsulemixercm2_packshot.jpg,1,OFFICIAL_EUROPE_RANGE_AND_BRAND_OBSERVED_IN_KAZAKHSTAN_EXACT_SKU_REVIEW_REQUIRED,MANUFACTURER_REFERENCE_REQUIRED,https://www.gc.dental/europe/en/products/capsulemixercm2
GC-CARTRIDGEDISPENSER2,GC,GC Corporation,Cartridge Dispenser II,,,1,GC Europe / Dental products,https://www.gc.dental/europe/sites/europe.gc.dental/files/products/images/cartridgedispenser2_packshot.jpg,1,OFFICIAL_EUROPE_RANGE_AND_BRAND_OBSERVED_IN_KAZAKHSTAN_EXACT_SKU_REVIEW_REQUIRED,MANUFACTURER_REFERENCE_REQUIRED,https://www.gc.dental/europe/en/products/cartridgedispenser2
GC-CASTINGRINGLINER,GC,GC Corporation,CASTING RING LINER,,,1,GC Europe / Dental products,https://www.gc.dental/europe/sites/europe.gc.dental/files/products/images/castingringliner_packshot.jpg,1,OFFICIAL_EUROPE_RANGE_AND_BRAND_OBSERVED_IN_KAZAKHSTAN_EXACT_SKU_REVIEW_REQUIRED,MANUFACTURER_REFERENCE_REQUIRED,https://www.gc.dental/europe/en/products/castingringliner
GC-CAVITON,GC,GC Corporation,Caviton,,,1,GC Europe / Dental products,https://www.gc.dental/europe/sites/europe.gc.dental/files/products/images/Caviton%2001%20-%20lores.jpg,1,OFFICIAL_EUROPE_RANGE_AND_BRAND_OBSERVED_IN_KAZAKHSTAN_EXACT_SKU_REVIEW_REQUIRED,MANUFACTURER_REFERENCE_REQUIRED,https://www.gc.dental/europe/en/products/caviton
GC-CAVITYCONDITIONER,GC,GC Corporation,Cavity Conditioner,,,1,GC Europe / Dental products,https://www.gc.dental/europe/sites/europe.gc.dental/files/products/images/cavityconditioner_packshot.jpg,1,OFFICIAL_EUROPE_RANGE_AND_BRAND_OBSERVED_IN_KAZAKHSTAN_EXACT_SKU_REVIEW_REQUIRED,MANUFACTURER_REFERENCE_REQUIRED,https://www.gc.dental/europe/en/products/cavityconditioner
GC-CERAMICPRIMER2,GC,GC Corporation,CERAMIC PRIMER II,,,1,GC Europe / Dental products,https://www.gc.dental/europe/sites/europe.gc.dental/files/products/images/ceramicprimer2_packshot.jpg,1,OFFICIAL_EUROPE_RANGE_AND_BRAND_OBSERVED_IN_KAZAKHSTAN_EXACT_SKU_REVIEW_REQUIRED,MANUFACTURER_REFERENCE_REQUIRED,https://www.gc.dental/europe/en/products/ceramicprimer2
GC-CERASMART270,GC,GC Corporation,CERASMART270,,,1,GC Europe / Dental products,https://www.gc.dental/europe/sites/europe.gc.dental/files/products/images/cerasmart270_packshot.jpg,1,OFFICIAL_EUROPE_RANGE_AND_BRAND_OBSERVED_IN_KAZAKHSTAN_EXACT_SKU_REVIEW_REQUIRED,MANUFACTURER_REFERENCE_REQUIRED,https://www.gc.dental/europe/en/products/cerasmart270
GC-COCOABUTTER,GC,GC Corporation,Cocoa Butter,,,1,GC Europe / Dental products,https://www.gc.dental/europe/sites/europe.gc.dental/files/products/images/cocoabutter_packshot.jpg,1,OFFICIAL_EUROPE_RANGE_AND_BRAND_OBSERVED_IN_KAZAKHSTAN_EXACT_SKU_REVIEW_REQUIRED,MANUFACTURER_REFERENCE_REQUIRED,https://www.gc.dental/europe/en/products/cocoabutter
GC-COECOMFORT,GC,GC Corporation,Coe Comfort,,,1,GC Europe / Dental products,https://www.gc.dental/europe/sites/europe.gc.dental/files/products/images/coecomfort_packshot.jpg,1,OFFICIAL_EUROPE_RANGE_AND_BRAND_OBSERVED_IN_KAZAKHSTAN_EXACT_SKU_REVIEW_REQUIRED,MANUFACTURER_REFERENCE_REQUIRED,https://www.gc.dental/europe/en/products/coecomfort
GC-COEIMPRESSIONTRAYS,GC,GC Corporation,COE IMPRESSION TRAYS,,,1,GC Europe / Dental products,https://www.gc.dental/europe/sites/europe.gc.dental/files/products/images/coeimpressiontrays_packshot.jpg,1,OFFICIAL_EUROPE_RANGE_AND_BRAND_OBSERVED_IN_KAZAKHSTAN_EXACT_SKU_REVIEW_REQUIRED,MANUFACTURER_REFERENCE_REQUIRED,https://www.gc.dental/europe/en/products/coeimpressiontrays
GC-COESOFT,GC,GC Corporation,Coe Soft,,,1,GC Europe / Dental products,https://www.gc.dental/europe/sites/europe.gc.dental/files/products/images/coesoft_packshot.jpg,1,OFFICIAL_EUROPE_RANGE_AND_BRAND_OBSERVED_IN_KAZAKHSTAN_EXACT_SKU_REVIEW_REQUIRED,MANUFACTURER_REFERENCE_REQUIRED,https://www.gc.dental/europe/en/products/coesoft
GC-COEPAK,GC,GC Corporation,COE-PAK,,,1,GC Europe / Dental products,https://www.gc.dental/europe/sites/europe.gc.dental/files/products/images/coepak_packshot.jpg,1,OFFICIAL_EUROPE_RANGE_AND_BRAND_OBSERVED_IN_KAZAKHSTAN_EXACT_SKU_REVIEW_REQUIRED,MANUFACTURER_REFERENCE_REQUIRED,https://www.gc.dental/europe/en/products/coepak
GC-COMPOSITEPRIMER,GC,GC Corporation,COMPOSITE PRIMER,,,1,GC Europe / Dental products,https://www.gc.dental/europe/sites/europe.gc.dental/files/products/images/compositeprimer_packshot.jpg,1,OFFICIAL_EUROPE_RANGE_AND_BRAND_OBSERVED_IN_KAZAKHSTAN_EXACT_SKU_REVIEW_REQUIRED,MANUFACTURER_REFERENCE_REQUIRED,https://www.gc.dental/europe/en/products/compositeprimer
GC-DLIGHTPRO,GC,GC Corporation,D-Light Pro,,,1,GC Europe / Dental products,https://www.gc.dental/europe/sites/europe.gc.dental/files/products/images/dlightpro_packshot.jpg,1,OFFICIAL_EUROPE_RANGE_AND_BRAND_OBSERVED_IN_KAZAKHSTAN_EXACT_SKU_REVIEW_REQUIRED,MANUFACTURER_REFERENCE_REQUIRED,https://www.gc.dental/europe/en/products/dlightpro
GC-DENTINCONDITIONER,GC,GC Corporation,Dentin Conditioner,,,1,GC Europe / Dental products,https://www.gc.dental/europe/sites/europe.gc.dental/files/products/images/dentinconditioner_packshot.jpg,1,OFFICIAL_EUROPE_RANGE_AND_BRAND_OBSERVED_IN_KAZAKHSTAN_EXACT_SKU_REVIEW_REQUIRED,MANUFACTURER_REFERENCE_REQUIRED,https://www.gc.dental/europe/en/products/dentinconditioner
GC-DIAPOLISHERPASTE,GC,GC Corporation,DiaPolisher Paste,,,1,GC Europe / Dental products,https://www.gc.dental/europe/sites/europe.gc.dental/files/products/images/diapolisherpaste_packshot.jpg,1,OFFICIAL_EUROPE_RANGE_AND_BRAND_OBSERVED_IN_KAZAKHSTAN_EXACT_SKU_REVIEW_REQUIRED,MANUFACTURER_REFERENCE_REQUIRED,https://www.gc.dental/europe/en/products/diapolisherpaste
GC-DRYMOUTHGEL,GC,GC Corporation,Dry Mouth Gel,,,1,GC Europe / Dental products,https://www.gc.dental/europe/sites/europe.gc.dental/files/products/images/drymouthgel_packshot.jpg,1,OFFICIAL_EUROPE_RANGE_AND_BRAND_OBSERVED_IN_KAZAKHSTAN_EXACT_SKU_REVIEW_REQUIRED,MANUFACTURER_REFERENCE_REQUIRED,https://www.gc.dental/europe/en/products/drymouthgel
GC-EPITEX,GC,GC Corporation,Epitex,,,1,GC Europe / Dental products,https://www.gc.dental/europe/sites/europe.gc.dental/files/products/images/epitex_packshot.jpg,1,OFFICIAL_EUROPE_RANGE_AND_BRAND_OBSERVED_IN_KAZAKHSTAN_EXACT_SKU_REVIEW_REQUIRED,MANUFACTURER_REFERENCE_REQUIRED,https://www.gc.dental/europe/en/products/epitex
GC-EQUIA,GC,GC Corporation,EQUIA,,,1,GC Europe / Dental products,https://www.gc.dental/europe/sites/europe.gc.dental/files/products/images/equia_packshot.jpg,1,OFFICIAL_EUROPE_RANGE_AND_BRAND_OBSERVED_IN_KAZAKHSTAN_EXACT_SKU_REVIEW_REQUIRED,MANUFACTURER_REFERENCE_REQUIRED,https://www.gc.dental/europe/en/products/equia
GC-EQUIAFORTEHT,GC,GC Corporation,EQUIA Forte HT,,,1,GC Europe / Dental products,https://www.gc.dental/europe/sites/europe.gc.dental/files/products/images/Equia%20Forte%2003.jpg,1,OFFICIAL_EUROPE_RANGE_AND_BRAND_OBSERVED_IN_KAZAKHSTAN_EXACT_SKU_REVIEW_REQUIRED,MANUFACTURER_REFERENCE_REQUIRED,https://www.gc.dental/europe/en/products/equiaforteht
GC-ESSENTIA,GC,GC Corporation,Essentia,,,1,GC Europe / Dental products,https://www.gc.dental/europe/sites/europe.gc.dental/files/products/images/essentia_packshot.jpg,1,OFFICIAL_EUROPE_RANGE_AND_BRAND_OBSERVED_IN_KAZAKHSTAN_EXACT_SKU_REVIEW_REQUIRED,MANUFACTURER_REFERENCE_REQUIRED,https://www.gc.dental/europe/en/products/essentia
GC-ESSENTIAUNIVERSAL,GC,GC Corporation,Essentia Universal,,,1,GC Europe / Dental products,https://www.gc.dental/europe/sites/europe.gc.dental/files/products/images/essentiauniversal_packshot.jpg,1,OFFICIAL_EUROPE_RANGE_AND_BRAND_OBSERVED_IN_KAZAKHSTAN_EXACT_SKU_REVIEW_REQUIRED,MANUFACTURER_REFERENCE_REQUIRED,https://www.gc.dental/europe/en/products/essentiauniversal
GC-EVERSTICKCB,GC,GC Corporation,everStickC&B,,,1,GC Europe / Dental products,https://www.gc.dental/europe/sites/europe.gc.dental/files/products/images/everstickcb_packshot.jpg,1,OFFICIAL_EUROPE_RANGE_AND_BRAND_OBSERVED_IN_KAZAKHSTAN_EXACT_SKU_REVIEW_REQUIRED,MANUFACTURER_REFERENCE_REQUIRED,https://www.gc.dental/europe/en/products/everstickcb
GC-EVERSTICKNET,GC,GC Corporation,everStickNET,,,1,GC Europe / Dental products,https://www.gc.dental/europe/sites/europe.gc.dental/files/products/images/eversticknet_packshot.jpg,1,OFFICIAL_EUROPE_RANGE_AND_BRAND_OBSERVED_IN_KAZAKHSTAN_EXACT_SKU_REVIEW_REQUIRED,MANUFACTURER_REFERENCE_REQUIRED,https://www.gc.dental/europe/en/products/eversticknet
GC-EVERSTICKORTHO,GC,GC Corporation,everStickORTHO,,,1,GC Europe / Dental products,https://www.gc.dental/europe/sites/europe.gc.dental/files/products/images/everstickortho_packshot.jpg,1,OFFICIAL_EUROPE_RANGE_AND_BRAND_OBSERVED_IN_KAZAKHSTAN_EXACT_SKU_REVIEW_REQUIRED,MANUFACTURER_REFERENCE_REQUIRED,https://www.gc.dental/europe/en/products/everstickortho
GC-EVERSTICKPERIO,GC,GC Corporation,everStickPERIO,,,1,GC Europe / Dental products,https://www.gc.dental/europe/sites/europe.gc.dental/files/products/images/everstickperio_packshot.jpg,1,OFFICIAL_EUROPE_RANGE_AND_BRAND_OBSERVED_IN_KAZAKHSTAN_EXACT_SKU_REVIEW_REQUIRED,MANUFACTURER_REFERENCE_REQUIRED,https://www.gc.dental/europe/en/products/everstickperio
GC-EVERSTICKPOST,GC,GC Corporation,everStickPOST,,,1,GC Europe / Dental products,https://www.gc.dental/europe/sites/europe.gc.dental/files/products/images/everstickpost_packshot.jpg,1,OFFICIAL_EUROPE_RANGE_AND_BRAND_OBSERVED_IN_KAZAKHSTAN_EXACT_SKU_REVIEW_REQUIRED,MANUFACTURER_REFERENCE_REQUIRED,https://www.gc.dental/europe/en/products/everstickpost
GC-EVERXFLOW,GC,GC Corporation,everX Flow,,,1,GC Europe / Dental products,https://www.gc.dental/europe/sites/europe.gc.dental/files/products/images/everxflow_packshot.jpg,1,OFFICIAL_EUROPE_RANGE_AND_BRAND_OBSERVED_IN_KAZAKHSTAN_EXACT_SKU_REVIEW_REQUIRED,MANUFACTURER_REFERENCE_REQUIRED,https://www.gc.dental/europe/en/products/everxflow
GC-EVERXPOSTERIOR,GC,GC Corporation,everX Posterior,,,1,GC Europe / Dental products,https://www.gc.dental/europe/sites/europe.gc.dental/files/products/images/everxposterior_packshot.jpg,1,OFFICIAL_EUROPE_RANGE_AND_BRAND_OBSERVED_IN_KAZAKHSTAN_EXACT_SKU_REVIEW_REQUIRED,MANUFACTURER_REFERENCE_REQUIRED,https://www.gc.dental/europe/en/products/everxposterior
GC-EXAADVANCED,GC,GC Corporation,EXA Advanced,,,1,GC Europe / Dental products,https://www.gc.dental/europe/sites/europe.gc.dental/files/products/images/Exa%20Advanced%20injection%20normal%20set%20-%20Mirror.jpg,1,OFFICIAL_EUROPE_RANGE_AND_BRAND_OBSERVED_IN_KAZAKHSTAN_EXACT_SKU_REVIEW_REQUIRED,MANUFACTURER_REFERENCE_REQUIRED,https://www.gc.dental/europe/en/products/exaadvanced
GC-EXABITE2,GC,GC Corporation,EXABITE II,,,1,GC Europe / Dental products,https://www.gc.dental/europe/sites/europe.gc.dental/files/products/images/exabite2_packshot.jpg,1,OFFICIAL_EUROPE_RANGE_AND_BRAND_OBSERVED_IN_KAZAKHSTAN_EXACT_SKU_REVIEW_REQUIRED,MANUFACTURER_REFERENCE_REQUIRED,https://www.gc.dental/europe/en/products/exabite2
GC-EXACLEAR,GC,GC Corporation,EXACLEAR,,,1,GC Europe / Dental products,https://www.gc.dental/europe/sites/europe.gc.dental/files/products/images/exaclear_packshot.jpg,1,OFFICIAL_EUROPE_RANGE_AND_BRAND_OBSERVED_IN_KAZAKHSTAN_EXACT_SKU_REVIEW_REQUIRED,MANUFACTURER_REFERENCE_REQUIRED,https://www.gc.dental/europe/en/products/exaclear
GC-EXAFLEX,GC,GC Corporation,EXAFLEX,,,1,GC Europe / Dental products,https://www.gc.dental/europe/sites/europe.gc.dental/files/products/images/exaflex_packshot.jpg,1,OFFICIAL_EUROPE_RANGE_AND_BRAND_OBSERVED_IN_KAZAKHSTAN_EXACT_SKU_REVIEW_REQUIRED,MANUFACTURER_REFERENCE_REQUIRED,https://www.gc.dental/europe/en/products/exaflex
GC-FITCHECKERADVANCED,GC,GC Corporation,FIT CHECKER ADVANCED,,,1,GC Europe / Dental products,https://www.gc.dental/europe/sites/europe.gc.dental/files/products/images/fitcheckeradvanced_packshot.jpg,1,OFFICIAL_EUROPE_RANGE_AND_BRAND_OBSERVED_IN_KAZAKHSTAN_EXACT_SKU_REVIEW_REQUIRED,MANUFACTURER_REFERENCE_REQUIRED,https://www.gc.dental/europe/en/products/fitcheckeradvanced
GC-FREEGENOL,GC,GC Corporation,FREEGENOL,,,1,GC Europe / Dental products,https://www.gc.dental/europe/sites/europe.gc.dental/files/products/images/freegenol_packshot.jpg,1,OFFICIAL_EUROPE_RANGE_AND_BRAND_OBSERVED_IN_KAZAKHSTAN_EXACT_SKU_REVIEW_REQUIRED,MANUFACTURER_REFERENCE_REQUIRED,https://www.gc.dental/europe/en/products/freegenol
GC-FUJICOATLC,GC,GC Corporation,Fuji COAT LC,,,1,GC Europe / Dental products,https://www.gc.dental/europe/sites/europe.gc.dental/files/products/images/fujicoatlc_packshot.jpg,1,OFFICIAL_EUROPE_RANGE_AND_BRAND_OBSERVED_IN_KAZAKHSTAN_EXACT_SKU_REVIEW_REQUIRED,MANUFACTURER_REFERENCE_REQUIRED,https://www.gc.dental/europe/en/products/fujicoatlc
GC-FUJI1,GC,GC Corporation,Fuji I,,,1,GC Europe / Dental products,https://www.gc.dental/europe/sites/europe.gc.dental/files/products/images/GC%20Fuji%20I_5.jpg,1,OFFICIAL_EUROPE_RANGE_AND_BRAND_OBSERVED_IN_KAZAKHSTAN_EXACT_SKU_REVIEW_REQUIRED,MANUFACTURER_REFERENCE_REQUIRED,https://www.gc.dental/europe/en/products/fuji1
GC-FUJI2,GC,GC Corporation,Fuji II,,,1,GC Europe / Dental products,https://www.gc.dental/europe/sites/europe.gc.dental/files/products/images/fuji2_packshot.jpg,1,OFFICIAL_EUROPE_RANGE_AND_BRAND_OBSERVED_IN_KAZAKHSTAN_EXACT_SKU_REVIEW_REQUIRED,MANUFACTURER_REFERENCE_REQUIRED,https://www.gc.dental/europe/en/products/fuji2
GC-FUJI2LC,GC,GC Corporation,Fuji II LC,,,1,GC Europe / Dental products,https://www.gc.dental/europe/sites/europe.gc.dental/files/products/images/fuji2lc_packshot.jpg,1,OFFICIAL_EUROPE_RANGE_AND_BRAND_OBSERVED_IN_KAZAKHSTAN_EXACT_SKU_REVIEW_REQUIRED,MANUFACTURER_REFERENCE_REQUIRED,https://www.gc.dental/europe/en/products/fuji2lc
GC-FUJI9GP,GC,GC Corporation,Fuji IX GP,,,1,GC Europe / Dental products,https://www.gc.dental/europe/sites/europe.gc.dental/files/products/images/fuji9gp_packshot.jpg,1,OFFICIAL_EUROPE_RANGE_AND_BRAND_OBSERVED_IN_KAZAKHSTAN_EXACT_SKU_REVIEW_REQUIRED,MANUFACTURER_REFERENCE_REQUIRED,https://www.gc.dental/europe/en/products/fuji9gp
GC-FUJILININGLC,GC,GC Corporation,Fuji LINING LC,,,1,GC Europe / Dental products,https://www.gc.dental/europe/sites/europe.gc.dental/files/products/images/fujilininglc_packshot.jpg,1,OFFICIAL_EUROPE_RANGE_AND_BRAND_OBSERVED_IN_KAZAKHSTAN_EXACT_SKU_REVIEW_REQUIRED,MANUFACTURER_REFERENCE_REQUIRED,https://www.gc.dental/europe/en/products/fujilininglc
GC-FUJIORTHO,GC,GC Corporation,Fuji ORTHO,,,1,GC Europe / Dental products,https://www.gc.dental/europe/sites/europe.gc.dental/files/products/images/fujiortho_packshot.jpg,1,OFFICIAL_EUROPE_RANGE_AND_BRAND_OBSERVED_IN_KAZAKHSTAN_EXACT_SKU_REVIEW_REQUIRED,MANUFACTURER_REFERENCE_REQUIRED,https://www.gc.dental/europe/en/products/fujiortho
GC-FUJIORTHOBAND,GC,GC Corporation,Fuji ORTHO BAND,,,1,GC Europe / Dental products,https://www.gc.dental/europe/sites/europe.gc.dental/files/products/images/fujiorthoband_packshot.jpg,1,OFFICIAL_EUROPE_RANGE_AND_BRAND_OBSERVED_IN_KAZAKHSTAN_EXACT_SKU_REVIEW_REQUIRED,MANUFACTURER_REFERENCE_REQUIRED,https://www.gc.dental/europe/en/products/fujiorthoband
GC-FUJIORTHOBANDLC,GC,GC Corporation,Fuji ORTHO BAND LC,,,1,GC Europe / Dental products,https://www.gc.dental/europe/sites/europe.gc.dental/files/products/images/fujiorthobandlc_packshot.jpg,1,OFFICIAL_EUROPE_RANGE_AND_BRAND_OBSERVED_IN_KAZAKHSTAN_EXACT_SKU_REVIEW_REQUIRED,MANUFACTURER_REFERENCE_REQUIRED,https://www.gc.dental/europe/en/products/fujiorthobandlc
GC-FUJIORTHOLC,GC,GC Corporation,Fuji ORTHO LC,,,1,GC Europe / Dental products,https://www.gc.dental/europe/sites/europe.gc.dental/files/products/images/fujiortholc_packshot.jpg,1,OFFICIAL_EUROPE_RANGE_AND_BRAND_OBSERVED_IN_KAZAKHSTAN_EXACT_SKU_REVIEW_REQUIRED,MANUFACTURER_REFERENCE_REQUIRED,https://www.gc.dental/europe/en/products/fujiortholc
GC-FUJIPLUS,GC,GC Corporation,Fuji PLUS (EWT),,,1,GC Europe / Dental products,https://www.gc.dental/europe/sites/europe.gc.dental/files/products/images/fujiplus_packshot.jpg,1,OFFICIAL_EUROPE_RANGE_AND_BRAND_OBSERVED_IN_KAZAKHSTAN_EXACT_SKU_REVIEW_REQUIRED,MANUFACTURER_REFERENCE_REQUIRED,https://www.gc.dental/europe/en/products/fujiplus
GC-FUJITEMPLT,GC,GC Corporation,Fuji TEMP LT,,,1,GC Europe / Dental products,https://www.gc.dental/europe/sites/europe.gc.dental/files/products/images/fujitemplt_packshot.jpg,1,OFFICIAL_EUROPE_RANGE_AND_BRAND_OBSERVED_IN_KAZAKHSTAN_EXACT_SKU_REVIEW_REQUIRED,MANUFACTURER_REFERENCE_REQUIRED,https://www.gc.dental/europe/en/products/fujitemplt
GC-FUJITRIAGE,GC,GC Corporation,Fuji Triage,,,1,GC Europe / Dental products,https://www.gc.dental/europe/sites/europe.gc.dental/files/products/images/fujitriage_packshot.jpg,1,OFFICIAL_EUROPE_RANGE_AND_BRAND_OBSERVED_IN_KAZAKHSTAN_EXACT_SKU_REVIEW_REQUIRED,MANUFACTURER_REFERENCE_REQUIRED,https://www.gc.dental/europe/en/products/fujitriage
GC-FUJIVARNISH,GC,GC Corporation,Fuji VARNISH,,,1,GC Europe / Dental products,https://www.gc.dental/europe/sites/europe.gc.dental/files/products/images/Fuji%20Varnish_0.png,1,OFFICIAL_EUROPE_RANGE_AND_BRAND_OBSERVED_IN_KAZAKHSTAN_EXACT_SKU_REVIEW_REQUIRED,MANUFACTURER_REFERENCE_REQUIRED,https://www.gc.dental/europe/en/products/fujivarnish
GC-FUJICEM2,GC,GC Corporation,FujiCEM 2,,,1,GC Europe / Dental products,https://www.gc.dental/europe/sites/europe.gc.dental/files/products/images/fujicem2_packshot.jpg,1,OFFICIAL_EUROPE_RANGE_AND_BRAND_OBSERVED_IN_KAZAKHSTAN_EXACT_SKU_REVIEW_REQUIRED,MANUFACTURER_REFERENCE_REQUIRED,https://www.gc.dental/europe/en/products/fujicem2
GC-FUJICEMEVOLVE,GC,GC Corporation,FujiCEM Evolve,,,1,GC Europe / Dental products,https://www.gc.dental/europe/sites/europe.gc.dental/files/products/images/fujicemevolve_packshot.jpg,1,OFFICIAL_EUROPE_RANGE_AND_BRAND_OBSERVED_IN_KAZAKHSTAN_EXACT_SKU_REVIEW_REQUIRED,MANUFACTURER_REFERENCE_REQUIRED,https://www.gc.dental/europe/en/products/fujicemevolve
GC-FUJIROCK,GC,GC Corporation,Fujirock EP,,,1,GC Europe / Dental products,https://www.gc.dental/europe/sites/europe.gc.dental/files/products/images/fujirock_packshot.jpg,1,OFFICIAL_EUROPE_RANGE_AND_BRAND_OBSERVED_IN_KAZAKHSTAN_EXACT_SKU_REVIEW_REQUIRED,MANUFACTURER_REFERENCE_REQUIRED,https://www.gc.dental/europe/en/products/fujirock
GC-FUJIVEST2,GC,GC Corporation,Fujivest II,,,1,GC Europe / Dental products,https://www.gc.dental/europe/sites/europe.gc.dental/files/products/images/fujivest2_packshot.jpg,1,OFFICIAL_EUROPE_RANGE_AND_BRAND_OBSERVED_IN_KAZAKHSTAN_EXACT_SKU_REVIEW_REQUIRED,MANUFACTURER_REFERENCE_REQUIRED,https://www.gc.dental/europe/en/products/fujivest2
GC-FUJIVESTPLATINUM2,GC,GC Corporation,Fujivest Platinum II,,,1,GC Europe / Dental products,https://www.gc.dental/europe/sites/europe.gc.dental/files/products/images/fujivestplatinum2_packshot.jpg,1,OFFICIAL_EUROPE_RANGE_AND_BRAND_OBSERVED_IN_KAZAKHSTAN_EXACT_SKU_REVIEW_REQUIRED,MANUFACTURER_REFERENCE_REQUIRED,https://www.gc.dental/europe/en/products/fujivestplatinum2
GC-FUJIVESTPREMIUM,GC,GC Corporation,Fujivest Premium,,,1,GC Europe / Dental products,https://www.gc.dental/europe/sites/europe.gc.dental/files/products/images/fujivestpremium_packshot.jpg,1,OFFICIAL_EUROPE_RANGE_AND_BRAND_OBSERVED_IN_KAZAKHSTAN_EXACT_SKU_REVIEW_REQUIRED,MANUFACTURER_REFERENCE_REQUIRED,https://www.gc.dental/europe/en/products/fujivestpremium
GC-FUJIVESTSUPER,GC,GC Corporation,Fujivest Super,,,1,GC Europe / Dental products,https://www.gc.dental/europe/sites/europe.gc.dental/files/products/images/fujivestsuper_packshot.jpg,1,OFFICIAL_EUROPE_RANGE_AND_BRAND_OBSERVED_IN_KAZAKHSTAN_EXACT_SKU_REVIEW_REQUIRED,MANUFACTURER_REFERENCE_REQUIRED,https://www.gc.dental/europe/en/products/fujivestsuper
GC-GAENIAL,GC,GC Corporation,G-ænial,,,1,GC Europe / Dental products,https://www.gc.dental/europe/sites/europe.gc.dental/files/products/images/Gaenial%20Anterior%20-%20Single%20syringe%20with%20Unitips.jpg,1,OFFICIAL_EUROPE_RANGE_AND_BRAND_OBSERVED_IN_KAZAKHSTAN_EXACT_SKU_REVIEW_REQUIRED,MANUFACTURER_REFERENCE_REQUIRED,https://www.gc.dental/europe/en/products/gaenial
GC-GAENIALACHORD,GC,GC Corporation,G-ænial A'CHORD,,,1,GC Europe / Dental products,https://www.gc.dental/europe/sites/europe.gc.dental/files/products/images/Gaenial%20ACHORD%20-%20Single%20syringe%20with%20Unitips.png,1,OFFICIAL_EUROPE_RANGE_AND_BRAND_OBSERVED_IN_KAZAKHSTAN_EXACT_SKU_REVIEW_REQUIRED,MANUFACTURER_REFERENCE_REQUIRED,https://www.gc.dental/europe/en/products/gaenialachord
GC-GAENIALBOND,GC,GC Corporation,G-ænial Bond,,,1,GC Europe / Dental products,https://www.gc.dental/europe/sites/europe.gc.dental/files/products/images/packshot_0.jpg,1,OFFICIAL_EUROPE_RANGE_AND_BRAND_OBSERVED_IN_KAZAKHSTAN_EXACT_SKU_REVIEW_REQUIRED,MANUFACTURER_REFERENCE_REQUIRED,https://www.gc.dental/europe/en/products/gaenialbond
GC-GAENIALFLOX,GC,GC Corporation,G-ænial Flo X,,,1,GC Europe / Dental products,https://www.gc.dental/europe/sites/europe.gc.dental/files/products/images/gaenialflox_packshot.jpg,1,OFFICIAL_EUROPE_RANGE_AND_BRAND_OBSERVED_IN_KAZAKHSTAN_EXACT_SKU_REVIEW_REQUIRED,MANUFACTURER_REFERENCE_REQUIRED,https://www.gc.dental/europe/en/products/gaenialflox
GC-GAENIALUNIVERSALFLO,GC,GC Corporation,G-ænial Universal Flo,,,1,GC Europe / Dental products,https://www.gc.dental/europe/sites/europe.gc.dental/files/products/images/gaenialuniversalflo_packshot.jpg,1,OFFICIAL_EUROPE_RANGE_AND_BRAND_OBSERVED_IN_KAZAKHSTAN_EXACT_SKU_REVIEW_REQUIRED,MANUFACTURER_REFERENCE_REQUIRED,https://www.gc.dental/europe/en/products/gaenialuniversalflo
GC-GAENIALUNIVERSALINJECTABLE,GC,GC Corporation,G-ænial Universal Injectable,,,1,GC Europe / Dental products,https://www.gc.dental/europe/sites/europe.gc.dental/files/products/images/G-aenial%20Universal%20Injectable%20A2%2Bunitip-low.png,1,OFFICIAL_EUROPE_RANGE_AND_BRAND_OBSERVED_IN_KAZAKHSTAN_EXACT_SKU_REVIEW_REQUIRED,MANUFACTURER_REFERENCE_REQUIRED,https://www.gc.dental/europe/en/products/gaenialuniversalinjectable
GC-GBOND,GC,GC Corporation,G-BOND,,,1,GC Europe / Dental products,https://www.gc.dental/europe/sites/europe.gc.dental/files/products/images/gbond_packshot.jpg,1,OFFICIAL_EUROPE_RANGE_AND_BRAND_OBSERVED_IN_KAZAKHSTAN_EXACT_SKU_REVIEW_REQUIRED,MANUFACTURER_REFERENCE_REQUIRED,https://www.gc.dental/europe/en/products/gbond
GC-GCEM,GC,GC Corporation,G-CEM,,,1,GC Europe / Dental products,https://www.gc.dental/europe/sites/europe.gc.dental/files/products/images/gcem_packshot.jpg,1,OFFICIAL_EUROPE_RANGE_AND_BRAND_OBSERVED_IN_KAZAKHSTAN_EXACT_SKU_REVIEW_REQUIRED,MANUFACTURER_REFERENCE_REQUIRED,https://www.gc.dental/europe/en/products/gcem
GC-GCEMLINKFORCE,GC,GC Corporation,G-CEM LinkForce,,,1,GC Europe / Dental products,https://www.gc.dental/europe/sites/europe.gc.dental/files/products/images/gcemlinkforce_packshot.jpg,1,OFFICIAL_EUROPE_RANGE_AND_BRAND_OBSERVED_IN_KAZAKHSTAN_EXACT_SKU_REVIEW_REQUIRED,MANUFACTURER_REFERENCE_REQUIRED,https://www.gc.dental/europe/en/products/gcemlinkforce
GC-GCEMONE,GC,GC Corporation,G-CEM ONE,,,1,GC Europe / Dental products,https://www.gc.dental/europe/sites/europe.gc.dental/files/products/images/About%20pic_LR.jpg,1,OFFICIAL_EUROPE_RANGE_AND_BRAND_OBSERVED_IN_KAZAKHSTAN_EXACT_SKU_REVIEW_REQUIRED,MANUFACTURER_REFERENCE_REQUIRED,https://www.gc.dental/europe/en/products/gcemone
GC-GCEMVENEER,GC,GC Corporation,G-CEM Veneer,,,1,GC Europe / Dental products,https://www.gc.dental/europe/sites/europe.gc.dental/files/products/images/gcemveneer_packshot.jpg,1,OFFICIAL_EUROPE_RANGE_AND_BRAND_OBSERVED_IN_KAZAKHSTAN_EXACT_SKU_REVIEW_REQUIRED,MANUFACTURER_REFERENCE_REQUIRED,https://www.gc.dental/europe/en/products/gcemveneer
GC-GCOATPLUS,GC,GC Corporation,G-COAT PLUS,,,1,GC Europe / Dental products,https://www.gc.dental/europe/sites/europe.gc.dental/files/products/images/gcoatplus_packshot.jpg,1,OFFICIAL_EUROPE_RANGE_AND_BRAND_OBSERVED_IN_KAZAKHSTAN_EXACT_SKU_REVIEW_REQUIRED,MANUFACTURER_REFERENCE_REQUIRED,https://www.gc.dental/europe/en/products/gcoatplus
GC-GMULTIPRIMER,GC,GC Corporation,G-Multi PRIMER,,,1,GC Europe / Dental products,https://www.gc.dental/europe/sites/europe.gc.dental/files/products/images/gmultiprimer_packshot.jpg,1,OFFICIAL_EUROPE_RANGE_AND_BRAND_OBSERVED_IN_KAZAKHSTAN_EXACT_SKU_REVIEW_REQUIRED,MANUFACTURER_REFERENCE_REQUIRED,https://www.gc.dental/europe/en/products/gmultiprimer
GC-GPREMIOBOND,GC,GC Corporation,G-Premio BOND,,,1,GC Europe / Dental products,https://www.gc.dental/europe/sites/europe.gc.dental/files/products/images/gpremiobond_packshot.jpg,1,OFFICIAL_EUROPE_RANGE_AND_BRAND_OBSERVED_IN_KAZAKHSTAN_EXACT_SKU_REVIEW_REQUIRED,MANUFACTURER_REFERENCE_REQUIRED,https://www.gc.dental/europe/en/products/gpremiobond
GC-G2BONDUNIVERSAL,GC,GC Corporation,G2-BOND Universal,,,1,GC Europe / Dental products,https://www.gc.dental/europe/sites/europe.gc.dental/files/products/images/G2-BOND%20Universal%20packshot_LR.jpg,1,OFFICIAL_EUROPE_RANGE_AND_BRAND_OBSERVED_IN_KAZAKHSTAN_EXACT_SKU_REVIEW_REQUIRED,MANUFACTURER_REFERENCE_REQUIRED,https://www.gc.dental/europe/en/products/g2bonduniversal
GC-GRADIA,GC,GC Corporation,GRADIA Composites,,,1,GC Europe / Dental products,https://www.gc.dental/europe/sites/europe.gc.dental/files/products/images/gradia_press5.jpg,1,OFFICIAL_EUROPE_RANGE_AND_BRAND_OBSERVED_IN_KAZAKHSTAN_EXACT_SKU_REVIEW_REQUIRED,MANUFACTURER_REFERENCE_REQUIRED,https://www.gc.dental/europe/en/products/gradia
GC-GRADIACORE,GC,GC Corporation,GRADIA CORE,,,1,GC Europe / Dental products,https://www.gc.dental/europe/sites/europe.gc.dental/files/products/images/gradiacore_packshot.jpg,1,OFFICIAL_EUROPE_RANGE_AND_BRAND_OBSERVED_IN_KAZAKHSTAN_EXACT_SKU_REVIEW_REQUIRED,MANUFACTURER_REFERENCE_REQUIRED,https://www.gc.dental/europe/en/products/gradiacore
GC-GRADIADIRECT,GC,GC Corporation,Gradia Direct,,,1,GC Europe / Dental products,https://www.gc.dental/europe/sites/europe.gc.dental/files/products/images/Gradia%20Direct%20syringe-untip.jpg,1,OFFICIAL_EUROPE_RANGE_AND_BRAND_OBSERVED_IN_KAZAKHSTAN_EXACT_SKU_REVIEW_REQUIRED,MANUFACTURER_REFERENCE_REQUIRED,https://www.gc.dental/europe/en/products/gradiadirect
GC-GRADIADIRECTFLO,GC,GC Corporation,Gradia Direct Flo,,,1,GC Europe / Dental products,https://www.gc.dental/europe/sites/europe.gc.dental/files/products/images/gradiadirectflo_packshot.jpg,1,OFFICIAL_EUROPE_RANGE_AND_BRAND_OBSERVED_IN_KAZAKHSTAN_EXACT_SKU_REVIEW_REQUIRED,MANUFACTURER_REFERENCE_REQUIRED,https://www.gc.dental/europe/en/products/gradiadirectflo
GC-GRADIADIRECTLOFLO,GC,GC Corporation,Gradia Direct LoFlo,,,1,GC Europe / Dental products,https://www.gc.dental/europe/sites/europe.gc.dental/files/products/images/gradiadirectloflo_packshot.jpg,1,OFFICIAL_EUROPE_RANGE_AND_BRAND_OBSERVED_IN_KAZAKHSTAN_EXACT_SKU_REVIEW_REQUIRED,MANUFACTURER_REFERENCE_REQUIRED,https://www.gc.dental/europe/en/products/gradiadirectloflo
GC-GRADIAPLUS,GC,GC Corporation,GRADIA PLUS,,,1,GC Europe / Dental products,https://www.gc.dental/europe/sites/europe.gc.dental/files/products/images/gradiaplus_packshot.jpg,1,OFFICIAL_EUROPE_RANGE_AND_BRAND_OBSERVED_IN_KAZAKHSTAN_EXACT_SKU_REVIEW_REQUIRED,MANUFACTURER_REFERENCE_REQUIRED,https://www.gc.dental/europe/en/products/gradiaplus
GC-IMPRESSIONSEPARATIONWAFER,GC,GC Corporation,Impression Separation Wafer,,,1,GC Europe / Dental products,https://www.gc.dental/europe/sites/europe.gc.dental/files/products/images/impressionseparationwafer_packshot.jpg,1,OFFICIAL_EUROPE_RANGE_AND_BRAND_OBSERVED_IN_KAZAKHSTAN_EXACT_SKU_REVIEW_REQUIRED,MANUFACTURER_REFERENCE_REQUIRED,https://www.gc.dental/europe/en/products/impressionseparationwafer
GC-INITIALCASTNP,GC,GC Corporation,Initial CAST NP,,,1,GC Europe / Dental products,https://www.gc.dental/europe/sites/europe.gc.dental/files/products/images/GC%20Initial%20Cast%20NP%201.jpg,1,OFFICIAL_EUROPE_RANGE_AND_BRAND_OBSERVED_IN_KAZAKHSTAN_EXACT_SKU_REVIEW_REQUIRED,MANUFACTURER_REFERENCE_REQUIRED,https://www.gc.dental/europe/en/products/initialcastnp
GC-INITIAL,GC,GC Corporation,Initial Ceramics,,,1,GC Europe / Dental products,https://www.gc.dental/europe/sites/europe.gc.dental/files/products/images/initial_packshot.jpg,1,OFFICIAL_EUROPE_RANGE_AND_BRAND_OBSERVED_IN_KAZAKHSTAN_EXACT_SKU_REVIEW_REQUIRED,MANUFACTURER_REFERENCE_REQUIRED,https://www.gc.dental/europe/en/products/initial
GC-INITIALCONNECTORPASTE,GC,GC Corporation,Initial Connector Paste,,,1,GC Europe / Dental products,https://www.gc.dental/europe/sites/europe.gc.dental/files/products/images/initialconnectorpaste_packshot.jpg,1,OFFICIAL_EUROPE_RANGE_AND_BRAND_OBSERVED_IN_KAZAKHSTAN_EXACT_SKU_REVIEW_REQUIRED,MANUFACTURER_REFERENCE_REQUIRED,https://www.gc.dental/europe/en/products/initialconnectorpaste
GC-INITIALFIRINGFOAM,GC,GC Corporation,Initial FIRING FOAM,,,1,GC Europe / Dental products,https://www.gc.dental/europe/sites/europe.gc.dental/files/products/images/initialfiringfoam_packshot.jpg,1,OFFICIAL_EUROPE_RANGE_AND_BRAND_OBSERVED_IN_KAZAKHSTAN_EXACT_SKU_REVIEW_REQUIRED,MANUFACTURER_REFERENCE_REQUIRED,https://www.gc.dental/europe/en/products/initialfiringfoam
GC-INITIALGUMBLEACH,GC,GC Corporation,Initial Gum & Bleach Shades,,,1,GC Europe / Dental products,https://www.gc.dental/europe/sites/europe.gc.dental/files/products/images/initialgumbleach_packshot.jpg,1,OFFICIAL_EUROPE_RANGE_AND_BRAND_OBSERVED_IN_KAZAKHSTAN_EXACT_SKU_REVIEW_REQUIRED,MANUFACTURER_REFERENCE_REQUIRED,https://www.gc.dental/europe/en/products/initialgumbleach
GC-INITIALINMETALBOND,GC,GC Corporation,Initial INmetalbond,,,1,GC Europe / Dental products,https://www.gc.dental/europe/sites/europe.gc.dental/files/products/images/initialinmetalbond_packshot.jpg,1,OFFICIAL_EUROPE_RANGE_AND_BRAND_OBSERVED_IN_KAZAKHSTAN_EXACT_SKU_REVIEW_REQUIRED,MANUFACTURER_REFERENCE_REQUIRED,https://www.gc.dental/europe/en/products/initialinmetalbond
GC-INITIALIQLAYERING,GC,GC Corporation,Initial IQ Layering Concept,,,1,GC Europe / Dental products,https://www.gc.dental/europe/sites/europe.gc.dental/files/products/images/initialiqlayering_packshot.jpg,1,OFFICIAL_EUROPE_RANGE_AND_BRAND_OBSERVED_IN_KAZAKHSTAN_EXACT_SKU_REVIEW_REQUIRED,MANUFACTURER_REFERENCE_REQUIRED,https://www.gc.dental/europe/en/products/initialiqlayering
GC-INITIALIQLUSTREPASTESGUM,GC,GC Corporation,Initial IQ Lustre Pastes GUM,,,1,GC Europe / Dental products,https://www.gc.dental/europe/sites/europe.gc.dental/files/products/images/Initial%20IQ%20LP%20NF%20Gum%20Shades%20set_LR.jpg,1,OFFICIAL_EUROPE_RANGE_AND_BRAND_OBSERVED_IN_KAZAKHSTAN_EXACT_SKU_REVIEW_REQUIRED,MANUFACTURER_REFERENCE_REQUIRED,https://www.gc.dental/europe/en/products/initialiqlustrepastesgum
GC-INITIALIQLUSTREPASTESONE,GC,GC Corporation,Initial IQ Lustre Pastes ONE,,,1,GC Europe / Dental products,https://www.gc.dental/europe/sites/europe.gc.dental/files/products/images/Initial%20IQ%20LP%20ONE_Set_about_LR_5.jpg,1,OFFICIAL_EUROPE_RANGE_AND_BRAND_OBSERVED_IN_KAZAKHSTAN_EXACT_SKU_REVIEW_REQUIRED,MANUFACTURER_REFERENCE_REQUIRED,https://www.gc.dental/europe/en/products/initialiqlustrepastesone
GC-INITIALIQONESQIN,GC,GC Corporation,Initial IQ ONE SQIN,,,1,GC Europe / Dental products,https://www.gc.dental/europe/sites/europe.gc.dental/files/products/images/Initial%20IQ%20ONE%20SQIN%20System%20Set_about.jpg,1,OFFICIAL_EUROPE_RANGE_AND_BRAND_OBSERVED_IN_KAZAKHSTAN_EXACT_SKU_REVIEW_REQUIRED,MANUFACTURER_REFERENCE_REQUIRED,https://www.gc.dental/europe/en/products/initialiqonesqin
GC-INITIALIQPRESS,GC,GC Corporation,Initial IQ Press Concept,,,1,GC Europe / Dental products,https://www.gc.dental/europe/sites/europe.gc.dental/files/products/images/initialiqpress_packshot.jpg,1,OFFICIAL_EUROPE_RANGE_AND_BRAND_OBSERVED_IN_KAZAKHSTAN_EXACT_SKU_REVIEW_REQUIRED,MANUFACTURER_REFERENCE_REQUIRED,https://www.gc.dental/europe/en/products/initialiqpress
GC-INITIALLF,GC,GC Corporation,Initial LF,,,1,GC Europe / Dental products,https://www.gc.dental/europe/sites/europe.gc.dental/files/products/images/initiallf_packshot.jpg,1,OFFICIAL_EUROPE_RANGE_AND_BRAND_OBSERVED_IN_KAZAKHSTAN_EXACT_SKU_REVIEW_REQUIRED,MANUFACTURER_REFERENCE_REQUIRED,https://www.gc.dental/europe/en/products/initiallf
GC-INITIALLISI,GC,GC Corporation,Initial LiSi,,,1,GC Europe / Dental products,https://www.gc.dental/europe/sites/europe.gc.dental/files/products/images/initiallisi_packshot.jpg,1,OFFICIAL_EUROPE_RANGE_AND_BRAND_OBSERVED_IN_KAZAKHSTAN_EXACT_SKU_REVIEW_REQUIRED,MANUFACTURER_REFERENCE_REQUIRED,https://www.gc.dental/europe/en/products/initiallisi
GC-INITIALLISIBLOCK,GC,GC Corporation,Initial LiSi Block,,,1,GC Europe / Dental products,https://www.gc.dental/europe/sites/europe.gc.dental/files/products/images/About.jpg,1,OFFICIAL_EUROPE_RANGE_AND_BRAND_OBSERVED_IN_KAZAKHSTAN_EXACT_SKU_REVIEW_REQUIRED,MANUFACTURER_REFERENCE_REQUIRED,https://www.gc.dental/europe/en/products/initiallisiblock
GC-INITIALLISIPRESS,GC,GC Corporation,Initial LiSi Press,,,1,GC Europe / Dental products,https://www.gc.dental/europe/sites/europe.gc.dental/files/products/images/initiallisipress_packshot.jpg,1,OFFICIAL_EUROPE_RANGE_AND_BRAND_OBSERVED_IN_KAZAKHSTAN_EXACT_SKU_REVIEW_REQUIRED,MANUFACTURER_REFERENCE_REQUIRED,https://www.gc.dental/europe/en/products/initiallisipress
GC-INITIALLRFBLOCK,GC,GC Corporation,Initial LRF BLOCK,,,1,GC Europe / Dental products,https://www.gc.dental/europe/sites/europe.gc.dental/files/products/images/initiallrfblock_packshot.jpg,1,OFFICIAL_EUROPE_RANGE_AND_BRAND_OBSERVED_IN_KAZAKHSTAN_EXACT_SKU_REVIEW_REQUIRED,MANUFACTURER_REFERENCE_REQUIRED,https://www.gc.dental/europe/en/products/initiallrfblock
GC-INITIALMC,GC,GC Corporation,Initial MC,,,1,GC Europe / Dental products,https://www.gc.dental/europe/sites/europe.gc.dental/files/products/images/initialmc_packshot.jpg,1,OFFICIAL_EUROPE_RANGE_AND_BRAND_OBSERVED_IN_KAZAKHSTAN_EXACT_SKU_REVIEW_REQUIRED,MANUFACTURER_REFERENCE_REQUIRED,https://www.gc.dental/europe/en/products/initialmc
GC-INITIALREVOMC,GC,GC Corporation,Initial REVO MC,,,1,GC Europe / Dental products,https://www.gc.dental/europe/sites/europe.gc.dental/files/products/images/Revo%20MC%20compositie%2006_0.jpg,1,OFFICIAL_EUROPE_RANGE_AND_BRAND_OBSERVED_IN_KAZAKHSTAN_EXACT_SKU_REVIEW_REQUIRED,MANUFACTURER_REFERENCE_REQUIRED,https://www.gc.dental/europe/en/products/initialrevomc
GC-INITIALSPECTRUMSTAINS,GC,GC Corporation,Initial Spectrum Stains,,,1,GC Europe / Dental products,https://www.gc.dental/europe/sites/europe.gc.dental/files/products/images/initialspectrumstains_packshot.jpg,1,OFFICIAL_EUROPE_RANGE_AND_BRAND_OBSERVED_IN_KAZAKHSTAN_EXACT_SKU_REVIEW_REQUIRED,MANUFACTURER_REFERENCE_REQUIRED,https://www.gc.dental/europe/en/products/initialspectrumstains
GC-INITIALTI,GC,GC Corporation,Initial Ti,,,1,GC Europe / Dental products,https://www.gc.dental/europe/sites/europe.gc.dental/files/products/images/initialti_packshot.jpg,1,OFFICIAL_EUROPE_RANGE_AND_BRAND_OBSERVED_IN_KAZAKHSTAN_EXACT_SKU_REVIEW_REQUIRED,MANUFACTURER_REFERENCE_REQUIRED,https://www.gc.dental/europe/en/products/initialti
GC-INITIALZIRCONIACOLORINGLIQUID,GC,GC Corporation,Initial Zirconia Coloring Liquid,,,1,GC Europe / Dental products,https://www.gc.dental/europe/sites/europe.gc.dental/files/products/images/Initial%20Zirconia%20Coloring%20set%2001.jpg,1,OFFICIAL_EUROPE_RANGE_AND_BRAND_OBSERVED_IN_KAZAKHSTAN_EXACT_SKU_REVIEW_REQUIRED,MANUFACTURER_REFERENCE_REQUIRED,https://www.gc.dental/europe/en/products/initialzirconiacoloringliquid
GC-INITIALZRDISK,GC,GC Corporation,Initial Zirconia Disk,,,1,GC Europe / Dental products,https://www.gc.dental/europe/sites/europe.gc.dental/files/products/images/initialzrdisk_packshot.jpg,1,OFFICIAL_EUROPE_RANGE_AND_BRAND_OBSERVED_IN_KAZAKHSTAN_EXACT_SKU_REVIEW_REQUIRED,MANUFACTURER_REFERENCE_REQUIRED,https://www.gc.dental/europe/en/products/initialzrdisk
GC-INITIALZRDISKMLELITE,GC,GC Corporation,Initial Zirconia Disk Multilayer Elite,,,1,GC Europe / Dental products,https://www.gc.dental/europe/sites/europe.gc.dental/files/products/images/Initial%20Zr%20Disk%20ML%20ELite_main%20packshot%20for%20ABOUT%20page_0.jpg,1,OFFICIAL_EUROPE_RANGE_AND_BRAND_OBSERVED_IN_KAZAKHSTAN_EXACT_SKU_REVIEW_REQUIRED,MANUFACTURER_REFERENCE_REQUIRED,https://www.gc.dental/europe/en/products/initialzrdiskmlelite
GC-INITIALZRFS,GC,GC Corporation,Initial Zr-FS,,,1,GC Europe / Dental products,https://www.gc.dental/europe/sites/europe.gc.dental/files/products/images/initialzrfs_packshot.jpg,1,OFFICIAL_EUROPE_RANGE_AND_BRAND_OBSERVED_IN_KAZAKHSTAN_EXACT_SKU_REVIEW_REQUIRED,MANUFACTURER_REFERENCE_REQUIRED,https://www.gc.dental/europe/en/products/initialzrfs
GC-INLAYWAX,GC,GC Corporation,Inlay Wax,,,1,GC Europe / Dental products,https://www.gc.dental/europe/sites/europe.gc.dental/files/products/images/inlaywax_packshot.jpg,1,OFFICIAL_EUROPE_RANGE_AND_BRAND_OBSERVED_IN_KAZAKHSTAN_EXACT_SKU_REVIEW_REQUIRED,MANUFACTURER_REFERENCE_REQUIRED,https://www.gc.dental/europe/en/products/inlaywax
GC-KOOLINER,GC,GC Corporation,Kooliner,,,1,GC Europe / Dental products,https://www.gc.dental/europe/sites/europe.gc.dental/files/products/images/kooliner_packshot.jpg,1,OFFICIAL_EUROPE_RANGE_AND_BRAND_OBSERVED_IN_KAZAKHSTAN_EXACT_SKU_REVIEW_REQUIRED,MANUFACTURER_REFERENCE_REQUIRED,https://www.gc.dental/europe/en/products/kooliner
GC-LABOLIGHTDUO,GC,GC Corporation,Labolight DUO,,,1,GC Europe / Dental products,https://www.gc.dental/europe/sites/europe.gc.dental/files/products/images/labolightduo_packshot.jpg,1,OFFICIAL_EUROPE_RANGE_AND_BRAND_OBSERVED_IN_KAZAKHSTAN_EXACT_SKU_REVIEW_REQUIRED,MANUFACTURER_REFERENCE_REQUIRED,https://www.gc.dental/europe/en/products/labolightduo
GC-LISIPRESSVEST,GC,GC Corporation,LiSi PressVest,,,1,GC Europe / Dental products,https://www.gc.dental/europe/sites/europe.gc.dental/files/products/images/lisipressvest_packshot.jpg,1,OFFICIAL_EUROPE_RANGE_AND_BRAND_OBSERVED_IN_KAZAKHSTAN_EXACT_SKU_REVIEW_REQUIRED,MANUFACTURER_REFERENCE_REQUIRED,https://www.gc.dental/europe/en/products/lisipressvest
GC-METALPRIMERZ,GC,GC Corporation,METAL PRIMER Z,,,1,GC Europe / Dental products,https://www.gc.dental/europe/sites/europe.gc.dental/files/products/images/metalprimerz_packshot.jpg,1,OFFICIAL_EUROPE_RANGE_AND_BRAND_OBSERVED_IN_KAZAKHSTAN_EXACT_SKU_REVIEW_REQUIRED,MANUFACTURER_REFERENCE_REQUIRED,https://www.gc.dental/europe/en/products/metalprimerz
GC-METALPRIMER2,GC,GC Corporation,METALPRIMER II,,,1,GC Europe / Dental products,https://www.gc.dental/europe/sites/europe.gc.dental/files/products/images/metalprimer2_packshot.jpg,1,OFFICIAL_EUROPE_RANGE_AND_BRAND_OBSERVED_IN_KAZAKHSTAN_EXACT_SKU_REVIEW_REQUIRED,MANUFACTURER_REFERENCE_REQUIRED,https://www.gc.dental/europe/en/products/metalprimer2
GC-MIPASTEPLUS,GC,GC Corporation,MI Paste Plus,,,1,GC Europe / Dental products,https://www.gc.dental/europe/sites/europe.gc.dental/files/products/images/mipasteplus_packshot.jpg,1,OFFICIAL_EUROPE_RANGE_AND_BRAND_OBSERVED_IN_KAZAKHSTAN_EXACT_SKU_REVIEW_REQUIRED,MANUFACTURER_REFERENCE_REQUIRED,https://www.gc.dental/europe/en/products/mipasteplus
GC-MIVARNISH,GC,GC Corporation,MI Varnish,,,1,GC Europe / Dental products,https://www.gc.dental/europe/sites/europe.gc.dental/files/products/images/mivarnish_packshot.jpg,1,OFFICIAL_EUROPE_RANGE_AND_BRAND_OBSERVED_IN_KAZAKHSTAN_EXACT_SKU_REVIEW_REQUIRED,MANUFACTURER_REFERENCE_REQUIRED,https://www.gc.dental/europe/en/products/mivarnish
GC-MIRACLEMIX,GC,GC Corporation,Miracle Mix,,,1,GC Europe / Dental products,https://www.gc.dental/europe/sites/europe.gc.dental/files/products/images/miraclemix_packshot.jpg,1,OFFICIAL_EUROPE_RANGE_AND_BRAND_OBSERVED_IN_KAZAKHSTAN_EXACT_SKU_REVIEW_REQUIRED,MANUFACTURER_REFERENCE_REQUIRED,https://www.gc.dental/europe/en/products/miraclemix
GC-MODELINGLIQUID,GC,GC Corporation,Modeling Liquid,,,1,GC Europe / Dental products,https://www.gc.dental/europe/sites/europe.gc.dental/files/products/images/modelingliquid_packshot.jpg,1,OFFICIAL_EUROPE_RANGE_AND_BRAND_OBSERVED_IN_KAZAKHSTAN_EXACT_SKU_REVIEW_REQUIRED,MANUFACTURER_REFERENCE_REQUIRED,https://www.gc.dental/europe/en/products/modelingliquid
GC-MULTISEP,GC,GC Corporation,MULTI-SEP,,,1,GC Europe / Dental products,https://www.gc.dental/europe/sites/europe.gc.dental/files/products/images/multisep_packshot.jpg,1,OFFICIAL_EUROPE_RANGE_AND_BRAND_OBSERVED_IN_KAZAKHSTAN_EXACT_SKU_REVIEW_REQUIRED,MANUFACTURER_REFERENCE_REQUIRED,https://www.gc.dental/europe/en/products/multisep
GC-NEWMETALSTRIPS,GC,GC Corporation,New Metal Strips,,,1,GC Europe / Dental products,https://www.gc.dental/europe/sites/europe.gc.dental/files/products/images/newmetalstrips_packshot.jpg,1,OFFICIAL_EUROPE_RANGE_AND_BRAND_OBSERVED_IN_KAZAKHSTAN_EXACT_SKU_REVIEW_REQUIRED,MANUFACTURER_REFERENCE_REQUIRED,https://www.gc.dental/europe/en/products/newmetalstrips
GC-OPTIGLAZE,GC,GC Corporation,OPTIGLAZE,,,1,GC Europe / Dental products,https://www.gc.dental/europe/sites/europe.gc.dental/files/products/images/optiglaze_packshot.jpg,1,OFFICIAL_EUROPE_RANGE_AND_BRAND_OBSERVED_IN_KAZAKHSTAN_EXACT_SKU_REVIEW_REQUIRED,MANUFACTURER_REFERENCE_REQUIRED,https://www.gc.dental/europe/en/products/optiglaze
GC-OPTIGLAZECOLOR,GC,GC Corporation,OPTIGLAZE color,,,1,GC Europe / Dental products,https://www.gc.dental/europe/sites/europe.gc.dental/files/products/images/optiglazecolor_packshot.jpg,1,OFFICIAL_EUROPE_RANGE_AND_BRAND_OBSERVED_IN_KAZAKHSTAN_EXACT_SKU_REVIEW_REQUIRED,MANUFACTURER_REFERENCE_REQUIRED,https://www.gc.dental/europe/en/products/optiglazecolor
GC-ORTHOGELCONDITIONER,GC,GC Corporation,ORTHO GEL CONDITIONER,,,1,GC Europe / Dental products,https://www.gc.dental/europe/sites/europe.gc.dental/files/products/images/orthogelconditioner_packshot.jpg,1,OFFICIAL_EUROPE_RANGE_AND_BRAND_OBSERVED_IN_KAZAKHSTAN_EXACT_SKU_REVIEW_REQUIRED,MANUFACTURER_REFERENCE_REQUIRED,https://www.gc.dental/europe/en/products/orthogelconditioner
GC-OSTRON,GC,GC Corporation,Ostron,,,1,GC Europe / Dental products,https://www.gc.dental/europe/sites/europe.gc.dental/files/products/images/ostron_packshot.jpg,1,OFFICIAL_EUROPE_RANGE_AND_BRAND_OBSERVED_IN_KAZAKHSTAN_EXACT_SKU_REVIEW_REQUIRED,MANUFACTURER_REFERENCE_REQUIRED,https://www.gc.dental/europe/en/products/ostron
GC-PASTEPAKDISPENSER,GC,GC Corporation,Paste Pak Dispenser,,,1,GC Europe / Dental products,https://www.gc.dental/europe/sites/europe.gc.dental/files/products/images/pastepakdispenser_packshot.jpg,1,OFFICIAL_EUROPE_RANGE_AND_BRAND_OBSERVED_IN_KAZAKHSTAN_EXACT_SKU_REVIEW_REQUIRED,MANUFACTURER_REFERENCE_REQUIRED,https://www.gc.dental/europe/en/products/pastepakdispenser
GC-PATTERNRESIN,GC,GC Corporation,PATTERN RESIN LS,,,1,GC Europe / Dental products,https://www.gc.dental/europe/sites/europe.gc.dental/files/products/images/patternresin_packshot.jpg,1,OFFICIAL_EUROPE_RANGE_AND_BRAND_OBSERVED_IN_KAZAKHSTAN_EXACT_SKU_REVIEW_REQUIRED,MANUFACTURER_REFERENCE_REQUIRED,https://www.gc.dental/europe/en/products/patternresin
GC-PLIERS,GC,GC Corporation,Pliers,,,1,GC Europe / Dental products,https://www.gc.dental/europe/sites/europe.gc.dental/files/products/images/Plier%20white%20back.jpg,1,OFFICIAL_EUROPE_RANGE_AND_BRAND_OBSERVED_IN_KAZAKHSTAN_EXACT_SKU_REVIEW_REQUIRED,MANUFACTURER_REFERENCE_REQUIRED,https://www.gc.dental/europe/en/products/pliers
GC-RELINE,GC,GC Corporation,Reline,,,1,GC Europe / Dental products,https://www.gc.dental/europe/sites/europe.gc.dental/files/products/images/reline_packshot.jpg,1,OFFICIAL_EUROPE_RANGE_AND_BRAND_OBSERVED_IN_KAZAKHSTAN_EXACT_SKU_REVIEW_REQUIRED,MANUFACTURER_REFERENCE_REQUIRED,https://www.gc.dental/europe/en/products/reline
GC-RELINE2EXTRASOFT,GC,GC Corporation,RELINE II ExtraSoft,,,1,GC Europe / Dental products,https://www.gc.dental/europe/sites/europe.gc.dental/files/products/images/reline2extrasoft_packshot.jpg,1,OFFICIAL_EUROPE_RANGE_AND_BRAND_OBSERVED_IN_KAZAKHSTAN_EXACT_SKU_REVIEW_REQUIRED,MANUFACTURER_REFERENCE_REQUIRED,https://www.gc.dental/europe/en/products/reline2extrasoft
GC-RELINE2SOFT,GC,GC Corporation,RELINE II Soft,,,1,GC Europe / Dental products,https://www.gc.dental/europe/sites/europe.gc.dental/files/products/images/reline2soft_packshot.jpg,1,OFFICIAL_EUROPE_RANGE_AND_BRAND_OBSERVED_IN_KAZAKHSTAN_EXACT_SKU_REVIEW_REQUIRED,MANUFACTURER_REFERENCE_REQUIRED,https://www.gc.dental/europe/en/products/reline2soft
GC-REPAIRKIT,GC,GC Corporation,Repair Kit,,,1,GC Europe / Dental products,https://www.gc.dental/europe/sites/europe.gc.dental/files/products/images/repairkit_packshot.jpg,1,OFFICIAL_EUROPE_RANGE_AND_BRAND_OBSERVED_IN_KAZAKHSTAN_EXACT_SKU_REVIEW_REQUIRED,MANUFACTURER_REFERENCE_REQUIRED,https://www.gc.dental/europe/en/products/repairkit
GC-REVOTEKLC,GC,GC Corporation,Revotek LC,,,1,GC Europe / Dental products,https://www.gc.dental/europe/sites/europe.gc.dental/files/products/images/revoteklc_packshot.jpg,1,OFFICIAL_EUROPE_RANGE_AND_BRAND_OBSERVED_IN_KAZAKHSTAN_EXACT_SKU_REVIEW_REQUIRED,MANUFACTURER_REFERENCE_REQUIRED,https://www.gc.dental/europe/en/products/revoteklc
GC-ROCLEAN,GC,GC Corporation,ROCLEAN,,,1,GC Europe / Dental products,https://www.gc.dental/europe/sites/europe.gc.dental/files/products/images/roclean_packshot.jpg,1,OFFICIAL_EUROPE_RANGE_AND_BRAND_OBSERVED_IN_KAZAKHSTAN_EXACT_SKU_REVIEW_REQUIRED,MANUFACTURER_REFERENCE_REQUIRED,https://www.gc.dental/europe/en/products/roclean
GC-SALIVACHECKBUFFER,GC,GC Corporation,Saliva-Check Buffer,,,1,GC Europe / Dental products,https://www.gc.dental/europe/sites/europe.gc.dental/files/products/images/salivacheckbuffer_packshot.jpg,1,OFFICIAL_EUROPE_RANGE_AND_BRAND_OBSERVED_IN_KAZAKHSTAN_EXACT_SKU_REVIEW_REQUIRED,MANUFACTURER_REFERENCE_REQUIRED,https://www.gc.dental/europe/en/products/salivacheckbuffer
GC-SOFTLINER,GC,GC Corporation,Soft-Liner,,,1,GC Europe / Dental products,https://www.gc.dental/europe/sites/europe.gc.dental/files/products/images/softliner_packshot.jpg,1,OFFICIAL_EUROPE_RANGE_AND_BRAND_OBSERVED_IN_KAZAKHSTAN_EXACT_SKU_REVIEW_REQUIRED,MANUFACTURER_REFERENCE_REQUIRED,https://www.gc.dental/europe/en/products/softliner
GC-STELLAVEST,GC,GC Corporation,Stellavest,,,1,GC Europe / Dental products,https://www.gc.dental/europe/sites/europe.gc.dental/files/products/images/stellavest_packshot.jpg,1,OFFICIAL_EUROPE_RANGE_AND_BRAND_OBSERVED_IN_KAZAKHSTAN_EXACT_SKU_REVIEW_REQUIRED,MANUFACTURER_REFERENCE_REQUIRED,https://www.gc.dental/europe/en/products/stellavest
GC-STICK,GC,GC Corporation,Stick,,,1,GC Europe / Dental products,https://www.gc.dental/europe/sites/europe.gc.dental/files/products/images/stick_packshot.jpg,1,OFFICIAL_EUROPE_RANGE_AND_BRAND_OBSERVED_IN_KAZAKHSTAN_EXACT_SKU_REVIEW_REQUIRED,MANUFACTURER_REFERENCE_REQUIRED,https://www.gc.dental/europe/en/products/stick
GC-STICKCARRIER,GC,GC Corporation,StickCARRIER,,,1,GC Europe / Dental products,https://www.gc.dental/europe/sites/europe.gc.dental/files/products/images/stickcarrier_packshot.jpg,1,OFFICIAL_EUROPE_RANGE_AND_BRAND_OBSERVED_IN_KAZAKHSTAN_EXACT_SKU_REVIEW_REQUIRED,MANUFACTURER_REFERENCE_REQUIRED,https://www.gc.dental/europe/en/products/stickcarrier
GC-STICKNET,GC,GC Corporation,StickNET,,,1,GC Europe / Dental products,https://www.gc.dental/europe/sites/europe.gc.dental/files/products/images/sticknet_packshot.jpg,1,OFFICIAL_EUROPE_RANGE_AND_BRAND_OBSERVED_IN_KAZAKHSTAN_EXACT_SKU_REVIEW_REQUIRED,MANUFACTURER_REFERENCE_REQUIRED,https://www.gc.dental/europe/en/products/sticknet
GC-STICKSTEPPER,GC,GC Corporation,StickSTEPPER,,,1,GC Europe / Dental products,https://www.gc.dental/europe/sites/europe.gc.dental/files/products/images/stickstepper_packshot.jpg,1,OFFICIAL_EUROPE_RANGE_AND_BRAND_OBSERVED_IN_KAZAKHSTAN_EXACT_SKU_REVIEW_REQUIRED,MANUFACTURER_REFERENCE_REQUIRED,https://www.gc.dental/europe/en/products/stickstepper
GC-TEMPPRINT,GC,GC Corporation,Temp PRINT,,,1,GC Europe / Dental products,https://www.gc.dental/europe/sites/europe.gc.dental/files/products/images/GC%20Temp%20PRINT%2001_lowQuality.jpg,1,OFFICIAL_EUROPE_RANGE_AND_BRAND_OBSERVED_IN_KAZAKHSTAN_EXACT_SKU_REVIEW_REQUIRED,MANUFACTURER_REFERENCE_REQUIRED,https://www.gc.dental/europe/en/products/tempprint
GC-TEMPSMARTDC,GC,GC Corporation,TEMPSMART DC,,,1,GC Europe / Dental products,https://www.gc.dental/europe/sites/europe.gc.dental/files/products/images/tempsmartdc_packshot.jpg,1,OFFICIAL_EUROPE_RANGE_AND_BRAND_OBSERVED_IN_KAZAKHSTAN_EXACT_SKU_REVIEW_REQUIRED,MANUFACTURER_REFERENCE_REQUIRED,https://www.gc.dental/europe/en/products/tempsmartdc
GC-TISSUECONDITIONER,GC,GC Corporation,Tissue Conditioner,,,1,GC Europe / Dental products,https://www.gc.dental/europe/sites/europe.gc.dental/files/products/images/tissueconditioner_packshot.jpg,1,OFFICIAL_EUROPE_RANGE_AND_BRAND_OBSERVED_IN_KAZAKHSTAN_EXACT_SKU_REVIEW_REQUIRED,MANUFACTURER_REFERENCE_REQUIRED,https://www.gc.dental/europe/en/products/tissueconditioner
GC-TOOTHMOUSSE,GC,GC Corporation,Tooth Mousse,,,1,GC Europe / Dental products,https://www.gc.dental/europe/sites/europe.gc.dental/files/products/images/toothmousse_packshot.jpg,1,OFFICIAL_EUROPE_RANGE_AND_BRAND_OBSERVED_IN_KAZAKHSTAN_EXACT_SKU_REVIEW_REQUIRED,MANUFACTURER_REFERENCE_REQUIRED,https://www.gc.dental/europe/en/products/toothmousse
GC-TRAYADHESIVE,GC,GC Corporation,Tray Adhesive,,,1,GC Europe / Dental products,https://www.gc.dental/europe/sites/europe.gc.dental/files/products/images/trayadhesive_packshot.jpg,1,OFFICIAL_EUROPE_RANGE_AND_BRAND_OBSERVED_IN_KAZAKHSTAN_EXACT_SKU_REVIEW_REQUIRED,MANUFACTURER_REFERENCE_REQUIRED,https://www.gc.dental/europe/en/products/trayadhesive
GC-TRECLEAN,GC,GC Corporation,Treclean,,,1,GC Europe / Dental products,https://www.gc.dental/europe/sites/europe.gc.dental/files/products/images/treclean_packshot.jpg,1,OFFICIAL_EUROPE_RANGE_AND_BRAND_OBSERVED_IN_KAZAKHSTAN_EXACT_SKU_REVIEW_REQUIRED,MANUFACTURER_REFERENCE_REQUIRED,https://www.gc.dental/europe/en/products/treclean
GC-TRIPLAQUEIDGEL,GC,GC Corporation,Tri Plaque ID Gel,,,1,GC Europe / Dental products,https://www.gc.dental/europe/sites/europe.gc.dental/files/products/images/triplaqueidgel_packshot.jpg,1,OFFICIAL_EUROPE_RANGE_AND_BRAND_OBSERVED_IN_KAZAKHSTAN_EXACT_SKU_REVIEW_REQUIRED,MANUFACTURER_REFERENCE_REQUIRED,https://www.gc.dental/europe/en/products/triplaqueidgel
GC-UNIFAST3,GC,GC Corporation,UNIFAST III,,,1,GC Europe / Dental products,https://www.gc.dental/europe/sites/europe.gc.dental/files/products/images/unifast3_packshot.jpg,1,OFFICIAL_EUROPE_RANGE_AND_BRAND_OBSERVED_IN_KAZAKHSTAN_EXACT_SKU_REVIEW_REQUIRED,MANUFACTURER_REFERENCE_REQUIRED,https://www.gc.dental/europe/en/products/unifast3
GC-UNIFASTLC,GC,GC Corporation,Unifast LC,,,1,GC Europe / Dental products,https://www.gc.dental/europe/sites/europe.gc.dental/files/products/images/unifastlc_packshot.jpg,1,OFFICIAL_EUROPE_RANGE_AND_BRAND_OBSERVED_IN_KAZAKHSTAN_EXACT_SKU_REVIEW_REQUIRED,MANUFACTURER_REFERENCE_REQUIRED,https://www.gc.dental/europe/en/products/unifastlc
GC-UNIFASTTRAD,GC,GC Corporation,Unifast TRAD,,,1,GC Europe / Dental products,https://www.gc.dental/europe/sites/europe.gc.dental/files/products/images/unifasttrad_packshot.jpg,1,OFFICIAL_EUROPE_RANGE_AND_BRAND_OBSERVED_IN_KAZAKHSTAN_EXACT_SKU_REVIEW_REQUIRED,MANUFACTURER_REFERENCE_REQUIRED,https://www.gc.dental/europe/en/products/unifasttrad
GC-UNIVERSALMIXINGTIPS2,GC,GC Corporation,Universal Mixing Tips II,,,1,GC Europe / Dental products,https://www.gc.dental/europe/sites/europe.gc.dental/files/products/images/universalmixingtips2_packshot.jpg,1,OFFICIAL_EUROPE_RANGE_AND_BRAND_OBSERVED_IN_KAZAKHSTAN_EXACT_SKU_REVIEW_REQUIRED,MANUFACTURER_REFERENCE_REQUIRED,https://www.gc.dental/europe/en/products/universalmixingtips2
