officialProductId,brand,manufacturer,name,manufacturerRef,manufacturerRefs,variantCount,variantEvidence,categoryPath,description,sourceImageUrl,imageCount,sourceModifiedAt,kzEvidence,status,sourcePageUrl
MADESPA-ALGINATO-AKRYON,Madespa,MADESPA S.A.,Alginato Akryon de Madespa,,,1,,Оттискные материалы,,https://www.madespa.com/web/image/59492-24e2379a/alginato.webp,1,2026-07-17,BRAND_OBSERVED_IN_KAZAKHSTAN_MARKET,MANUFACTURER_REFERENCE_REQUIRED,https://www.madespa.com/alginato-akryon
MADESPA-VENTURA-SUPERSEAL,Madespa,MADESPA S.A.,Barniz Ventura Superseal de Madespa,,,1,,Стоматологические гипсы,Ventura Superseal es un barniz separador para resinas acrílicas y yesos,https://www.madespa.com/web/image/11367-a763a425/1.jpg,1,2026-07-16,BRAND_OBSERVED_IN_KAZAKHSTAN_MARKET,MANUFACTURER_REFERENCE_REQUIRED,https://www.madespa.com/ventura-superseal
MADESPA-VENTURA-DUPLIGEL,Madespa,MADESPA S.A.,Gelatina Ventura Dupligel de Madespa,,,1,,Стоматологические гипсы,Gelatina Ventura Dupligel para duplicar modelos en revestimiento fosfatados a base de agar-agar reutilizable,https://www.madespa.com/web/image/11384-01ff0ec3/1.jpg,1,2025-01-15,BRAND_OBSERVED_IN_KAZAKHSTAN_MARKET,MANUFACTURER_REFERENCE_REQUIRED,https://www.madespa.com/ventura-dupligel
MADESPA-VENTURA-ENDUMODEL,Madespa,MADESPA S.A.,Líquido endurecedor Ventura Endumodel de Madespa,,,1,,Стоматологические гипсы,Líquido endurecedor de modelos Ventura Endumodel. Se suministra listo para el uso sin necesidad de diluir,https://www.madespa.com/web/image/11388-8215ba61/1.jpg,1,2025-01-15,BRAND_OBSERVED_IN_KAZAKHSTAN_MARKET,MANUFACTURER_REFERENCE_REQUIRED,https://www.madespa.com/ventura-endumodel
MADESPA-VENTURA-HIGH-VEST,Madespa,MADESPA S.A.,Revestimiento fosfatado Ventura High Vest,,,1,,Паковочные и пескоструйные материалы,El revestimiento fosfatado Ventura High Vest para toda la gama de aleaciones de prótesis fijas y cerámicas inyectadas,https://www.madespa.com/web/image/11382-2b620208/1.jpg,1,2026-04-24,BRAND_OBSERVED_IN_KAZAKHSTAN_MARKET,MANUFACTURER_REFERENCE_REQUIRED,https://www.madespa.com/ventura-high-vest
MADESPA-VENTURA-TOP-85-LAB,Madespa,MADESPA S.A.,Silicona de condensación Ventura Top 85 Lab,,,1,,Лабораторные силиконы,Ventura Top 85 Lab es una silicona de condensación que destaca por su dureza fina y gran resistencia elástica,https://www.madespa.com/web/image/11369-65587652/1.jpg,1,2026-04-24,BRAND_OBSERVED_IN_KAZAKHSTAN_MARKET,MANUFACTURER_REFERENCE_REQUIRED,https://www.madespa.com/ventura-top-85-lab
MADESPA-VENTURA-CRYSTALSIL,Madespa,MADESPA S.A.,Silicona Ventura Crystalsil de Madespa,,,1,,Оттискные материалы,Ventura Crystalsil es una silicona de adición transparente para matices,https://www.madespa.com/web/image/11380-f1c2743b/1.jpg,1,2026-07-22,BRAND_OBSERVED_IN_KAZAKHSTAN_MARKET,MANUFACTURER_REFERENCE_REQUIRED,https://www.madespa.com/ventura-crystalsil
MADESPA-VENTURA-GINGIVAL,Madespa,MADESPA S.A.,Silicona Ventura Gingival de Madespa,,,1,,Лабораторные силиконы,Ventura Gingival es una silicona - A para la reproducción de encías que destaca por sus resultados estéticos,https://www.madespa.com/web/image/11374-8323c3ad/1.jpg,1,2026-04-28,BRAND_OBSERVED_IN_KAZAKHSTAN_MARKET,MANUFACTURER_REFERENCE_REQUIRED,https://www.madespa.com/ventura-gingival
MADESPA-VENTURA-IMPRESS-90-LAB,Madespa,MADESPA S.A.,Silicona Ventura Impress 90 lab de Madespa,,,1,,Лабораторные силиконы,Ventura Impress 90 lab es una silicona elástica de polimerización por adición,https://www.madespa.com/web/image/11371-556aeb4c/1.jpg,1,2026-04-24,BRAND_OBSERVED_IN_KAZAKHSTAN_MARKET,MANUFACTURER_REFERENCE_REQUIRED,https://www.madespa.com/ventura-impress-90-lab
MADESPA-VENTURA-3LUX,Madespa,MADESPA S.A.,Ventura 3Lux,,,1,,Акриловые зубы,Dientes acrílicos de 3 capas Ventura 3Lux. Ofrecen estética natural y resistencia al desgaste,https://www.madespa.com/web/image/11251-ca5be317/1.jpg,1,2026-05-26,BRAND_OBSERVED_IN_KAZAKHSTAN_MARKET,MANUFACTURER_REFERENCE_REQUIRED,https://www.madespa.com/ventura-3lux
MADESPA-VENTURA-BITE-2-0,Madespa,MADESPA S.A.,Ventura Bite 2.0,,,1,,Оттискные материалы,"El Registro de mordida Silicona A, Ventura Bite 2.0 es válido para todo tipo de técnicas de oclusión.",https://www.madespa.com/web/image/11184-59802838/1.jpg,1,2026-07-22,BRAND_OBSERVED_IN_KAZAKHSTAN_MARKET,MANUFACTURER_REFERENCE_REQUIRED,https://www.madespa.com/ventura-bite-2-0
MADESPA-VENTURA-BULKFILL-FLOW,Madespa,MADESPA S.A.,Ventura Bulkfill Flow,,,1,Disponible en: Ventura bulkfill flow universal - 2g + 12 tips,Реставрационные материалы,"El composite Bulkfill Ventura Bulkfill Flow destaca por su colocación sencilla, excelente manejo y moldeado",https://www.madespa.com/web/image/11114-adc8b9ad/ventura-bulkfill-flow.jpg,1,2026-04-24,BRAND_OBSERVED_IN_KAZAKHSTAN_MARKET,MANUFACTURER_REFERENCE_REQUIRED,https://www.madespa.com/ventura-bulkfill-flow
MADESPA-VENTURA-CRYSTASIL,Madespa,MADESPA S.A.,Ventura Crystasil,,,1,,Оттискные материалы,"La silicona transparente para matices Ventura Crystasil tiene una elevada rigidez, lo que impide su deformación.",https://www.madespa.com/web/image/11190-6f340898/1.jpg,1,2025-10-29,BRAND_OBSERVED_IN_KAZAKHSTAN_MARKET,MANUFACTURER_REFERENCE_REQUIRED,https://www.madespa.com/ventura-crystasil
MADESPA-VENTURA-DUAL-CORE-BUILT,Madespa,MADESPA S.A.,Ventura Dual Core Built,,,1,,Реставрационные материалы,El Composite fluido de curado dual Ventura Dual Core Built posee una aplicación controlada sin desperdiciar material.,https://www.madespa.com/web/image/11137-dd5919ee/Composite-Ventura-dual-core-built-187.jpg,1,2026-04-24,BRAND_OBSERVED_IN_KAZAKHSTAN_MARKET,MANUFACTURER_REFERENCE_REQUIRED,https://www.madespa.com/ventura-dual-core-built
MADESPA-VENTURA-ECOLUX,Madespa,MADESPA S.A.,Ventura Ecolux,,,1,,Акриловые зубы,Los dientes acrílicos de Madespa Ventura Ecolux ofrencen articulación sencilla y eficaz y coloración VITA,https://www.madespa.com/web/image/11241-4e2ac1c1/1.jpg,1,2026-05-26,BRAND_OBSERVED_IN_KAZAKHSTAN_MARKET,MANUFACTURER_REFERENCE_REQUIRED,https://www.madespa.com/ventura-ecolux
MADESPA-VENTURA-ETCHING-GEL,Madespa,MADESPA S.A.,Ventura Etching Gel,,,1,,Реставрационные материалы,El gel grabador Ventura Etching Gel de Madespa es un gel de alta tixotropía y viscosidad ideal,https://www.madespa.com/web/image/11151-dea33151/Composite-Ventura-etching-gel-189.jpg,1,2026-06-09,BRAND_OBSERVED_IN_KAZAKHSTAN_MARKET,MANUFACTURER_REFERENCE_REQUIRED,https://www.madespa.com/ventura-etching-gel
MADESPA-VENTURA-FLOW,Madespa,MADESPA S.A.,Ventura Flow,,,1,,Реставрационные материалы,Ventura Flow es un composite fluído de alta resistencia a la foto-polimerización prematura,https://www.madespa.com/web/image/11112-d430c677/composite-ventura-flow-198.jpg,1,2026-04-24,BRAND_OBSERVED_IN_KAZAKHSTAN_MARKET,MANUFACTURER_REFERENCE_REQUIRED,https://www.madespa.com/ventura-flow
MADESPA-VENTURA-IMPRESS-2-0,Madespa,MADESPA S.A.,Ventura Impress 2.0,,,1,,Оттискные материалы,La silicona pesada polimerizable por adición Ventura Impress 2.0 ofrece mayor estabilidad dimensional,https://www.madespa.com/web/image/11180-c94a591d/Adicio%CC%81n-Ventura-impress-2-putty-soft-04.jpg,1,2026-07-22,BRAND_OBSERVED_IN_KAZAKHSTAN_MARKET,MANUFACTURER_REFERENCE_REQUIRED,https://www.madespa.com/ventura-impress-2-0
MADESPA-VENTURA-IMPRESS-2-0-FLUIDA,Madespa,MADESPA S.A.,Ventura Impress 2.0,,,1,,Оттискные материалы,La silicona pesada polimerizable por adición Ventura Impress 2.0 ofrece mayor estabilidad dimensional,https://www.madespa.com/web/image/11180-c94a591d/Adicio%CC%81n-Ventura-impress-2-putty-soft-04.jpg,1,2026-07-17,BRAND_OBSERVED_IN_KAZAKHSTAN_MARKET,MANUFACTURER_REFERENCE_REQUIRED,https://www.madespa.com/ventura-impress-2-0-fluida
MADESPA-VENTURA-NANOLUX,Madespa,MADESPA S.A.,Ventura Nanolux,,,1,,Реставрационные материалы,Composite Nanohíbrido Ventura Nanolux de gran dureza y resistente a la fractura y los desgastes,https://www.madespa.com/web/image/10087-826bc7fa/2.jpg,1,2026-04-24,BRAND_OBSERVED_IN_KAZAKHSTAN_MARKET,MANUFACTURER_REFERENCE_REQUIRED,https://www.madespa.com/ventura-nanolux
MADESPA-VENTURA-OXIDO-DE-ALUMINIO,Madespa,MADESPA S.A.,Ventura Óxido de Aluminio de Madespa,,,1,,Паковочные и пескоструйные материалы,Ventura Óxido de Aluminio. Una alúmina con cristalización controlada de alta dureza,https://www.madespa.com/web/image/11392-2c01a701/1.jpg,1,2026-04-24,BRAND_OBSERVED_IN_KAZAKHSTAN_MARKET,MANUFACTURER_REFERENCE_REQUIRED,https://www.madespa.com/ventura-oxido-de-aluminio
MADESPA-VENTURA-PENTALUX,Madespa,MADESPA S.A.,Ventura Pentalux,,,1,,Акриловые зубы,Dientes acrílicos de 5 capas Ventura Pentalux para los trabajos más exigentes con gran resistencia a la absorción,https://www.madespa.com/web/image/11257-14989cff/1.jpg,1,2026-05-26,BRAND_OBSERVED_IN_KAZAKHSTAN_MARKET,MANUFACTURER_REFERENCE_REQUIRED,https://www.madespa.com/ventura-pentalux
MADESPA-VENTURA-PERLAS-DE-VIDRIO,Madespa,MADESPA S.A.,Ventura Perlas de Vidrio de Madespa,,,1,,Паковочные и пескоструйные материалы,Microesferas de sodio sin plomo Ventura Perlas de Vidrio especial para la limpieza y acabado de superficies metálicas,https://www.madespa.com/web/image/11390-3ff825f6/1.jpg,1,2026-04-24,BRAND_OBSERVED_IN_KAZAKHSTAN_MARKET,MANUFACTURER_REFERENCE_REQUIRED,https://www.madespa.com/ventura-perlas-de-vidrio
MADESPA-VENTURA-PMMA-BLOCK,Madespa,MADESPA S.A.,Ventura PMMA Block,,,1,,PMMA-диски,Los Discos PMMA para fresadora CAD-CAM Ventura PMMA Block destacan por su alta estética,https://www.madespa.com/web/image/11269-6102d875/5.jpg,1,2026-04-24,BRAND_OBSERVED_IN_KAZAKHSTAN_MARKET,MANUFACTURER_REFERENCE_REQUIRED,https://www.madespa.com/ventura-pmma-block
MADESPA-VENTURA-RESINDIE-ROCK,Madespa,MADESPA S.A.,Ventura Resindie Rock,,,1,,Стоматологические гипсы,,https://www.madespa.com/web/image/website/1/logo?unique=526be15,1,2026-07-16,BRAND_OBSERVED_IN_KAZAKHSTAN_MARKET,MANUFACTURER_REFERENCE_REQUIRED,https://www.madespa.com/ventura-resindie-rock
MADESPA-VENTURA-SEAL,Madespa,MADESPA S.A.,Ventura Seal,,,1,,Реставрационные материалы,El sellador de fosas y fisuras Ventura Seal asegura un perfecto sellado aún en las fosas más profunda,https://www.madespa.com/web/image/11143-1c7dc0ea/Composite-Ventura-seal-192.jpg,1,2026-04-24,BRAND_OBSERVED_IN_KAZAKHSTAN_MARKET,MANUFACTURER_REFERENCE_REQUIRED,https://www.madespa.com/ventura-seal
MADESPA-VENTURA-SIMILUX,Madespa,MADESPA S.A.,Ventura Similux,,,1,,Реставрационные материалы,Composite Microhíbrido Ventura Similux de alta resistendia a la compresión y abrasión,https://www.madespa.com/web/image/11101-d47005e0/Composite-ventura-similux-II-38.jpg,1,2026-04-24,BRAND_OBSERVED_IN_KAZAKHSTAN_MARKET,MANUFACTURER_REFERENCE_REQUIRED,https://www.madespa.com/ventura-similux
MADESPA-VENTURA-TOP-2-0,Madespa,MADESPA S.A.,Ventura Top 2.0,,,1,,Оттискные материалы,Silicona C de condensación Ventura Top 2.0 que ofrece una gran precisión y una relación ideal entre el tiempo de trabajo y el de polimerización,https://www.madespa.com/web/image/11194-b97d5973/1.jpg,1,2026-07-17,BRAND_OBSERVED_IN_KAZAKHSTAN_MARKET,MANUFACTURER_REFERENCE_REQUIRED,https://www.madespa.com/ventura-top-2-0
MADESPA-VENTURA-UNIBOND-2,Madespa,MADESPA S.A.,Ventura Unibond 2,,,1,,Реставрационные материалы,"Adhesivo monocomponente Ventura Unibond 2: Consistencia inalterable, tipo gel de fácil y precisa aplicación",https://www.madespa.com/web/image/11124-5d2d2d83/Composite-Ventura-unibond-2-194.jpg,1,2026-04-24,BRAND_OBSERVED_IN_KAZAKHSTAN_MARKET,MANUFACTURER_REFERENCE_REQUIRED,https://www.madespa.com/ventura-unibond-2
MADESPA-VENTURA-STONIC,Madespa,MADESPA S.A.,Yeso sintético Ventura Syntech Rock de Madespa,,,1,Colores disponibles: Blanco Documentation: Product specifications Ficha de seguridad Available formats: Box of 20 sets,Стоматологические гипсы,"Ventura Syntech Rock, Yeso sintético extra duro tipo IV para prótesis fija de Madespa",https://www.madespa.com/web/image/26877-87c498fb/stonic.jpg,1,2026-07-13,BRAND_OBSERVED_IN_KAZAKHSTAN_MARKET,MANUFACTURER_REFERENCE_REQUIRED,https://www.madespa.com/ventura-stonic
MADESPA-VENTURA-SYNTECH-ROCK,Madespa,MADESPA S.A.,Yeso sintético Ventura Syntech Rock de Madespa,,,1,,Стоматологические гипсы,"Ventura Syntech Rock, Yeso sintético extra duro tipo IV para prótesis fija de Madespa",https://www.madespa.com/web/image/11273-e67d02e5/1.jpg,1,2026-07-16,BRAND_OBSERVED_IN_KAZAKHSTAN_MARKET,MANUFACTURER_REFERENCE_REQUIRED,https://www.madespa.com/ventura-syntech-rock
MADESPA-VENTURA-BASIC-STONE,Madespa,MADESPA S.A.,Yeso Ventura Basic Stone de Madespa,,,1,,Стоматологические гипсы,"Ventura Basic Stone es un yeso duro natural tipo III, dotado de una fluidez óptima",https://www.madespa.com/web/image/11350-193ddb40/1.jpg,1,2026-07-16,BRAND_OBSERVED_IN_KAZAKHSTAN_MARKET,MANUFACTURER_REFERENCE_REQUIRED,https://www.madespa.com/ventura-basic-stone
MADESPA-VENTURA-BASIC-STONE-FAST,Madespa,MADESPA S.A.,Yeso Ventura Basic Stone de Madespa,,,1,,Стоматологические гипсы,"Ventura Basic Stone es un yeso duro natural tipo III, dotado de una fluidez óptima",https://www.madespa.com/web/image/11350-193ddb40/1.jpg,1,2026-07-16,BRAND_OBSERVED_IN_KAZAKHSTAN_MARKET,MANUFACTURER_REFERENCE_REQUIRED,https://www.madespa.com/ventura-basic-stone-fast
MADESPA-VENTURA-EXTRAWHITE,Madespa,MADESPA S.A.,Yeso Ventura Extrawhite de Madespa,,,1,,Стоматологические гипсы,Ventura Extrawhite es un yeso fluido tipo III blanco para ortodoncias que destaca por su fina granulometría y su color blanco brillante,https://www.madespa.com/web/image/11299-5f367c97/1.jpg,1,2026-07-16,BRAND_OBSERVED_IN_KAZAKHSTAN_MARKET,MANUFACTURER_REFERENCE_REQUIRED,https://www.madespa.com/ventura-extrawhite
MADESPA-VENTURA-EXTRAWHITE-HARD,Madespa,MADESPA S.A.,Yeso Ventura Extrawhite Hard de Madespa,,,1,,Стоматологические гипсы,Ventura Extrawhite Hard es un yeso extra duro tipo IV blanco con elevada resistencia a la compresión,https://www.madespa.com/web/image/11294-d098c87c/1.jpg,1,2026-07-17,BRAND_OBSERVED_IN_KAZAKHSTAN_MARKET,MANUFACTURER_REFERENCE_REQUIRED,https://www.madespa.com/ventura-extrawhite-hard
MADESPA-VENTURA-FLUID-STONE,Madespa,MADESPA S.A.,Yeso Ventura Fluid Stone de Madespa,,,1,,Стоматологические гипсы,Ventura Extrawhite Hard is an extrahard type IV gypsum for bases,https://www.madespa.com/web/image/70593-db7bb496/01.png,1,2026-07-17,BRAND_OBSERVED_IN_KAZAKHSTAN_MARKET,MANUFACTURER_REFERENCE_REQUIRED,https://www.madespa.com/ventura-fluid-stone
MADESPA-VENTURA-IVORY-ROCK,Madespa,MADESPA S.A.,Yeso Ventura Ivory Rock de Madespa,,,1,,Стоматологические гипсы,Ventura Ivory Rock es un yeso natural tipo IV para modelos con muñones desmontables y removibles,https://www.madespa.com/web/image/11289-03d67915/1.jpg,1,2026-07-16,BRAND_OBSERVED_IN_KAZAKHSTAN_MARKET,MANUFACTURER_REFERENCE_REQUIRED,https://www.madespa.com/ventura-ivory-rock
MADESPA-VENTURA-OCCLUSION-STONE,Madespa,MADESPA S.A.,Yeso Ventura Occlusion Stone de Madespa,,,1,,Стоматологические гипсы,Ventura Occlusion Stone es un yeso duro tipo III para articulador de precisión,https://www.madespa.com/web/image/11355-1f55d946/1.jpg,1,2026-07-16,BRAND_OBSERVED_IN_KAZAKHSTAN_MARKET,MANUFACTURER_REFERENCE_REQUIRED,https://www.madespa.com/ventura-occlusion-stone
MADESPA-VENTURA-PARIS,Madespa,MADESPA S.A.,Yeso Ventura Paris de Madespa,,,1,,Стоматологические гипсы,Ventura Paris es un yeso duro tipo III para usos de carácter general que destaca por su expansión controlada,https://www.madespa.com/web/image/11359-65109c66/1.jpg,1,2026-07-16,BRAND_OBSERVED_IN_KAZAKHSTAN_MARKET,MANUFACTURER_REFERENCE_REQUIRED,https://www.madespa.com/ventura-paris
MADESPA-VENTURA-PINKMOD,Madespa,MADESPA S.A.,Yeso Ventura Pinkmod de Madespa,,,1,,Стоматологические гипсы,Ventura Pinkmod es un yeso extra duro tipo IV de alta calidad color rosa gingival,https://www.madespa.com/web/image/11283-4c5a2bc9/1.jpg,1,2026-07-16,BRAND_OBSERVED_IN_KAZAKHSTAN_MARKET,MANUFACTURER_REFERENCE_REQUIRED,https://www.madespa.com/ventura-pinkmod
MADESPA-VENTURA-SNOW-SOFT,Madespa,MADESPA S.A.,Yeso Ventura Snow Soft de Madespa,,,1,,Стоматологические гипсы,"Ventura Snow Soft es un yeso tipo I de fácil mezclado, tiempo de fraguado rápido y baja expansión",https://www.madespa.com/web/image/11364-5f4f138c/1.jpg,1,2026-07-16,BRAND_OBSERVED_IN_KAZAKHSTAN_MARKET,MANUFACTURER_REFERENCE_REQUIRED,https://www.madespa.com/ventura-snow-soft
MADESPA-VENTURA-STONE,Madespa,MADESPA S.A.,Yeso Ventura Stone de Madespa,,,1,,Стоматологические гипсы,"Ventura Stone es un yeso duro tipo III de altas prestaciones, compatible con todos los materiales de impresión",https://www.madespa.com/web/image/11336-0ec26c08/1.jpg,1,2026-07-16,BRAND_OBSERVED_IN_KAZAKHSTAN_MARKET,MANUFACTURER_REFERENCE_REQUIRED,https://www.madespa.com/ventura-stone
MADESPA-VENTURA-SUPERDIE-ROCK,Madespa,MADESPA S.A.,Yeso Ventura Superdie Rock de Madespa,,,1,,Стоматологические гипсы,Ventura Superdie Rock es un yeso natural extra duro tipo IV para muñones,https://www.madespa.com/web/image/11279-412f4c44/1.jpg,1,2026-07-16,BRAND_OBSERVED_IN_KAZAKHSTAN_MARKET,MANUFACTURER_REFERENCE_REQUIRED,https://www.madespa.com/ventura-superdie-rock
