officialProductId,brand,manufacturer,name,manufacturerRef,manufacturerRefs,variantCount,categoryPath,description,sourceImageUrl,imageCount,kzEvidence,status,sourcePageUrl
implantat-tsiii-sa,Osstem,"OSSTEM IMPLANT Co., Ltd.",Имплантат TSIII SA,,,1,SISTEMA IMPLANTATOV,,,0,EXACT_PRODUCT_FAMILY_ON_OSSTEM_KAZAKHSTAN_SITE,PHOTO_REFERENCE_AND_VARIANT_MATRIX_REQUIRED,https://osstem.kz/sistema-implantatov-/implantaty-ts/implantat-tsiii-sa
implantat-tsiii-soi-1,Osstem,"OSSTEM IMPLANT Co., Ltd.",Имплантат TSIII SOI 1,,,1,SISTEMA IMPLANTATOV,,,0,EXACT_PRODUCT_FAMILY_ON_OSSTEM_KAZAKHSTAN_SITE,PHOTO_REFERENCE_AND_VARIANT_MATRIX_REQUIRED,https://osstem.kz/sistema-implantatov-/implantaty-ts/implantat-tsiii-soi-1
implantat-etiii-nh,Osstem,"OSSTEM IMPLANT Co., Ltd.",Имплантат ETIII NH,,,1,SISTEMA IMPLANTATOV,,,0,EXACT_PRODUCT_FAMILY_ON_OSSTEM_KAZAKHSTAN_SITE,PHOTO_REFERENCE_AND_VARIANT_MATRIX_REQUIRED,https://osstem.kz/sistema-implantatov-/implantaty-et/implantat-etiii-nh
implantat-ms-sa-tipa-denture,Osstem,"OSSTEM IMPLANT Co., Ltd.",Имплантат MS SA TIPA DENTURE,,,1,SISTEMA IMPLANTATOV,,,0,EXACT_PRODUCT_FAMILY_ON_OSSTEM_KAZAKHSTAN_SITE,PHOTO_REFERENCE_AND_VARIANT_MATRIX_REQUIRED,https://osstem.kz/sistema-implantatov-/implantaty-ms/implantat-ms-sa-tipa-denture
implantat-ms-sa-tipa-narrow-ridge-1,Osstem,"OSSTEM IMPLANT Co., Ltd.",Имплантат MS SA TIPA NARROW RIDGE 1,,,1,SISTEMA IMPLANTATOV,,,0,EXACT_PRODUCT_FAMILY_ON_OSSTEM_KAZAKHSTAN_SITE,PHOTO_REFERENCE_AND_VARIANT_MATRIX_REQUIRED,https://osstem.kz/sistema-implantatov-/implantaty-ms/implantat-ms-sa-tipa-narrow-ridge-1
abatment-convertible,Osstem,"OSSTEM IMPLANT Co., Ltd.",Абатмент CONVERTIBLE,,,1,SISTEMA IMPLANTATOV,,,0,EXACT_PRODUCT_FAMILY_ON_OSSTEM_KAZAKHSTAN_SITE,PHOTO_REFERENCE_AND_VARIANT_MATRIX_REQUIRED,https://osstem.kz/sistema-implantatov-/protetika/abatment-convertible
abatment-freeform-st,Osstem,"OSSTEM IMPLANT Co., Ltd.",Абатмент FREEFORM ST,,,1,SISTEMA IMPLANTATOV,,,0,EXACT_PRODUCT_FAMILY_ON_OSSTEM_KAZAKHSTAN_SITE,PHOTO_REFERENCE_AND_VARIANT_MATRIX_REQUIRED,https://osstem.kz/sistema-implantatov-/protetika/abatment-freeform-st
abatment-goldcast,Osstem,"OSSTEM IMPLANT Co., Ltd.",Абатмент GOLDCAST,,,1,SISTEMA IMPLANTATOV,,,0,EXACT_PRODUCT_FAMILY_ON_OSSTEM_KAZAKHSTAN_SITE,PHOTO_REFERENCE_AND_VARIANT_MATRIX_REQUIRED,https://osstem.kz/sistema-implantatov-/protetika/abatment-goldcast
abatment-multi,Osstem,"OSSTEM IMPLANT Co., Ltd.",Абатмент MULTI,,,1,SISTEMA IMPLANTATOV,,,0,EXACT_PRODUCT_FAMILY_ON_OSSTEM_KAZAKHSTAN_SITE,PHOTO_REFERENCE_AND_VARIANT_MATRIX_REQUIRED,https://osstem.kz/sistema-implantatov-/protetika/abatment-multi
abatment-np-cast,Osstem,"OSSTEM IMPLANT Co., Ltd.",Абатмент NP CAST,,,1,SISTEMA IMPLANTATOV,,,0,EXACT_PRODUCT_FAMILY_ON_OSSTEM_KAZAKHSTAN_SITE,PHOTO_REFERENCE_AND_VARIANT_MATRIX_REQUIRED,https://osstem.kz/sistema-implantatov-/protetika/abatment-np-cast
abatment-rigid,Osstem,"OSSTEM IMPLANT Co., Ltd.",Абатмент RIGID,,,1,SISTEMA IMPLANTATOV,,,0,EXACT_PRODUCT_FAMILY_ON_OSSTEM_KAZAKHSTAN_SITE,PHOTO_REFERENCE_AND_VARIANT_MATRIX_REQUIRED,https://osstem.kz/sistema-implantatov-/protetika/abatment-rigid
abatment-stud,Osstem,"OSSTEM IMPLANT Co., Ltd.",Абатмент STUD,,,1,SISTEMA IMPLANTATOV,,,0,EXACT_PRODUCT_FAMILY_ON_OSSTEM_KAZAKHSTAN_SITE,PHOTO_REFERENCE_AND_VARIANT_MATRIX_REQUIRED,https://osstem.kz/sistema-implantatov-/protetika/abatment-stud
abatment-transfer,Osstem,"OSSTEM IMPLANT Co., Ltd.",Абатмент TRANSFER,,,1,SISTEMA IMPLANTATOV,,,0,EXACT_PRODUCT_FAMILY_ON_OSSTEM_KAZAKHSTAN_SITE,PHOTO_REFERENCE_AND_VARIANT_MATRIX_REQUIRED,https://osstem.kz/sistema-implantatov-/protetika/abatment-transfer
vremennyj-abatment-plastikovyj,Osstem,"OSSTEM IMPLANT Co., Ltd.",Временный Абатмент пластиковый,,,1,SISTEMA IMPLANTATOV,,,0,EXACT_PRODUCT_FAMILY_ON_OSSTEM_KAZAKHSTAN_SITE,PHOTO_REFERENCE_AND_VARIANT_MATRIX_REQUIRED,https://osstem.kz/sistema-implantatov-/protetika/vremennyj-abatment-plastikovyj
vremennyj-abatment-titanovyj,Osstem,"OSSTEM IMPLANT Co., Ltd.",Временный Абатмент титановый,,,1,SISTEMA IMPLANTATOV,,,0,EXACT_PRODUCT_FAMILY_ON_OSSTEM_KAZAKHSTAN_SITE,PHOTO_REFERENCE_AND_VARIANT_MATRIX_REQUIRED,https://osstem.kz/sistema-implantatov-/protetika/vremennyj-abatment-titanovyj
uglovoj-abatment,Osstem,"OSSTEM IMPLANT Co., Ltd.",угловой Абатмент,,,1,SISTEMA IMPLANTATOV,,,0,EXACT_PRODUCT_FAMILY_ON_OSSTEM_KAZAKHSTAN_SITE,PHOTO_REFERENCE_AND_VARIANT_MATRIX_REQUIRED,https://osstem.kz/sistema-implantatov-/protetika/uglovoj-abatment
uglovoj-abatment-multi,Osstem,"OSSTEM IMPLANT Co., Ltd.",угловой Абатмент MULTI,,,1,SISTEMA IMPLANTATOV,,,0,EXACT_PRODUCT_FAMILY_ON_OSSTEM_KAZAKHSTAN_SITE,PHOTO_REFERENCE_AND_VARIANT_MATRIX_REQUIRED,https://osstem.kz/sistema-implantatov-/protetika/uglovoj-abatment-multi
uglovoj-abatment-port,Osstem,"OSSTEM IMPLANT Co., Ltd.",угловой Абатмент PORT,,,1,SISTEMA IMPLANTATOV,,,0,EXACT_PRODUCT_FAMILY_ON_OSSTEM_KAZAKHSTAN_SITE,PHOTO_REFERENCE_AND_VARIANT_MATRIX_REQUIRED,https://osstem.kz/sistema-implantatov-/protetika/uglovoj-abatment-port
uglovoj-cirkonievyj-abatment-ziosera,Osstem,"OSSTEM IMPLANT Co., Ltd.",угловой Циркониевый Абатмент ZIOSERA,,,1,SISTEMA IMPLANTATOV,,,0,EXACT_PRODUCT_FAMILY_ON_OSSTEM_KAZAKHSTAN_SITE,PHOTO_REFERENCE_AND_VARIANT_MATRIX_REQUIRED,https://osstem.kz/sistema-implantatov-/protetika/uglovoj-cirkonievyj-abatment-ziosera
cirkonievyj-abatment-ziosera,Osstem,"OSSTEM IMPLANT Co., Ltd.",Циркониевый Абатмент ZIOSERA,,,1,SISTEMA IMPLANTATOV,,,0,EXACT_PRODUCT_FAMILY_ON_OSSTEM_KAZAKHSTAN_SITE,PHOTO_REFERENCE_AND_VARIANT_MATRIX_REQUIRED,https://osstem.kz/sistema-implantatov-/protetika/cirkonievyj-abatment-ziosera
ossbuilder,Osstem,"OSSTEM IMPLANT Co., Ltd.",OSSBUILDER,,,1,NKR 11,,,0,EXACT_PRODUCT_FAMILY_ON_OSSTEM_KAZAKHSTAN_SITE,PHOTO_REFERENCE_AND_VARIANT_MATRIX_REQUIRED,https://osstem.kz/nkr-11/membrany/ossbuilder
membrana-ossguide,Osstem,"OSSTEM IMPLANT Co., Ltd.",Мембрана OSSGUIDE,,,1,NKR 11,,,0,EXACT_PRODUCT_FAMILY_ON_OSSTEM_KAZAKHSTAN_SITE,PHOTO_REFERENCE_AND_VARIANT_MATRIX_REQUIRED,https://osstem.kz/nkr-11/membrany/membrana-ossguide
membrana-surederm,Osstem,"OSSTEM IMPLANT Co., Ltd.",Мембрана SUREDERM,,,1,NKR 11,,,0,EXACT_PRODUCT_FAMILY_ON_OSSTEM_KAZAKHSTAN_SITE,PHOTO_REFERENCE_AND_VARIANT_MATRIX_REQUIRED,https://osstem.kz/nkr-11/membrany/membrana-surederm
sureoss,Osstem,"OSSTEM IMPLANT Co., Ltd.",SUREOSS,,,1,NKR 11,,,0,EXACT_PRODUCT_FAMILY_ON_OSSTEM_KAZAKHSTAN_SITE,PHOTO_REFERENCE_AND_VARIANT_MATRIX_REQUIRED,https://osstem.kz/nkr-11/kostnyj-material/sureoss
the-graft,Osstem,"OSSTEM IMPLANT Co., Ltd.",THE GRAFT,,,1,NKR 11,,,0,EXACT_PRODUCT_FAMILY_ON_OSSTEM_KAZAKHSTAN_SITE,PHOTO_REFERENCE_AND_VARIANT_MATRIX_REQUIRED,https://osstem.kz/nkr-11/kostnyj-material/the-graft
autobone-collector-1,Osstem,"OSSTEM IMPLANT Co., Ltd.",AUTOBONE COLLECTOR 1,,,1,NKR 11,,,0,EXACT_PRODUCT_FAMILY_ON_OSSTEM_KAZAKHSTAN_SITE,PHOTO_REFERENCE_AND_VARIANT_MATRIX_REQUIRED,https://osstem.kz/nkr-11/autobone-collector/autobone-collector-1
stomatologicheskaya-ustanovka-k3,Osstem,"OSSTEM IMPLANT Co., Ltd.",Стоматологическая установка k3,,,1,OBORUDOVANIE,,,0,EXACT_PRODUCT_FAMILY_ON_OSSTEM_KAZAKHSTAN_SITE,PHOTO_REFERENCE_AND_VARIANT_MATRIX_REQUIRED,https://osstem.kz/oborudovanie-/stomatologicheskaya-ustanovka-kz/stomatologicheskaya-ustanovka-k3
3d-rentgen-apparat-t1-1,Osstem,"OSSTEM IMPLANT Co., Ltd.",3d рентген аппарат t1 1,,,1,OBORUDOVANIE,,,0,EXACT_PRODUCT_FAMILY_ON_OSSTEM_KAZAKHSTAN_SITE,PHOTO_REFERENCE_AND_VARIANT_MATRIX_REQUIRED,https://osstem.kz/oborudovanie-/3d-rentgen-apparat-t1/3d-rentgen-apparat-t1-1
fiziodispenser-sm5-1,Osstem,"OSSTEM IMPLANT Co., Ltd.",Физиодиспенсер sm5 1,,,1,OBORUDOVANIE,,,0,EXACT_PRODUCT_FAMILY_ON_OSSTEM_KAZAKHSTAN_SITE,PHOTO_REFERENCE_AND_VARIANT_MATRIX_REQUIRED,https://osstem.kz/oborudovanie-/fiziodispenser-sm5/fiziodispenser-sm5-1
snap-wired,Osstem,"OSSTEM IMPLANT Co., Ltd.",SNAP WIRED,,,1,OBORUDOVANIE,,,0,EXACT_PRODUCT_FAMILY_ON_OSSTEM_KAZAKHSTAN_SITE,PHOTO_REFERENCE_AND_VARIANT_MATRIX_REQUIRED,https://osstem.kz/oborudovanie-/vnutrirotovaya-kamera-snap/snap-wired
one-guide-kit,Osstem,"OSSTEM IMPLANT Co., Ltd.",ONE GUIDE KIT,,,1,Хирургические NABORY,,,0,EXACT_PRODUCT_FAMILY_ON_OSSTEM_KAZAKHSTAN_SITE,PHOTO_REFERENCE_AND_VARIANT_MATRIX_REQUIRED,https://osstem.kz/hirurgicheskie-nabory-/hirurgiya-po-shablonam/one-guide-kit
onecas-kit,Osstem,"OSSTEM IMPLANT Co., Ltd.",ONECAS KIT,,,1,Хирургические NABORY,,,0,EXACT_PRODUCT_FAMILY_ON_OSSTEM_KAZAKHSTAN_SITE,PHOTO_REFERENCE_AND_VARIANT_MATRIX_REQUIRED,https://osstem.kz/hirurgicheskie-nabory-/hirurgiya-po-shablonam/onecas-kit
parallel-guide-full-kitrasshirennaya-komplektaciya,Osstem,"OSSTEM IMPLANT Co., Ltd.",PARALLEL GUIDE FULL KITRASSHIRENNAYA KOMPLEKTACIYA,,,1,Хирургические NABORY,,,0,EXACT_PRODUCT_FAMILY_ON_OSSTEM_KAZAKHSTAN_SITE,PHOTO_REFERENCE_AND_VARIANT_MATRIX_REQUIRED,https://osstem.kz/hirurgicheskie-nabory-/hirurgiya-po-shablonam/parallel-guide-full-kitrasshirennaya-komplektaciya
parallel-guide-kit,Osstem,"OSSTEM IMPLANT Co., Ltd.",PARALLEL GUIDE KIT,,,1,Хирургические NABORY,,,0,EXACT_PRODUCT_FAMILY_ON_OSSTEM_KAZAKHSTAN_SITE,PHOTO_REFERENCE_AND_VARIANT_MATRIX_REQUIRED,https://osstem.kz/hirurgicheskie-nabory-/hirurgiya-po-shablonam/parallel-guide-kit
smartguide-kit,Osstem,"OSSTEM IMPLANT Co., Ltd.",SMARTGUIDE KIT,,,1,Хирургические NABORY,,,0,EXACT_PRODUCT_FAMILY_ON_OSSTEM_KAZAKHSTAN_SITE,PHOTO_REFERENCE_AND_VARIANT_MATRIX_REQUIRED,https://osstem.kz/hirurgicheskie-nabory-/hirurgiya-po-shablonam/smartguide-kit
122-taper-full-kit,Osstem,"OSSTEM IMPLANT Co., Ltd.",122 TAPER FULL KIT,,,1,Хирургические NABORY,,,0,EXACT_PRODUCT_FAMILY_ON_OSSTEM_KAZAKHSTAN_SITE,PHOTO_REFERENCE_AND_VARIANT_MATRIX_REQUIRED,https://osstem.kz/hirurgicheskie-nabory-/dlya-ustanovki-implantatov/122-taper-full-kit
122-taper-kit,Osstem,"OSSTEM IMPLANT Co., Ltd.",122 TAPER KIT,,,1,Хирургические NABORY,,,0,EXACT_PRODUCT_FAMILY_ON_OSSTEM_KAZAKHSTAN_SITE,PHOTO_REFERENCE_AND_VARIANT_MATRIX_REQUIRED,https://osstem.kz/hirurgicheskie-nabory-/dlya-ustanovki-implantatov/122-taper-kit
ms-kit,Osstem,"OSSTEM IMPLANT Co., Ltd.",MS KIT,,,1,Хирургические NABORY,,,0,EXACT_PRODUCT_FAMILY_ON_OSSTEM_KAZAKHSTAN_SITE,PHOTO_REFERENCE_AND_VARIANT_MATRIX_REQUIRED,https://osstem.kz/hirurgicheskie-nabory-/dlya-ustanovki-implantatov/ms-kit
taper-kit,Osstem,"OSSTEM IMPLANT Co., Ltd.",TAPER KIT,,,1,Хирургические NABORY,,,0,EXACT_PRODUCT_FAMILY_ON_OSSTEM_KAZAKHSTAN_SITE,PHOTO_REFERENCE_AND_VARIANT_MATRIX_REQUIRED,https://osstem.kz/hirurgicheskie-nabory-/dlya-ustanovki-implantatov/taper-kit
ultra-kit,Osstem,"OSSTEM IMPLANT Co., Ltd.",ULTRA KIT,,,1,Хирургические NABORY,,,0,EXACT_PRODUCT_FAMILY_ON_OSSTEM_KAZAKHSTAN_SITE,PHOTO_REFERENCE_AND_VARIANT_MATRIX_REQUIRED,https://osstem.kz/hirurgicheskie-nabory-/dlya-ustanovki-implantatov/ultra-kit
bone-spreader-kit,Osstem,"OSSTEM IMPLANT Co., Ltd.",BONE SPREADER KIT,,,1,Хирургические NABORY,,,0,EXACT_PRODUCT_FAMILY_ON_OSSTEM_KAZAKHSTAN_SITE,PHOTO_REFERENCE_AND_VARIANT_MATRIX_REQUIRED,https://osstem.kz/hirurgicheskie-nabory-/dlya-kostnoj-plastiki/bone-spreader-kit
cas-kit,Osstem,"OSSTEM IMPLANT Co., Ltd.",CAS KIT,,,1,Хирургические NABORY,,,0,EXACT_PRODUCT_FAMILY_ON_OSSTEM_KAZAKHSTAN_SITE,PHOTO_REFERENCE_AND_VARIANT_MATRIX_REQUIRED,https://osstem.kz/hirurgicheskie-nabory-/dlya-kostnoj-plastiki/cas-kit
esset-kit,Osstem,"OSSTEM IMPLANT Co., Ltd.",ESSET KIT,,,1,Хирургические NABORY,,,0,EXACT_PRODUCT_FAMILY_ON_OSSTEM_KAZAKHSTAN_SITE,PHOTO_REFERENCE_AND_VARIANT_MATRIX_REQUIRED,https://osstem.kz/hirurgicheskie-nabory-/dlya-kostnoj-plastiki/esset-kit
las-kit,Osstem,"OSSTEM IMPLANT Co., Ltd.",LAS KIT,,,1,Хирургические NABORY,,,0,EXACT_PRODUCT_FAMILY_ON_OSSTEM_KAZAKHSTAN_SITE,PHOTO_REFERENCE_AND_VARIANT_MATRIX_REQUIRED,https://osstem.kz/hirurgicheskie-nabory-/dlya-kostnoj-plastiki/las-kit
ossbuilder-kit,Osstem,"OSSTEM IMPLANT Co., Ltd.",OSSBUILDER KIT,,,1,Хирургические NABORY,,,0,EXACT_PRODUCT_FAMILY_ON_OSSTEM_KAZAKHSTAN_SITE,PHOTO_REFERENCE_AND_VARIANT_MATRIX_REQUIRED,https://osstem.kz/hirurgicheskie-nabory-/dlya-kostnoj-plastiki/ossbuilder-kit
osteotome-kit,Osstem,"OSSTEM IMPLANT Co., Ltd.",OSTEOTOME KIT,,,1,Хирургические NABORY,,,0,EXACT_PRODUCT_FAMILY_ON_OSSTEM_KAZAKHSTAN_SITE,PHOTO_REFERENCE_AND_VARIANT_MATRIX_REQUIRED,https://osstem.kz/hirurgicheskie-nabory-/dlya-kostnoj-plastiki/osteotome-kit
ridge-split-kit-pryamoj,Osstem,"OSSTEM IMPLANT Co., Ltd.",RIDGE SPLIT KIT прямой,,,1,Хирургические NABORY,,,0,EXACT_PRODUCT_FAMILY_ON_OSSTEM_KAZAKHSTAN_SITE,PHOTO_REFERENCE_AND_VARIANT_MATRIX_REQUIRED,https://osstem.kz/hirurgicheskie-nabory-/dlya-kostnoj-plastiki/ridge-split-kit-pryamoj
ridge-split-kit-uglovoj,Osstem,"OSSTEM IMPLANT Co., Ltd.",RIDGE SPLIT KIT угловой,,,1,Хирургические NABORY,,,0,EXACT_PRODUCT_FAMILY_ON_OSSTEM_KAZAKHSTAN_SITE,PHOTO_REFERENCE_AND_VARIANT_MATRIX_REQUIRED,https://osstem.kz/hirurgicheskie-nabory-/dlya-kostnoj-plastiki/ridge-split-kit-uglovoj
sinus-kit,Osstem,"OSSTEM IMPLANT Co., Ltd.",SINUS KIT,,,1,Хирургические NABORY,,,0,EXACT_PRODUCT_FAMILY_ON_OSSTEM_KAZAKHSTAN_SITE,PHOTO_REFERENCE_AND_VARIANT_MATRIX_REQUIRED,https://osstem.kz/hirurgicheskie-nabory-/dlya-kostnoj-plastiki/sinus-kit
orp-kit,Osstem,"OSSTEM IMPLANT Co., Ltd.",ORP KIT,,,1,Хирургические NABORY,,,0,EXACT_PRODUCT_FAMILY_ON_OSSTEM_KAZAKHSTAN_SITE,PHOTO_REFERENCE_AND_VARIANT_MATRIX_REQUIRED,https://osstem.kz/hirurgicheskie-nabory-/dlya-ortodonticheskoj-hirurgii/orp-kit
ortho-kit,Osstem,"OSSTEM IMPLANT Co., Ltd.",ORTHO KIT,,,1,Хирургические NABORY,,,0,EXACT_PRODUCT_FAMILY_ON_OSSTEM_KAZAKHSTAN_SITE,PHOTO_REFERENCE_AND_VARIANT_MATRIX_REQUIRED,https://osstem.kz/hirurgicheskie-nabory-/dlya-ortodonticheskoj-hirurgii/ortho-kit
prosthetic-kit,Osstem,"OSSTEM IMPLANT Co., Ltd.",PROSTHETIC KIT,,,1,Хирургические NABORY,,,0,EXACT_PRODUCT_FAMILY_ON_OSSTEM_KAZAKHSTAN_SITE,PHOTO_REFERENCE_AND_VARIANT_MATRIX_REQUIRED,https://osstem.kz/hirurgicheskie-nabory-/dlya-protezirovaniya/prosthetic-kit
prosthetic-simple-kit,Osstem,"OSSTEM IMPLANT Co., Ltd.",PROSTHETIC SIMPLE KIT,,,1,Хирургические NABORY,,,0,EXACT_PRODUCT_FAMILY_ON_OSSTEM_KAZAKHSTAN_SITE,PHOTO_REFERENCE_AND_VARIANT_MATRIX_REQUIRED,https://osstem.kz/hirurgicheskie-nabory-/dlya-protezirovaniya/prosthetic-simple-kit
xirurgicheskie-instrumenty,Osstem,"OSSTEM IMPLANT Co., Ltd.",XIRURGICHESKIE инструменты,,,1,Хирургические NABORY,,,0,EXACT_PRODUCT_FAMILY_ON_OSSTEM_KAZAKHSTAN_SITE,PHOTO_REFERENCE_AND_VARIANT_MATRIX_REQUIRED,https://osstem.kz/hirurgicheskie-nabory-/hirurgicheskie-instrumenty/xirurgicheskie-instrumenty
ortodonticheskij-vint-s-obychnoj-golovkoj,Osstem,"OSSTEM IMPLANT Co., Ltd.",Ортодонтический винт S обычной головкой,,,1,ORTODONTIYA,,,0,EXACT_PRODUCT_FAMILY_ON_OSSTEM_KAZAKHSTAN_SITE,PHOTO_REFERENCE_AND_VARIANT_MATRIX_REQUIRED,https://osstem.kz/ortodontiya-/ort-vint-s-obychnoj-golovkoj/ortodonticheskij-vint-s-obychnoj-golovkoj
ortodonticheskij-vint-s-otverstiem,Osstem,"OSSTEM IMPLANT Co., Ltd.",Ортодонтический винт S отверстием,,,1,ORTODONTIYA,,,0,EXACT_PRODUCT_FAMILY_ON_OSSTEM_KAZAKHSTAN_SITE,PHOTO_REFERENCE_AND_VARIANT_MATRIX_REQUIRED,https://osstem.kz/ortodontiya-/ort-vint-s-otverstiem/ortodonticheskij-vint-s-otverstiem
ortodonticheskij-vint-s-maloj-golovkoj,Osstem,"OSSTEM IMPLANT Co., Ltd.",Ортодонтический винт S малой головкой,,,1,ORTODONTIYA,,,0,EXACT_PRODUCT_FAMILY_ON_OSSTEM_KAZAKHSTAN_SITE,PHOTO_REFERENCE_AND_VARIANT_MATRIX_REQUIRED,https://osstem.kz/ortodontiya-/ort-vint-s-maloj-golovkoj/ortodonticheskij-vint-s-maloj-golovkoj
ortodonticheskij-vint-s-golovkoj-dlya-breketov,Osstem,"OSSTEM IMPLANT Co., Ltd.",Ортодонтический винт S головкой для брекетов,,,1,ORTODONTIYA,,,0,EXACT_PRODUCT_FAMILY_ON_OSSTEM_KAZAKHSTAN_SITE,PHOTO_REFERENCE_AND_VARIANT_MATRIX_REQUIRED,https://osstem.kz/ortodontiya-/ort-vint-s-golovkoj-dlya-breketov/ortodonticheskij-vint-s-golovkoj-dlya-breketov
v-ceph,Osstem,"OSSTEM IMPLANT Co., Ltd.",V CEPH,,,1,ORTODONTIYA,,,0,EXACT_PRODUCT_FAMILY_ON_OSSTEM_KAZAKHSTAN_SITE,PHOTO_REFERENCE_AND_VARIANT_MATRIX_REQUIRED,https://osstem.kz/ortodontiya-/programma-v-ceph/v-ceph
hysil-2,Osstem,"OSSTEM IMPLANT Co., Ltd.",HYSIL 2,,,1,OTTISKNOJ материал,,,0,EXACT_PRODUCT_FAMILY_ON_OSSTEM_KAZAKHSTAN_SITE,PHOTO_REFERENCE_AND_VARIANT_MATRIX_REQUIRED,https://osstem.kz/ottisknoj-material-/hysil/hysil-2
