localId,brand,manufacturer,name,categoryPath,description,manufacturerRef,imageUrls,imageCount,kzEvidence,status,sourcePageUrl
pastas-de-dientes-sensitive,Pierrot,"Fushima, S.L.",Sensitive,Pastas de dientes,Formulación específica para dientes sensibles. Ayuda a reducir la sensibilidad dental diaria. Indicada para adultos con encías delicadas.,,https://www.pierrot.es/wp-content/uploads/2025/07/Sensitive-e1752743828279.png,1,BRAND_AND_SELECTED_PRODUCTS_PRESENT_IN_STOMIR_KZ_CATALOG,OFFICIAL_PRODUCT_FAMILY_REFERENCE_AND_VARIANTS_REVIEW_REQUIRED,https://www.pierrot.es/productos/
pastas-de-dientes-whitening,Pierrot,"Fushima, S.L.",Whitening,Pastas de dientes,Ayuda a recuperar el blanco natural del esmalte. Indicada para adultos que buscan una sonrisa más luminosa y cuidada.,,https://www.pierrot.es/wp-content/uploads/2025/06/Pasta_Whitening-Photoroom-e1748960901433.png,1,BRAND_AND_SELECTED_PRODUCTS_PRESENT_IN_STOMIR_KZ_CATALOG,OFFICIAL_PRODUCT_FAMILY_REFERENCE_AND_VARIANTS_REVIEW_REQUIRED,https://www.pierrot.es/productos/
pastas-de-dientes-gum-protection,Pierrot,"Fushima, S.L.",Gum Protection,Pastas de dientes,Refuerza y protege las encías frente a la inflamación y el sangrado. Indicada para adultos con encías sensibles o propensas a la irritación.,,https://www.pierrot.es/wp-content/uploads/2025/06/Pasta_Gum-Protection-Photoroom-e1748961089290.png,1,BRAND_AND_SELECTED_PRODUCTS_PRESENT_IN_STOMIR_KZ_CATALOG,OFFICIAL_PRODUCT_FAMILY_REFERENCE_AND_VARIANTS_REVIEW_REQUIRED,https://www.pierrot.es/productos/
pastas-de-dientes-healthy-gums,Pierrot,"Fushima, S.L.",Healthy Gums,Pastas de dientes,Con acción antiplaca y antiséptica para mantener unas encías sanas. Recomendada para el cuidado diario de encías sensibles.,,https://www.pierrot.es/wp-content/uploads/2025/06/Pasta_Healthy-Gums-Photoroom-e1748961404470.png,1,BRAND_AND_SELECTED_PRODUCTS_PRESENT_IN_STOMIR_KZ_CATALOG,OFFICIAL_PRODUCT_FAMILY_REFERENCE_AND_VARIANTS_REVIEW_REQUIRED,https://www.pierrot.es/productos/
pastas-de-dientes-anti-placa,Pierrot,"Fushima, S.L.",Anti-placa,Pastas de dientes,Formulación específica para reducir y prevenir la placa bacteriana. Indicada para adultos que buscan una limpieza profunda y prolongada.,,https://www.pierrot.es/wp-content/uploads/2025/06/Pasta_Antiplaca-Photoroom-e1748961485916.png,1,BRAND_AND_SELECTED_PRODUCTS_PRESENT_IN_STOMIR_KZ_CATALOG,OFFICIAL_PRODUCT_FAMILY_REFERENCE_AND_VARIANTS_REVIEW_REQUIRED,https://www.pierrot.es/productos/
pastas-de-dientes-ultrafresh,Pierrot,"Fushima, S.L.",Ultrafresh,Pastas de dientes,Proporciona una sensación de frescor intenso y duradero. Ideal para quienes buscan una higiene bucal con efecto mentolado prolongado.,,https://www.pierrot.es/wp-content/uploads/2025/06/Pasta_Ultrafresh-Photoroom-e1748961569802.png,1,BRAND_AND_SELECTED_PRODUCTS_PRESENT_IN_STOMIR_KZ_CATALOG,OFFICIAL_PRODUCT_FAMILY_REFERENCE_AND_VARIANTS_REVIEW_REQUIRED,https://www.pierrot.es/productos/
cepillos-cepillos-adultos,Pierrot,"Fushima, S.L.",Cepillos adultos,Cepillos,"Amplia gama de cepillos manuales que se adaptan a distintas preferencias de uso. Modelos como Gold, Energy o Active combinan diseño funcional y calidad en los filamentos para una limpieza bucal eficaz.",,https://www.pierrot.es/wp-content/uploads/2025/07/Cepillos-Adultos-e1752744721214.png,1,BRAND_AND_SELECTED_PRODUCTS_PRESENT_IN_STOMIR_KZ_CATALOG,OFFICIAL_PRODUCT_FAMILY_REFERENCE_AND_VARIANTS_REVIEW_REQUIRED,https://www.pierrot.es/productos/
cepillos-kits-dentales,Pierrot,"Fushima, S.L.",Kits dentales,Cepillos,"Kits diseñados para distintas situaciones que se producen fuera de casa: desde cepillos plegables individuales hasta sets completos con accesorios, según las necesidades que tengamos.",,https://www.pierrot.es/wp-content/uploads/2025/07/Kits-e1752760947467.png,1,BRAND_AND_SELECTED_PRODUCTS_PRESENT_IN_STOMIR_KZ_CATALOG,OFFICIAL_PRODUCT_FAMILY_REFERENCE_AND_VARIANTS_REVIEW_REQUIRED,https://www.pierrot.es/productos/
cepillos-cuidado-especialista,Pierrot,"Fushima, S.L.",Cuidado especialista,Cepillos,"Línea formulada para necesidades bucodentales específicas: periodontitis, cuidados postquirúrgicos, ortodoncia, prótesis o hipersensibilidad. Productos con composiciones y formatos clínicamente adaptados.",,https://www.pierrot.es/wp-content/uploads/2025/06/Capillos_Especialistas-Photoroom-e1748962480619.png,1,BRAND_AND_SELECTED_PRODUCTS_PRESENT_IN_STOMIR_KZ_CATALOG,OFFICIAL_PRODUCT_FAMILY_REFERENCE_AND_VARIANTS_REVIEW_REQUIRED,https://www.pierrot.es/productos/
cepillos-green,Pierrot,"Fushima, S.L.",Green,Cepillos,"Línea ecológica y sostenible: productos biodegradables, compostables, veganos, libres de BPA y con certificación FSC. Compromiso real con el medio ambiente.",,https://www.pierrot.es/wp-content/uploads/2025/07/Green-1-e1752761077947.png,1,BRAND_AND_SELECTED_PRODUCTS_PRESENT_IN_STOMIR_KZ_CATALOG,OFFICIAL_PRODUCT_FAMILY_REFERENCE_AND_VARIANTS_REVIEW_REQUIRED,https://www.pierrot.es/productos/
cepillos-cepillo-eléctrico,Pierrot,"Fushima, S.L.",Cepillo eléctrico,Cepillos,Limpieza eficaz y cómoda a un coste accesible. Su tecnología de vibración mejora la higiene diaria sin renunciar a la simplicidad ni al precio. Ideal para uso adulto.,,https://www.pierrot.es/wp-content/uploads/2025/07/Cepillos-Electricos-e1752761057299.png,1,BRAND_AND_SELECTED_PRODUCTS_PRESENT_IN_STOMIR_KZ_CATALOG,OFFICIAL_PRODUCT_FAMILY_REFERENCE_AND_VARIANTS_REVIEW_REQUIRED,https://www.pierrot.es/productos/
para-niños-pasta-de-dientes,Pierrot,"Fushima, S.L.",Pasta de dientes,Para niños,Fórmulas suaves y seguras adaptadas a los más pequeños. Protegen frente a la caries y respetan el esmalte dental infantil. Sabores agradables para fomentar el cepillado diario.,,https://www.pierrot.es/wp-content/uploads/2025/07/Pasta-Ninos-e1752760993880.png,1,BRAND_AND_SELECTED_PRODUCTS_PRESENT_IN_STOMIR_KZ_CATALOG,OFFICIAL_PRODUCT_FAMILY_REFERENCE_AND_VARIANTS_REVIEW_REQUIRED,https://www.pierrot.es/productos/
para-niños-sharky-unicorn,Pierrot,"Fushima, S.L.",Sharky & Unicorn,Para niños,Nuestros cepillos estrella para niños patentados. Diseños divertidos y ergonómicos que transforman el cepillado en un momento entretenido. Ideales para fomentar hábitos desde edades tempranas.,,https://www.pierrot.es/wp-content/uploads/2025/06/Para-ninos_SharkyUnicorn-Photoroom-e1748963698213.png,1,BRAND_AND_SELECTED_PRODUCTS_PRESENT_IN_STOMIR_KZ_CATALOG,OFFICIAL_PRODUCT_FAMILY_REFERENCE_AND_VARIANTS_REVIEW_REQUIRED,https://www.pierrot.es/productos/
para-niños-cepillos-infantiles,Pierrot,"Fushima, S.L.",Cepillos infantiles,Para niños,"Diseñados para adaptarse a la boca de los más pequeños. Cabezal pequeño, filamentos suaves y mangos cómodos que facilitan el uso autónomo y seguro.",,https://www.pierrot.es/wp-content/uploads/2025/07/Cepillos-Infantiles-e1752744764885.png,1,BRAND_AND_SELECTED_PRODUCTS_PRESENT_IN_STOMIR_KZ_CATALOG,OFFICIAL_PRODUCT_FAMILY_REFERENCE_AND_VARIANTS_REVIEW_REQUIRED,https://www.pierrot.es/productos/
para-niños-arco-dental,Pierrot,"Fushima, S.L.",Arco dental,Para niños,"Diseñados para facilitar la limpieza interdental en niños, con mango adaptado a manos pequeñas y formas divertidas que fomentan el hábito. El hilo es suave y resistente, ideal para espacios estrechos y encías sensibles. Apto para uso supervisado.",,https://www.pierrot.es/wp-content/uploads/2025/07/ArcoDental-Kids-e1752744672762.png,1,BRAND_AND_SELECTED_PRODUCTS_PRESENT_IN_STOMIR_KZ_CATALOG,OFFICIAL_PRODUCT_FAMILY_REFERENCE_AND_VARIANTS_REVIEW_REQUIRED,https://www.pierrot.es/productos/
para-niños-enjuague,Pierrot,"Fushima, S.L.",Enjuague,Para niños,"Colutorios sin alcohol con sabores suaves. Ayudan a reforzar la higiene bucal, protegiendo contra la placa y cuidando encías y dientes de leche.",,https://www.pierrot.es/wp-content/uploads/2025/06/Para-ninos_Enjuague-Photoroom-e1748964870988.png,1,BRAND_AND_SELECTED_PRODUCTS_PRESENT_IN_STOMIR_KZ_CATALOG,OFFICIAL_PRODUCT_FAMILY_REFERENCE_AND_VARIANTS_REVIEW_REQUIRED,https://www.pierrot.es/productos/
para-niños-kits-dentales-y-viaje,Pierrot,"Fushima, S.L.",Kits dentales y Viaje,Para niños,"Soluciones completas para llevar la higiene bucal a cualquier parte. Incluyen cepillo, pasta y accesorios en formatos prácticos, seguros y adaptados a los más pequeños.",,https://www.pierrot.es/wp-content/uploads/2025/06/Para-ninos_Kits-dentales-Photoroom-e1748964935763.png,1,BRAND_AND_SELECTED_PRODUCTS_PRESENT_IN_STOMIR_KZ_CATALOG,OFFICIAL_PRODUCT_FAMILY_REFERENCE_AND_VARIANTS_REVIEW_REQUIRED,https://www.pierrot.es/productos/
enjuagues-bucales-clorexidine,Pierrot,"Fushima, S.L.",Clorexidine,Enjuagues bucales,"Colutorios formulados con clorhexidina, un antiséptico de uso profesional indicado para tratamientos específicos como periodontitis, cirugía oral o inflamaciones gingivales. Ayuda a reducir eficazmente la carga bacteriana y favorecer la recuperación de los tejidos. Uso bajo recomendación odontológica.",,https://www.pierrot.es/wp-content/uploads/2025/06/Enjuagues_Clorexidine-Photoroom-e1748965130165.png,1,BRAND_AND_SELECTED_PRODUCTS_PRESENT_IN_STOMIR_KZ_CATALOG,OFFICIAL_PRODUCT_FAMILY_REFERENCE_AND_VARIANTS_REVIEW_REQUIRED,https://www.pierrot.es/productos/
enjuagues-bucales-antiplaca,Pierrot,"Fushima, S.L.",Antiplaca,Enjuagues bucales,"Colutorios de uso diario diseñados para prevenir la formación de placa bacteriana, en combinación con nuestra línea de pasta de dientes Antiplaca. Con acción antiséptica suave, refuerzan la higiene bucal y ayudan a mantener encías sanas y aliento fresco. Ideales como complemento del cepillado en adultos.",,https://www.pierrot.es/wp-content/uploads/2025/06/Enjuagues_Antiplaca-Photoroom-e1748965160727.png,1,BRAND_AND_SELECTED_PRODUCTS_PRESENT_IN_STOMIR_KZ_CATALOG,OFFICIAL_PRODUCT_FAMILY_REFERENCE_AND_VARIANTS_REVIEW_REQUIRED,https://www.pierrot.es/productos/
enjuagues-bucales-adultos,Pierrot,"Fushima, S.L.",Adultos,Enjuagues bucales,"Amplia gama de colutorios destinados al cuidado bucodental adulto. Diferentes fórmulas adaptadas a necesidades específicas: protección de encías, aliento fresco, control de placa o sensibilidad. Sin alcohol y con sabores agradables para una experiencia completa.",,https://www.pierrot.es/wp-content/uploads/2025/07/Enjuagues-e1752744906598.png,1,BRAND_AND_SELECTED_PRODUCTS_PRESENT_IN_STOMIR_KZ_CATALOG,OFFICIAL_PRODUCT_FAMILY_REFERENCE_AND_VARIANTS_REVIEW_REQUIRED,https://www.pierrot.es/productos/
limpieza-interdental-y-accesorios-arco-dental-para-adultos,Pierrot,"Fushima, S.L.",Arco dental para adultos,Limpieza interdental y accesorios,Estos hilos con mango son un dispositivo práctico que combina hilo dental con mango ergonómico para facilitar la limpieza entre dientes. Ideal para quienes buscan precisión y comodidad en la higiene interdental diaria.,,https://www.pierrot.es/wp-content/uploads/2025/07/ArcoDental-Adultos-e1752744586451.png,1,BRAND_AND_SELECTED_PRODUCTS_PRESENT_IN_STOMIR_KZ_CATALOG,OFFICIAL_PRODUCT_FAMILY_REFERENCE_AND_VARIANTS_REVIEW_REQUIRED,https://www.pierrot.es/productos/
limpieza-interdental-y-accesorios-cepillo-interdental,Pierrot,"Fushima, S.L.",Cepillo interdental,Limpieza interdental y accesorios,"Cepillos de distintos diámetros para acceder eficazmente a los espacios entre los dientes. Recomendados para portadores de ortodoncia, implantes o encías sensibles. Complementan el cepillado y previenen la acumulación de placa.",,https://www.pierrot.es/wp-content/uploads/2025/07/Cepillos-Interdentales-e1752744826508.png,1,BRAND_AND_SELECTED_PRODUCTS_PRESENT_IN_STOMIR_KZ_CATALOG,OFFICIAL_PRODUCT_FAMILY_REFERENCE_AND_VARIANTS_REVIEW_REQUIRED,https://www.pierrot.es/productos/
limpieza-interdental-y-accesorios-seda-dental,Pierrot,"Fushima, S.L.",Seda dental,Limpieza interdental y accesorios,"Hilo dental resistente y suave que se desliza fácilmente entre los dientes, eliminando residuos y placa en zonas donde el cepillo no llega. Disponible en distintos formatos para adaptarse a cada necesidad.",,https://www.pierrot.es/wp-content/uploads/2025/06/Limpieza_Seda-dental-Photoroom-e1748965510421.png,1,BRAND_AND_SELECTED_PRODUCTS_PRESENT_IN_STOMIR_KZ_CATALOG,OFFICIAL_PRODUCT_FAMILY_REFERENCE_AND_VARIANTS_REVIEW_REQUIRED,https://www.pierrot.es/productos/
limpieza-interdental-y-accesorios-accesorios,Pierrot,"Fushima, S.L.",Accesorios,Limpieza interdental y accesorios,"Complementos diseñados para una higiene bucal completa: pastillas limpiadoras para férulas, cera para ortodoncia, limpiadores linguales y otros productos específicos que mejoran el cuidado diario y el confort del usuario.",,https://www.pierrot.es/wp-content/uploads/2025/06/Accesorios-Photoroom-e1749023791273.png,1,BRAND_AND_SELECTED_PRODUCTS_PRESENT_IN_STOMIR_KZ_CATALOG,OFFICIAL_PRODUCT_FAMILY_REFERENCE_AND_VARIANTS_REVIEW_REQUIRED,https://www.pierrot.es/productos/
