officialProductId,brand,manufacturer,name,categoryPath,manufacturerRef,imageUrls,imageCount,kzEvidence,status,sourcePageUrl
3615217,ZT Dental,ZT Dental,SECTIONAL MATRIX SYSTEM A4,Matrix materials,,https://nwzimg.wezhan.cn/contents/sitefiles2061/10305317/images/57047845.jpg | https://nwzimg.wezhan.cn/contents/sitefiles2061/10305317/images/57047846.jpg | https://nwzimg.wezhan.cn/contents/sitefiles2061/10305317/images/57047847.jpg,3,BRAND_AND_SELECTED_PRODUCTS_PRESENT_IN_STOMIR_KZ_CATALOG,OFFICIAL_PRODUCT_REFERENCE_REVIEW_REQUIRED,https://www.ztdental.com/productinfo/3615217.html
3615316,ZT Dental,ZT Dental,SECTIONAL MATRIX SYSTEM A2,Matrix materials,,https://nwzimg.wezhan.cn/contents/sitefiles2061/10305317/images/57048200.jpg | https://nwzimg.wezhan.cn/contents/sitefiles2061/10305317/images/57048201.jpg | https://nwzimg.wezhan.cn/contents/sitefiles2061/10305317/images/57048202.jpg,3,BRAND_AND_SELECTED_PRODUCTS_PRESENT_IN_STOMIR_KZ_CATALOG,OFFICIAL_PRODUCT_REFERENCE_REVIEW_REQUIRED,https://www.ztdental.com/productinfo/3615316.html
3615403,ZT Dental,ZT Dental,SECTIONAL MATRIX SYSTEM A3,Matrix materials,,https://nwzimg.wezhan.cn/contents/sitefiles2061/10305317/images/57048433.jpg | https://nwzimg.wezhan.cn/contents/sitefiles2061/10305317/images/57048452.jpg,2,BRAND_AND_SELECTED_PRODUCTS_PRESENT_IN_STOMIR_KZ_CATALOG,OFFICIAL_PRODUCT_REFERENCE_REVIEW_REQUIRED,https://www.ztdental.com/productinfo/3615403.html
3615459,ZT Dental,ZT Dental,SECTIONAL MATRIX SYSTEM B3 for paediatric dentistry,Matrix materials,,https://nwzimg.wezhan.cn/contents/sitefiles2061/10305317/images/57048564.png | https://nwzimg.wezhan.cn/contents/sitefiles2061/10305317/images/57048566.jpg,2,BRAND_AND_SELECTED_PRODUCTS_PRESENT_IN_STOMIR_KZ_CATALOG,OFFICIAL_PRODUCT_REFERENCE_REVIEW_REQUIRED,https://www.ztdental.com/productinfo/3615459.html
3615651,ZT Dental,ZT Dental,SECTIONAL MATRIX SYSTEM B4,Matrix materials,,https://nwzimg.wezhan.cn/contents/sitefiles2061/10305317/images/57048961.jpg | https://nwzimg.wezhan.cn/contents/sitefiles2061/10305317/images/57048963.jpg,2,BRAND_AND_SELECTED_PRODUCTS_PRESENT_IN_STOMIR_KZ_CATALOG,OFFICIAL_PRODUCT_REFERENCE_REVIEW_REQUIRED,https://www.ztdental.com/productinfo/3615651.html
3616091,ZT Dental,ZT Dental,SECTIONAL MATRIX SYSTEM C2,Matrix materials,,https://nwzimg.wezhan.cn/contents/sitefiles2061/10305317/images/57050535.jpg | https://nwzimg.wezhan.cn/contents/sitefiles2061/10305317/images/57050536.jpg,2,BRAND_AND_SELECTED_PRODUCTS_PRESENT_IN_STOMIR_KZ_CATALOG,OFFICIAL_PRODUCT_REFERENCE_REVIEW_REQUIRED,https://www.ztdental.com/productinfo/3616091.html
3616158,ZT Dental,ZT Dental,SECTIONAL MATRIX SYSTEM D3,Matrix materials,,https://nwzimg.wezhan.cn/contents/sitefiles2061/10305317/images/57050702.jpg | https://nwzimg.wezhan.cn/contents/sitefiles2061/10305317/images/57050700.jpg,2,BRAND_AND_SELECTED_PRODUCTS_PRESENT_IN_STOMIR_KZ_CATALOG,OFFICIAL_PRODUCT_REFERENCE_REVIEW_REQUIRED,https://www.ztdental.com/productinfo/3616158.html
3616716,ZT Dental,ZT Dental,SECTIONAL MATRIX SYSTEM G2,Matrix materials,,https://nwzimg.wezhan.cn/contents/sitefiles2061/10305317/images/57052300.jpg | https://nwzimg.wezhan.cn/contents/sitefiles2061/10305317/images/57052301.jpg,2,BRAND_AND_SELECTED_PRODUCTS_PRESENT_IN_STOMIR_KZ_CATALOG,OFFICIAL_PRODUCT_REFERENCE_REVIEW_REQUIRED,https://www.ztdental.com/productinfo/3616716.html
3616775,ZT Dental,ZT Dental,SECTIONAL MATRIX SYSTEM F1,Matrix materials,,https://nwzimg.wezhan.cn/contents/sitefiles2061/10305317/images/57052497.jpg | https://nwzimg.wezhan.cn/contents/sitefiles2061/10305317/images/57052498.jpg,2,BRAND_AND_SELECTED_PRODUCTS_PRESENT_IN_STOMIR_KZ_CATALOG,OFFICIAL_PRODUCT_REFERENCE_REVIEW_REQUIRED,https://www.ztdental.com/productinfo/3616775.html
3616814,ZT Dental,ZT Dental,SECTIONAL MATRIX SYSTEM F3,Matrix materials,,https://nwzimg.wezhan.cn/contents/sitefiles2061/10305317/images/57052590.jpg | https://nwzimg.wezhan.cn/contents/sitefiles2061/10305317/images/57052593.jpg,2,BRAND_AND_SELECTED_PRODUCTS_PRESENT_IN_STOMIR_KZ_CATALOG,OFFICIAL_PRODUCT_REFERENCE_REVIEW_REQUIRED,https://www.ztdental.com/productinfo/3616814.html
3620311,ZT Dental,ZT Dental,SECTIONAL MATRIX SYSTEM H1,Matrix materials,,https://nwzimg.wezhan.cn/contents/sitefiles2061/10305317/images/57071638.jpg | https://nwzimg.wezhan.cn/contents/sitefiles2061/10305317/images/57071639.jpg,2,BRAND_AND_SELECTED_PRODUCTS_PRESENT_IN_STOMIR_KZ_CATALOG,OFFICIAL_PRODUCT_REFERENCE_REVIEW_REQUIRED,https://www.ztdental.com/productinfo/3620311.html
3620424,ZT Dental,ZT Dental,SECTIONAL MATRIX BANDS M2,Matrix materials,,https://nwzimg.wezhan.cn/contents/sitefiles2061/10305317/images/57072667.jpg | https://nwzimg.wezhan.cn/contents/sitefiles2061/10305317/images/57075993.jpg,2,BRAND_AND_SELECTED_PRODUCTS_PRESENT_IN_STOMIR_KZ_CATALOG,OFFICIAL_PRODUCT_REFERENCE_REVIEW_REQUIRED,https://www.ztdental.com/productinfo/3620424.html
3620539,ZT Dental,ZT Dental,SECTIONAL MATRIX BANDS M10 1.0,Matrix materials,,https://nwzimg.wezhan.cn/contents/sitefiles2061/10305317/images/57072518.jpg | https://nwzimg.wezhan.cn/contents/sitefiles2061/10305317/images/57075917.jpg,2,BRAND_AND_SELECTED_PRODUCTS_PRESENT_IN_STOMIR_KZ_CATALOG,OFFICIAL_PRODUCT_REFERENCE_REVIEW_REQUIRED,https://www.ztdental.com/productinfo/3620539.html
3620870,ZT Dental,ZT Dental,SECTIONAL MATRIX BANDS M4 1.0,Matrix materials,,https://nwzimg.wezhan.cn/contents/sitefiles2061/10305317/images/57076493.jpg | https://nwzimg.wezhan.cn/contents/sitefiles2061/10305317/images/57076069.jpg,2,BRAND_AND_SELECTED_PRODUCTS_PRESENT_IN_STOMIR_KZ_CATALOG,OFFICIAL_PRODUCT_REFERENCE_REVIEW_REQUIRED,https://www.ztdental.com/productinfo/3620870.html
3620885,ZT Dental,ZT Dental,SECTIONAL MATRIX BANDS M4 2.0,Matrix materials,,https://nwzimg.wezhan.cn/contents/sitefiles2061/10305317/images/57076636.jpg | https://nwzimg.wezhan.cn/contents/sitefiles2061/10305317/images/57076638.jpg,2,BRAND_AND_SELECTED_PRODUCTS_PRESENT_IN_STOMIR_KZ_CATALOG,OFFICIAL_PRODUCT_REFERENCE_REVIEW_REQUIRED,https://www.ztdental.com/productinfo/3620885.html
3620955,ZT Dental,ZT Dental,RETAINER AND MATRIX M5 2.0,Matrix materials,,https://nwzimg.wezhan.cn/contents/sitefiles2061/10305317/images/57077093.jpg | https://nwzimg.wezhan.cn/contents/sitefiles2061/10305317/images/57077094.jpg | https://nwzimg.wezhan.cn/contents/sitefiles2061/10305317/images/57077095.jpg,3,BRAND_AND_SELECTED_PRODUCTS_PRESENT_IN_STOMIR_KZ_CATALOG,OFFICIAL_PRODUCT_REFERENCE_REVIEW_REQUIRED,https://www.ztdental.com/productinfo/3620955.html
3620997,ZT Dental,ZT Dental,STEEL MATRIX M6 1.0,Matrix materials,,https://nwzimg.wezhan.cn/contents/sitefiles2061/10305317/images/57077481.jpg | https://nwzimg.wezhan.cn/contents/sitefiles2061/10305317/images/57077482.jpg,2,BRAND_AND_SELECTED_PRODUCTS_PRESENT_IN_STOMIR_KZ_CATALOG,OFFICIAL_PRODUCT_REFERENCE_REVIEW_REQUIRED,https://www.ztdental.com/productinfo/3620997.html
3621024,ZT Dental,ZT Dental,MATRIX BANDS M7 1.0,Matrix materials,,https://nwzimg.wezhan.cn/contents/sitefiles2061/10305317/images/57077567.jpg | https://nwzimg.wezhan.cn/contents/sitefiles2061/10305317/images/57077568.jpg,2,BRAND_AND_SELECTED_PRODUCTS_PRESENT_IN_STOMIR_KZ_CATALOG,OFFICIAL_PRODUCT_REFERENCE_REVIEW_REQUIRED,https://www.ztdental.com/productinfo/3621024.html
3621045,ZT Dental,ZT Dental,CONTOURED ANTERIOR MATRIX M8 1.0,Matrix materials,,https://nwzimg.wezhan.cn/contents/sitefiles2061/10305317/images/57077814.jpg | https://nwzimg.wezhan.cn/contents/sitefiles2061/10305317/images/57077815.jpg,2,BRAND_AND_SELECTED_PRODUCTS_PRESENT_IN_STOMIR_KZ_CATALOG,OFFICIAL_PRODUCT_REFERENCE_REVIEW_REQUIRED,https://www.ztdental.com/productinfo/3621045.html
3621132,ZT Dental,ZT Dental,CONTOURED ANTERIOR METAL MATRIX M8 2.0,Matrix materials,,https://nwzimg.wezhan.cn/contents/sitefiles2061/10305317/images/57078155.jpg | https://nwzimg.wezhan.cn/contents/sitefiles2061/10305317/images/57078157.jpg,2,BRAND_AND_SELECTED_PRODUCTS_PRESENT_IN_STOMIR_KZ_CATALOG,OFFICIAL_PRODUCT_REFERENCE_REVIEW_REQUIRED,https://www.ztdental.com/productinfo/3621132.html
3622611,ZT Dental,ZT Dental,TOFFLEMIRE CONTOURED MATRICES M9,Matrix materials,,https://nwzimg.wezhan.cn/contents/sitefiles2061/10305317/images/57093663.jpg | https://nwzimg.wezhan.cn/contents/sitefiles2061/10305317/images/57093664.jpg,2,BRAND_AND_SELECTED_PRODUCTS_PRESENT_IN_STOMIR_KZ_CATALOG,OFFICIAL_PRODUCT_REFERENCE_REVIEW_REQUIRED,https://www.ztdental.com/productinfo/3622611.html
3622614,ZT Dental,ZT Dental,TRANSPARENT CERVICAL MATRICES M11 1.0,Matrix materials,,https://nwzimg.wezhan.cn/contents/sitefiles2061/10305317/images/57093673.jpg | https://nwzimg.wezhan.cn/contents/sitefiles2061/10305317/images/57093674.jpg,2,BRAND_AND_SELECTED_PRODUCTS_PRESENT_IN_STOMIR_KZ_CATALOG,OFFICIAL_PRODUCT_REFERENCE_REVIEW_REQUIRED,https://www.ztdental.com/productinfo/3622614.html
3622616,ZT Dental,ZT Dental,WEDGE GUARDS M3,Matrix materials,,https://nwzimg.wezhan.cn/contents/sitefiles2061/10305317/images/57093695.jpg | https://nwzimg.wezhan.cn/contents/sitefiles2061/10305317/images/57093696.jpg,2,BRAND_AND_SELECTED_PRODUCTS_PRESENT_IN_STOMIR_KZ_CATALOG,OFFICIAL_PRODUCT_REFERENCE_REVIEW_REQUIRED,https://www.ztdental.com/productinfo/3622616.html
3622619,ZT Dental,ZT Dental,CLAMP RING R1 2.0,Matrix materials,,https://nwzimg.wezhan.cn/contents/sitefiles2061/10305317/images/57093701.jpg | https://nwzimg.wezhan.cn/contents/sitefiles2061/10305317/images/57093702.jpg,2,BRAND_AND_SELECTED_PRODUCTS_PRESENT_IN_STOMIR_KZ_CATALOG,OFFICIAL_PRODUCT_REFERENCE_REVIEW_REQUIRED,https://www.ztdental.com/productinfo/3622619.html
3622631,ZT Dental,ZT Dental,CLAMP RING R2 3.0,Matrix materials,,https://nwzimg.wezhan.cn/contents/sitefiles2061/10305317/images/57093864.jpg | https://nwzimg.wezhan.cn/contents/sitefiles2061/10305317/images/57093865.jpg,2,BRAND_AND_SELECTED_PRODUCTS_PRESENT_IN_STOMIR_KZ_CATALOG,OFFICIAL_PRODUCT_REFERENCE_REVIEW_REQUIRED,https://www.ztdental.com/productinfo/3622631.html
3622633,ZT Dental,ZT Dental,CLAMP RING R3 1.0,Matrix materials,,https://nwzimg.wezhan.cn/contents/sitefiles2061/10305317/images/57093870.jpg | https://nwzimg.wezhan.cn/contents/sitefiles2061/10305317/images/57093871.jpg,2,BRAND_AND_SELECTED_PRODUCTS_PRESENT_IN_STOMIR_KZ_CATALOG,OFFICIAL_PRODUCT_REFERENCE_REVIEW_REQUIRED,https://www.ztdental.com/productinfo/3622633.html
3622635,ZT Dental,ZT Dental,CLAMP RING R4 3.0,Matrix materials,,https://nwzimg.wezhan.cn/contents/sitefiles2061/10305317/images/57093885.jpg | https://nwzimg.wezhan.cn/contents/sitefiles2061/10305317/images/57093886.jpg,2,BRAND_AND_SELECTED_PRODUCTS_PRESENT_IN_STOMIR_KZ_CATALOG,OFFICIAL_PRODUCT_REFERENCE_REVIEW_REQUIRED,https://www.ztdental.com/productinfo/3622635.html
3622675,ZT Dental,ZT Dental,CLAMP RING R5 1.0,Matrix materials,,https://nwzimg.wezhan.cn/contents/sitefiles2061/10305317/images/57094236.jpg | https://nwzimg.wezhan.cn/contents/sitefiles2061/10305317/images/57094235.jpg,2,BRAND_AND_SELECTED_PRODUCTS_PRESENT_IN_STOMIR_KZ_CATALOG,OFFICIAL_PRODUCT_REFERENCE_REVIEW_REQUIRED,https://www.ztdental.com/productinfo/3622675.html
3622680,ZT Dental,ZT Dental,CLAMP RING R5 2.0,Matrix materials,,https://nwzimg.wezhan.cn/contents/sitefiles2061/10305317/images/57094238.jpg | https://nwzimg.wezhan.cn/contents/sitefiles2061/10305317/images/57094239.jpg,2,BRAND_AND_SELECTED_PRODUCTS_PRESENT_IN_STOMIR_KZ_CATALOG,OFFICIAL_PRODUCT_REFERENCE_REVIEW_REQUIRED,https://www.ztdental.com/productinfo/3622680.html
3622684,ZT Dental,ZT Dental,CLAMP RING R6 1.0,Matrix materials,,https://nwzimg.wezhan.cn/contents/sitefiles2061/10305317/images/57094253.jpg | https://nwzimg.wezhan.cn/contents/sitefiles2061/10305317/images/57094254.jpg,2,BRAND_AND_SELECTED_PRODUCTS_PRESENT_IN_STOMIR_KZ_CATALOG,OFFICIAL_PRODUCT_REFERENCE_REVIEW_REQUIRED,https://www.ztdental.com/productinfo/3622684.html
3623585,ZT Dental,ZT Dental,CLAMP RING R8 1.0 for paediatric dentistry,Matrix materials,,https://nwzimg.wezhan.cn/contents/sitefiles2061/10305317/images/57100847.jpg | https://nwzimg.wezhan.cn/contents/sitefiles2061/10305317/images/57100848.jpg,2,BRAND_AND_SELECTED_PRODUCTS_PRESENT_IN_STOMIR_KZ_CATALOG,OFFICIAL_PRODUCT_REFERENCE_REVIEW_REQUIRED,https://www.ztdental.com/productinfo/3623585.html
3623587,ZT Dental,ZT Dental,CLAMP RING R7 1.0,Matrix materials,,https://nwzimg.wezhan.cn/contents/sitefiles2061/10305317/images/57100965.jpg | https://nwzimg.wezhan.cn/contents/sitefiles2061/10305317/images/57100966.jpg,2,BRAND_AND_SELECTED_PRODUCTS_PRESENT_IN_STOMIR_KZ_CATALOG,OFFICIAL_PRODUCT_REFERENCE_REVIEW_REQUIRED,https://www.ztdental.com/productinfo/3623587.html
3623590,ZT Dental,ZT Dental,CLAMP RING R10 1.0,Matrix materials,,https://nwzimg.wezhan.cn/contents/sitefiles2061/10305317/images/57101086.jpg | https://nwzimg.wezhan.cn/contents/sitefiles2061/10305317/images/57101087.jpg,2,BRAND_AND_SELECTED_PRODUCTS_PRESENT_IN_STOMIR_KZ_CATALOG,OFFICIAL_PRODUCT_REFERENCE_REVIEW_REQUIRED,https://www.ztdental.com/productinfo/3623590.html
3623602,ZT Dental,ZT Dental,TULWAR WEDGES W5 1.0,Matrix materials,,https://nwzimg.wezhan.cn/contents/sitefiles2061/10305317/images/57101116.jpg | https://nwzimg.wezhan.cn/contents/sitefiles2061/10305317/images/57101117.jpg,2,BRAND_AND_SELECTED_PRODUCTS_PRESENT_IN_STOMIR_KZ_CATALOG,OFFICIAL_PRODUCT_REFERENCE_REVIEW_REQUIRED,https://www.ztdental.com/productinfo/3623602.html
3623605,ZT Dental,ZT Dental,ADAPTIVE WEDGES W3 1.0,Matrix materials,,https://nwzimg.wezhan.cn/contents/sitefiles2061/10305317/images/57101153.jpg | https://nwzimg.wezhan.cn/contents/sitefiles2061/10305317/images/57101154.jpg,2,BRAND_AND_SELECTED_PRODUCTS_PRESENT_IN_STOMIR_KZ_CATALOG,OFFICIAL_PRODUCT_REFERENCE_REVIEW_REQUIRED,https://www.ztdental.com/productinfo/3623605.html
3623608,ZT Dental,ZT Dental,DIAMOND WEDGES W4 3.0,Matrix materials,,https://nwzimg.wezhan.cn/contents/sitefiles2061/10305317/images/57101160.jpg | https://nwzimg.wezhan.cn/contents/sitefiles2061/10305317/images/57101161.jpg,2,BRAND_AND_SELECTED_PRODUCTS_PRESENT_IN_STOMIR_KZ_CATALOG,OFFICIAL_PRODUCT_REFERENCE_REVIEW_REQUIRED,https://www.ztdental.com/productinfo/3623608.html
3623613,ZT Dental,ZT Dental,WOODENWEDGES W1 1.0,Matrix materials,,https://nwzimg.wezhan.cn/contents/sitefiles2061/10305317/images/57101173.jpg | https://nwzimg.wezhan.cn/contents/sitefiles2061/10305317/images/57101174.jpg,2,BRAND_AND_SELECTED_PRODUCTS_PRESENT_IN_STOMIR_KZ_CATALOG,OFFICIAL_PRODUCT_REFERENCE_REVIEW_REQUIRED,https://www.ztdental.com/productinfo/3623613.html
3623623,ZT Dental,ZT Dental,RESIN DENTAL DAM CLAMPS 2.0,Rubber dam,,https://nwzimg.wezhan.cn/contents/sitefiles2061/10305317/images/57101244.jpg | https://nwzimg.wezhan.cn/contents/sitefiles2061/10305317/images/57101243.jpg,2,BRAND_AND_SELECTED_PRODUCTS_PRESENT_IN_STOMIR_KZ_CATALOG,OFFICIAL_PRODUCT_REFERENCE_REVIEW_REQUIRED,https://www.ztdental.com/productinfo/3623623.html
3623625,ZT Dental,ZT Dental,DISTAL-EXTENSION DENTAL DAM CLAMP,Rubber dam,,https://nwzimg.wezhan.cn/contents/sitefiles2061/10305317/images/57101270.jpg | https://nwzimg.wezhan.cn/contents/sitefiles2061/10305317/images/57101269.jpg,2,BRAND_AND_SELECTED_PRODUCTS_PRESENT_IN_STOMIR_KZ_CATALOG,OFFICIAL_PRODUCT_REFERENCE_REVIEW_REQUIRED,https://www.ztdental.com/productinfo/3623625.html
3623634,ZT Dental,ZT Dental,COTTON ROLL HOLDER,Rubber dam,,https://nwzimg.wezhan.cn/contents/sitefiles2061/10305317/images/57101556.jpg | https://nwzimg.wezhan.cn/contents/sitefiles2061/10305317/images/57101555.jpg,2,BRAND_AND_SELECTED_PRODUCTS_PRESENT_IN_STOMIR_KZ_CATALOG,OFFICIAL_PRODUCT_REFERENCE_REVIEW_REQUIRED,https://www.ztdental.com/productinfo/3623634.html
3623665,ZT Dental,ZT Dental,COTTON ROLL HOLDER,Rubber dam,,https://nwzimg.wezhan.cn/contents/sitefiles2061/10305317/images/57101797.jpg | https://nwzimg.wezhan.cn/contents/sitefiles2061/10305317/images/57101798.jpg,2,BRAND_AND_SELECTED_PRODUCTS_PRESENT_IN_STOMIR_KZ_CATALOG,OFFICIAL_PRODUCT_REFERENCE_REVIEW_REQUIRED,https://www.ztdental.com/productinfo/3623665.html
3624817,ZT Dental,ZT Dental,CARBON FIBER RUBBER DAM FRAME,Rubber dam,,https://nwzimg.wezhan.cn/contents/sitefiles2061/10305317/images/57110660.jpg | https://nwzimg.wezhan.cn/contents/sitefiles2061/10305317/images/57110662.jpg,2,BRAND_AND_SELECTED_PRODUCTS_PRESENT_IN_STOMIR_KZ_CATALOG,OFFICIAL_PRODUCT_REFERENCE_REVIEW_REQUIRED,https://www.ztdental.com/productinfo/3624817.html
3624857,ZT Dental,ZT Dental,DENTAL DAM STABILIZING CORD,Rubber dam,,https://nwzimg.wezhan.cn/contents/sitefiles2061/10305317/images/57111428.jpg | https://nwzimg.wezhan.cn/contents/sitefiles2061/10305317/images/57111430.jpg,2,BRAND_AND_SELECTED_PRODUCTS_PRESENT_IN_STOMIR_KZ_CATALOG,OFFICIAL_PRODUCT_REFERENCE_REVIEW_REQUIRED,https://www.ztdental.com/productinfo/3624857.html
3624939,ZT Dental,ZT Dental,DIAMOND IMPREGNATED POLISHING SYSTEM P2 1.0 POLISHERS FOR COMPOSITES,Finishing and polishing,,https://nwzimg.wezhan.cn/contents/sitefiles2061/10305317/images/57112247.jpg | https://nwzimg.wezhan.cn/contents/sitefiles2061/10305317/images/57112256.jpg,2,BRAND_AND_SELECTED_PRODUCTS_PRESENT_IN_STOMIR_KZ_CATALOG,OFFICIAL_PRODUCT_REFERENCE_REVIEW_REQUIRED,https://www.ztdental.com/productinfo/3624939.html
3624979,ZT Dental,ZT Dental,POLISHING SYSTEM P2 2.0 DIAMONDIMPREGNATED,Finishing and polishing,,https://nwzimg.wezhan.cn/contents/sitefiles2061/10305317/images/57112996.jpg | https://nwzimg.wezhan.cn/contents/sitefiles2061/10305317/images/57112995.jpg,2,BRAND_AND_SELECTED_PRODUCTS_PRESENT_IN_STOMIR_KZ_CATALOG,OFFICIAL_PRODUCT_REFERENCE_REVIEW_REQUIRED,https://www.ztdental.com/productinfo/3624979.html
3625144,ZT Dental,ZT Dental,DIAMOND IMPREGNATED POLISHING SYSTEM P3 1.0 POLISHERS FOR CERAMICS,Finishing and polishing,,https://nwzimg.wezhan.cn/contents/sitefiles2061/10305317/images/57114658.jpg | https://nwzimg.wezhan.cn/contents/sitefiles2061/10305317/images/57114659.jpg,2,BRAND_AND_SELECTED_PRODUCTS_PRESENT_IN_STOMIR_KZ_CATALOG,OFFICIAL_PRODUCT_REFERENCE_REVIEW_REQUIRED,https://www.ztdental.com/productinfo/3625144.html
3630379,ZT Dental,ZT Dental,TRANSLUCENT POLISHING DISCS P12 3.0,Finishing and polishing,,https://nwzimg.wezhan.cn/contents/sitefiles2061/10305317/images/57145910.jpg | https://nwzimg.wezhan.cn/contents/sitefiles2061/10305317/images/57145911.jpg,2,BRAND_AND_SELECTED_PRODUCTS_PRESENT_IN_STOMIR_KZ_CATALOG,OFFICIAL_PRODUCT_REFERENCE_REVIEW_REQUIRED,https://www.ztdental.com/productinfo/3630379.html
3630412,ZT Dental,ZT Dental,TRANSLUCENT POLISHING DISCS P12 4.0,Finishing and polishing,,https://nwzimg.wezhan.cn/contents/sitefiles2061/10305317/images/57146110.jpg | https://nwzimg.wezhan.cn/contents/sitefiles2061/10305317/images/57146112.jpg,2,BRAND_AND_SELECTED_PRODUCTS_PRESENT_IN_STOMIR_KZ_CATALOG,OFFICIAL_PRODUCT_REFERENCE_REVIEW_REQUIRED,https://www.ztdental.com/productinfo/3630412.html
3630428,ZT Dental,ZT Dental,DENTAL STEM POLISHING DISCS P12 1.0,Finishing and polishing,,https://nwzimg.wezhan.cn/contents/sitefiles2061/10305317/images/57146229.jpg | https://nwzimg.wezhan.cn/contents/sitefiles2061/10305317/images/57146228.jpg,2,BRAND_AND_SELECTED_PRODUCTS_PRESENT_IN_STOMIR_KZ_CATALOG,OFFICIAL_PRODUCT_REFERENCE_REVIEW_REQUIRED,https://www.ztdental.com/productinfo/3630428.html
3630497,ZT Dental,ZT Dental,DOUBLE SIDED STEM POLISHING DISCS P12 2.0,Finishing and polishing,,https://nwzimg.wezhan.cn/contents/sitefiles2061/10305317/images/57146728.jpg | https://nwzimg.wezhan.cn/contents/sitefiles2061/10305317/images/57146727.jpg,2,BRAND_AND_SELECTED_PRODUCTS_PRESENT_IN_STOMIR_KZ_CATALOG,OFFICIAL_PRODUCT_REFERENCE_REVIEW_REQUIRED,https://www.ztdental.com/productinfo/3630497.html
3630521,ZT Dental,ZT Dental,RESIN POLISHING STRIPS P11 1.0,Finishing and polishing,,https://nwzimg.wezhan.cn/contents/sitefiles2061/10305317/images/57146970.jpg | https://nwzimg.wezhan.cn/contents/sitefiles2061/10305317/images/57146971.jpg,2,BRAND_AND_SELECTED_PRODUCTS_PRESENT_IN_STOMIR_KZ_CATALOG,OFFICIAL_PRODUCT_REFERENCE_REVIEW_REQUIRED,https://www.ztdental.com/productinfo/3630521.html
3630626,ZT Dental,ZT Dental,FINISHING AND POUSHING STRIPS P11 2.0,Finishing and polishing,,https://nwzimg.wezhan.cn/contents/sitefiles2061/10305317/images/57147560.jpg | https://nwzimg.wezhan.cn/contents/sitefiles2061/10305317/images/57147559.jpg,2,BRAND_AND_SELECTED_PRODUCTS_PRESENT_IN_STOMIR_KZ_CATALOG,OFFICIAL_PRODUCT_REFERENCE_REVIEW_REQUIRED,https://www.ztdental.com/productinfo/3630626.html
3630658,ZT Dental,ZT Dental,RESIN POLISHING STRIP HOLDER 2.0,Finishing and polishing,,https://nwzimg.wezhan.cn/contents/sitefiles2061/10305317/images/57147766.jpg | https://nwzimg.wezhan.cn/contents/sitefiles2061/10305317/images/57147765.jpg,2,BRAND_AND_SELECTED_PRODUCTS_PRESENT_IN_STOMIR_KZ_CATALOG,OFFICIAL_PRODUCT_REFERENCE_REVIEW_REQUIRED,https://www.ztdental.com/productinfo/3630658.html
3630763,ZT Dental,ZT Dental,PROPHYLAXIS PASTE P22 1.0,Finishing and polishing,,https://nwzimg.wezhan.cn/contents/sitefiles2061/10305317/images/57148787.jpg | https://nwzimg.wezhan.cn/contents/sitefiles2061/10305317/images/57148786.jpg,2,BRAND_AND_SELECTED_PRODUCTS_PRESENT_IN_STOMIR_KZ_CATALOG,OFFICIAL_PRODUCT_REFERENCE_REVIEW_REQUIRED,https://www.ztdental.com/productinfo/3630763.html
3630789,ZT Dental,ZT Dental,PROPHYLAXIS PASTE P22 2.0,Finishing and polishing,,https://nwzimg.wezhan.cn/contents/sitefiles2061/10305317/images/57148856.jpg | https://nwzimg.wezhan.cn/contents/sitefiles2061/10305317/images/57148855.jpg,2,BRAND_AND_SELECTED_PRODUCTS_PRESENT_IN_STOMIR_KZ_CATALOG,OFFICIAL_PRODUCT_REFERENCE_REVIEW_REQUIRED,https://www.ztdental.com/productinfo/3630789.html
3631181,ZT Dental,ZT Dental,CHEEK RETRACTORS,Other dental materials,,https://nwzimg.wezhan.cn/contents/sitefiles2061/10305317/images/57150706.jpg | https://nwzimg.wezhan.cn/contents/sitefiles2061/10305317/images/57150705.jpg,2,BRAND_AND_SELECTED_PRODUCTS_PRESENT_IN_STOMIR_KZ_CATALOG,OFFICIAL_PRODUCT_REFERENCE_REVIEW_REQUIRED,https://www.ztdental.com/productinfo/3631181.html
3639074,ZT Dental,ZT Dental,FORCEPS FOR PLACING RINGS,Other dental materials,,https://nwzimg.wezhan.cn/contents/sitefiles2061/10305317/images/57213466.jpg | https://nwzimg.wezhan.cn/contents/sitefiles2061/10305317/images/57213465.jpg,2,BRAND_AND_SELECTED_PRODUCTS_PRESENT_IN_STOMIR_KZ_CATALOG,OFFICIAL_PRODUCT_REFERENCE_REVIEW_REQUIRED,https://www.ztdental.com/productinfo/3639074.html
3639077,ZT Dental,ZT Dental,FORCEPS FOR PLACING SECTIONAL MATRIX BANDS,Other dental materials,,https://nwzimg.wezhan.cn/contents/sitefiles2061/10305317/images/57213505.jpg | https://nwzimg.wezhan.cn/contents/sitefiles2061/10305317/images/57213504.jpg,2,BRAND_AND_SELECTED_PRODUCTS_PRESENT_IN_STOMIR_KZ_CATALOG,OFFICIAL_PRODUCT_REFERENCE_REVIEW_REQUIRED,https://www.ztdental.com/productinfo/3639077.html
3639079,ZT Dental,ZT Dental,FORCEPS FOR PLACING WEDGES,Other dental materials,,https://nwzimg.wezhan.cn/contents/sitefiles2061/10305317/images/57213650.jpg | https://nwzimg.wezhan.cn/contents/sitefiles2061/10305317/images/57213649.jpg,2,BRAND_AND_SELECTED_PRODUCTS_PRESENT_IN_STOMIR_KZ_CATALOG,OFFICIAL_PRODUCT_REFERENCE_REVIEW_REQUIRED,https://www.ztdental.com/productinfo/3639079.html
3639216,ZT Dental,ZT Dental,DISPOSABLE MOUTH MIRRORS,Other dental materials,,https://nwzimg.wezhan.cn/contents/sitefiles2061/10305317/images/57214567.jpg | https://nwzimg.wezhan.cn/contents/sitefiles2061/10305317/images/57214566.jpg,2,BRAND_AND_SELECTED_PRODUCTS_PRESENT_IN_STOMIR_KZ_CATALOG,OFFICIAL_PRODUCT_REFERENCE_REVIEW_REQUIRED,https://www.ztdental.com/productinfo/3639216.html
3639219,ZT Dental,ZT Dental,PERIODONTAL PROBE AND EXPLORER,Other dental materials,,https://nwzimg.wezhan.cn/contents/sitefiles2061/10305317/images/57214679.jpg | https://nwzimg.wezhan.cn/contents/sitefiles2061/10305317/images/57214678.jpg,2,BRAND_AND_SELECTED_PRODUCTS_PRESENT_IN_STOMIR_KZ_CATALOG,OFFICIAL_PRODUCT_REFERENCE_REVIEW_REQUIRED,https://www.ztdental.com/productinfo/3639219.html
3639221,ZT Dental,ZT Dental,FLEXIMETER STRIPS,Other dental materials,,https://nwzimg.wezhan.cn/contents/sitefiles2061/10305317/images/57214725.jpg | https://nwzimg.wezhan.cn/contents/sitefiles2061/10305317/images/57214724.jpg,2,BRAND_AND_SELECTED_PRODUCTS_PRESENT_IN_STOMIR_KZ_CATALOG,OFFICIAL_PRODUCT_REFERENCE_REVIEW_REQUIRED,https://www.ztdental.com/productinfo/3639221.html
3640355,ZT Dental,ZT Dental,SPLIT TYPE MOUTH SUPPORT,Other dental materials,,https://nwzimg.wezhan.cn/contents/sitefiles2061/10305317/images/57228552.jpg | https://nwzimg.wezhan.cn/contents/sitefiles2061/10305317/images/57228551.jpg,2,BRAND_AND_SELECTED_PRODUCTS_PRESENT_IN_STOMIR_KZ_CATALOG,OFFICIAL_PRODUCT_REFERENCE_REVIEW_REQUIRED,https://www.ztdental.com/productinfo/3640355.html
3640367,ZT Dental,ZT Dental,ASPIRATOR TIPS,Other dental materials,,https://nwzimg.wezhan.cn/contents/sitefiles2061/10305317/images/57228743.jpg | https://nwzimg.wezhan.cn/contents/sitefiles2061/10305317/images/57228741.jpg,2,BRAND_AND_SELECTED_PRODUCTS_PRESENT_IN_STOMIR_KZ_CATALOG,OFFICIAL_PRODUCT_REFERENCE_REVIEW_REQUIRED,https://www.ztdental.com/productinfo/3640367.html
3640384,ZT Dental,ZT Dental,AIR/ATER SYRINGE TIPS,Other dental materials,,https://nwzimg.wezhan.cn/contents/sitefiles2061/10305317/images/57229040.jpg | https://nwzimg.wezhan.cn/contents/sitefiles2061/10305317/images/57229039.jpg,2,BRAND_AND_SELECTED_PRODUCTS_PRESENT_IN_STOMIR_KZ_CATALOG,OFFICIAL_PRODUCT_REFERENCE_REVIEW_REQUIRED,https://www.ztdental.com/productinfo/3640384.html
3640418,ZT Dental,ZT Dental,CARBON FIBER IMPLANT SCALER KITS,Other dental materials,,https://nwzimg.wezhan.cn/contents/sitefiles2061/10305317/images/57229916.jpg | https://nwzimg.wezhan.cn/contents/sitefiles2061/10305317/images/57229915.jpg,2,BRAND_AND_SELECTED_PRODUCTS_PRESENT_IN_STOMIR_KZ_CATALOG,OFFICIAL_PRODUCT_REFERENCE_REVIEW_REQUIRED,https://www.ztdental.com/productinfo/3640418.html
3641716,ZT Dental,ZT Dental,ASPIRATION TIPS FOR IMPLANT SURGERY,Other dental materials,,https://nwzimg.wezhan.cn/contents/sitefiles2061/10305317/images/57239409.jpg | https://nwzimg.wezhan.cn/contents/sitefiles2061/10305317/images/57239407.jpg,2,BRAND_AND_SELECTED_PRODUCTS_PRESENT_IN_STOMIR_KZ_CATALOG,OFFICIAL_PRODUCT_REFERENCE_REVIEW_REQUIRED,https://www.ztdental.com/productinfo/3641716.html
3642606,ZT Dental,ZT Dental,AIR/ATER SYRINGE TIPS WITH LUER LOCK,Other dental materials,,https://nwzimg.wezhan.cn/contents/sitefiles2061/10305317/images/57250776.jpg | https://nwzimg.wezhan.cn/contents/sitefiles2061/10305317/images/57250774.jpg,2,BRAND_AND_SELECTED_PRODUCTS_PRESENT_IN_STOMIR_KZ_CATALOG,OFFICIAL_PRODUCT_REFERENCE_REVIEW_REQUIRED,https://www.ztdental.com/productinfo/3642606.html
3642718,ZT Dental,ZT Dental,ADAPTER,Other dental materials,,https://nwzimg.wezhan.cn/contents/sitefiles2061/10305317/images/57251055.jpg | https://nwzimg.wezhan.cn/contents/sitefiles2061/10305317/images/57251056.jpg,2,BRAND_AND_SELECTED_PRODUCTS_PRESENT_IN_STOMIR_KZ_CATALOG,OFFICIAL_PRODUCT_REFERENCE_REVIEW_REQUIRED,https://www.ztdental.com/productinfo/3642718.html
3642843,ZT Dental,ZT Dental,PRE-BENT NEEDLE TIPS,Other dental materials,,https://nwzimg.wezhan.cn/contents/sitefiles2061/10305317/images/57251788.jpg | https://nwzimg.wezhan.cn/contents/sitefiles2061/10305317/images/57251787.jpg,2,BRAND_AND_SELECTED_PRODUCTS_PRESENT_IN_STOMIR_KZ_CATALOG,OFFICIAL_PRODUCT_REFERENCE_REVIEW_REQUIRED,https://www.ztdental.com/productinfo/3642843.html
816866,ZT Dental,ZT Dental,PLASTIC HALF CHAIR COVERS,Other dental materials,,https://nwzimg.wezhan.cn/contents/sitefiles2061/10305317/images/33457470.jpeg,1,BRAND_AND_SELECTED_PRODUCTS_PRESENT_IN_STOMIR_KZ_CATALOG,OFFICIAL_PRODUCT_REFERENCE_REVIEW_REQUIRED,https://www.ztdental.com/productinfo/816866.html
3637499,ZT Dental,ZT Dental,POSITIONING SYSTEM FOR SENSOR 2.0,X-ray systems,,https://nwzimg.wezhan.cn/contents/sitefiles2061/10305317/images/57199005.jpg | https://nwzimg.wezhan.cn/contents/sitefiles2061/10305317/images/57199006.jpg,2,BRAND_AND_SELECTED_PRODUCTS_PRESENT_IN_STOMIR_KZ_CATALOG,OFFICIAL_PRODUCT_REFERENCE_REVIEW_REQUIRED,https://www.ztdental.com/productinfo/3637499.html
3637528,ZT Dental,ZT Dental,COMPLETE FILM POSITIONING SYSTEM,X-ray systems,,https://nwzimg.wezhan.cn/contents/sitefiles2061/10305317/images/57199075.jpg | https://nwzimg.wezhan.cn/contents/sitefiles2061/10305317/images/57199076.jpg,2,BRAND_AND_SELECTED_PRODUCTS_PRESENT_IN_STOMIR_KZ_CATALOG,OFFICIAL_PRODUCT_REFERENCE_REVIEW_REQUIRED,https://www.ztdental.com/productinfo/3637528.html
3637576,ZT Dental,ZT Dental,BARRIER ENVELOPES,X-ray systems,,https://nwzimg.wezhan.cn/contents/sitefiles2061/10305317/images/57199401.jpg | https://nwzimg.wezhan.cn/contents/sitefiles2061/10305317/images/57199402.jpg,2,BRAND_AND_SELECTED_PRODUCTS_PRESENT_IN_STOMIR_KZ_CATALOG,OFFICIAL_PRODUCT_REFERENCE_REVIEW_REQUIRED,https://www.ztdental.com/productinfo/3637576.html
3637605,ZT Dental,ZT Dental,BARRIER ENVELOPES,X-ray systems,,https://nwzimg.wezhan.cn/contents/sitefiles2061/10305317/images/57199586.jpg | https://nwzimg.wezhan.cn/contents/sitefiles2061/10305317/images/57199587.jpg,2,BRAND_AND_SELECTED_PRODUCTS_PRESENT_IN_STOMIR_KZ_CATALOG,OFFICIAL_PRODUCT_REFERENCE_REVIEW_REQUIRED,https://www.ztdental.com/productinfo/3637605.html
3637650,ZT Dental,ZT Dental,BARRIER ENVELOPES WITH EXTENDED TAB,X-ray systems,,https://nwzimg.wezhan.cn/contents/sitefiles2061/10305317/images/57200014.jpg | https://nwzimg.wezhan.cn/contents/sitefiles2061/10305317/images/57200012.jpg,2,BRAND_AND_SELECTED_PRODUCTS_PRESENT_IN_STOMIR_KZ_CATALOG,OFFICIAL_PRODUCT_REFERENCE_REVIEW_REQUIRED,https://www.ztdental.com/productinfo/3637650.html
3637717,ZT Dental,ZT Dental,PAPER COVER ( CARBOARD ),X-ray systems,,https://nwzimg.wezhan.cn/contents/sitefiles2061/10305317/images/57201545.jpg | https://nwzimg.wezhan.cn/contents/sitefiles2061/10305317/images/57201544.jpg,2,BRAND_AND_SELECTED_PRODUCTS_PRESENT_IN_STOMIR_KZ_CATALOG,OFFICIAL_PRODUCT_REFERENCE_REVIEW_REQUIRED,https://www.ztdental.com/productinfo/3637717.html
816879,ZT Dental,ZT Dental,PLASTIC X-RAY DIGITAL SENSOR SLEEVE,X-ray systems,,https://nwzimg.wezhan.cn/contents/sitefiles2061/10305317/images/33457485.jpeg,1,BRAND_AND_SELECTED_PRODUCTS_PRESENT_IN_STOMIR_KZ_CATALOG,OFFICIAL_PRODUCT_REFERENCE_REVIEW_REQUIRED,https://www.ztdental.com/productinfo/816879.html
3634950,ZT Dental,ZT Dental,DISPOSABLEIMPRESSION TRAYS,Impression materials,,https://nwzimg.wezhan.cn/contents/sitefiles2061/10305317/images/57174189.jpg | https://nwzimg.wezhan.cn/contents/sitefiles2061/10305317/images/57174190.jpg,2,BRAND_AND_SELECTED_PRODUCTS_PRESENT_IN_STOMIR_KZ_CATALOG,OFFICIAL_PRODUCT_REFERENCE_REVIEW_REQUIRED,https://www.ztdental.com/productinfo/3634950.html
3634983,ZT Dental,ZT Dental,AUTOCLAVABLEIMPRESSION TRAYS,Impression materials,,https://nwzimg.wezhan.cn/contents/sitefiles2061/10305317/images/57174327.jpg | https://nwzimg.wezhan.cn/contents/sitefiles2061/10305317/images/57174329.jpg,2,BRAND_AND_SELECTED_PRODUCTS_PRESENT_IN_STOMIR_KZ_CATALOG,OFFICIAL_PRODUCT_REFERENCE_REVIEW_REQUIRED,https://www.ztdental.com/productinfo/3634983.html
3635005,ZT Dental,ZT Dental,ORTHODONTIC IMPRESSION TRAYS,Impression materials,,https://nwzimg.wezhan.cn/contents/sitefiles2061/10305317/images/57174497.jpg | https://nwzimg.wezhan.cn/contents/sitefiles2061/10305317/images/57174498.jpg,2,BRAND_AND_SELECTED_PRODUCTS_PRESENT_IN_STOMIR_KZ_CATALOG,OFFICIAL_PRODUCT_REFERENCE_REVIEW_REQUIRED,https://www.ztdental.com/productinfo/3635005.html
3635030,ZT Dental,ZT Dental,DISTAL-EXTENSIONIMPRESSION TRAYS,Impression materials,,https://nwzimg.wezhan.cn/contents/sitefiles2061/10305317/images/57174729.jpg | https://nwzimg.wezhan.cn/contents/sitefiles2061/10305317/images/57174730.jpg,2,BRAND_AND_SELECTED_PRODUCTS_PRESENT_IN_STOMIR_KZ_CATALOG,OFFICIAL_PRODUCT_REFERENCE_REVIEW_REQUIRED,https://www.ztdental.com/productinfo/3635030.html
3637125,ZT Dental,ZT Dental,EDENTULOUSIMPRESSION TRAYS,Impression materials,,https://nwzimg.wezhan.cn/contents/sitefiles2061/10305317/images/57195839.jpg | https://nwzimg.wezhan.cn/contents/sitefiles2061/10305317/images/57195838.jpg,2,BRAND_AND_SELECTED_PRODUCTS_PRESENT_IN_STOMIR_KZ_CATALOG,OFFICIAL_PRODUCT_REFERENCE_REVIEW_REQUIRED,https://www.ztdental.com/productinfo/3637125.html
3637167,ZT Dental,ZT Dental,CUSTOMIZABLE THERMO PLASTIC IMPRESSION TRAYS,Impression materials,,https://nwzimg.wezhan.cn/contents/sitefiles2061/10305317/images/57195999.jpg | https://nwzimg.wezhan.cn/contents/sitefiles2061/10305317/images/57196013.jpg,2,BRAND_AND_SELECTED_PRODUCTS_PRESENT_IN_STOMIR_KZ_CATALOG,OFFICIAL_PRODUCT_REFERENCE_REVIEW_REQUIRED,https://www.ztdental.com/productinfo/3637167.html
3637184,ZT Dental,ZT Dental,AUTOCLAVABLE 3IN 1TRAYS,Impression materials,,https://nwzimg.wezhan.cn/contents/sitefiles2061/10305317/images/57196304.jpg | https://nwzimg.wezhan.cn/contents/sitefiles2061/10305317/images/57196305.jpg,2,BRAND_AND_SELECTED_PRODUCTS_PRESENT_IN_STOMIR_KZ_CATALOG,OFFICIAL_PRODUCT_REFERENCE_REVIEW_REQUIRED,https://www.ztdental.com/productinfo/3637184.html
3639143,ZT Dental,ZT Dental,MPRESSION TRAY EDGE TRIMMING,Impression materials,,https://nwzimg.wezhan.cn/contents/sitefiles2061/10305317/images/57214262.jpg | https://nwzimg.wezhan.cn/contents/sitefiles2061/10305317/images/57214261.jpg,2,BRAND_AND_SELECTED_PRODUCTS_PRESENT_IN_STOMIR_KZ_CATALOG,OFFICIAL_PRODUCT_REFERENCE_REVIEW_REQUIRED,https://www.ztdental.com/productinfo/3639143.html
816864,ZT Dental,ZT Dental,HEADREST COVERS,Infection control,,https://nwzimg.wezhan.cn/contents/sitefiles2061/10305317/images/33457467.jpeg | http://img.wezhan.cn/content/sitefiles/67705/images/5310164_23.jpeg | http://img.wezhan.cn/content/sitefiles/67705/images/5310154_13.jpeg | http://img.wezhan.cn/content/sitefiles/67705/images/5310165_24.jpeg,4,BRAND_AND_SELECTED_PRODUCTS_PRESENT_IN_STOMIR_KZ_CATALOG,OFFICIAL_PRODUCT_REFERENCE_REVIEW_REQUIRED,https://www.ztdental.com/productinfo/816864.html
816865,ZT Dental,ZT Dental,PLASTIC FULL CHAIR COVERS,Infection control,,https://nwzimg.wezhan.cn/contents/sitefiles2061/10305317/images/33457469.jpeg,1,BRAND_AND_SELECTED_PRODUCTS_PRESENT_IN_STOMIR_KZ_CATALOG,OFFICIAL_PRODUCT_REFERENCE_REVIEW_REQUIRED,https://www.ztdental.com/productinfo/816865.html
816869,ZT Dental,ZT Dental,PLASTIC AIR/WATER SYRINGE COVERS,Infection control,,https://nwzimg.wezhan.cn/contents/sitefiles2061/10305317/images/33457474.jpeg,1,BRAND_AND_SELECTED_PRODUCTS_PRESENT_IN_STOMIR_KZ_CATALOG,OFFICIAL_PRODUCT_REFERENCE_REVIEW_REQUIRED,https://www.ztdental.com/productinfo/816869.html
3639166,ZT Dental,ZT Dental,DISPOSABLE FACE SHIELD,Infection control,,https://nwzimg.wezhan.cn/contents/sitefiles2061/10305317/images/57214451.jpg | https://nwzimg.wezhan.cn/contents/sitefiles2061/10305317/images/57214452.jpg,2,BRAND_AND_SELECTED_PRODUCTS_PRESENT_IN_STOMIR_KZ_CATALOG,OFFICIAL_PRODUCT_REFERENCE_REVIEW_REQUIRED,https://www.ztdental.com/productinfo/3639166.html
3639170,ZT Dental,ZT Dental,PLASTIC HANDPIECE SLEEVES,Infection control,,https://nwzimg.wezhan.cn/contents/sitefiles2061/10305317/images/57214466.jpg | https://nwzimg.wezhan.cn/contents/sitefiles2061/10305317/images/57214465.jpg,2,BRAND_AND_SELECTED_PRODUCTS_PRESENT_IN_STOMIR_KZ_CATALOG,OFFICIAL_PRODUCT_REFERENCE_REVIEW_REQUIRED,https://www.ztdental.com/productinfo/3639170.html
3639178,ZT Dental,ZT Dental,BARRIER FILM,Infection control,,https://nwzimg.wezhan.cn/contents/sitefiles2061/10305317/images/57214505.jpg | https://nwzimg.wezhan.cn/contents/sitefiles2061/10305317/images/57214504.jpg,2,BRAND_AND_SELECTED_PRODUCTS_PRESENT_IN_STOMIR_KZ_CATALOG,OFFICIAL_PRODUCT_REFERENCE_REVIEW_REQUIRED,https://www.ztdental.com/productinfo/3639178.html
3640390,ZT Dental,ZT Dental,AUTOCLAVABLE PLASTIC STERILIZATION CASSETTES,Infection control,,https://nwzimg.wezhan.cn/contents/sitefiles2061/10305317/images/57229350.jpg | https://nwzimg.wezhan.cn/contents/sitefiles2061/10305317/images/57229349.jpg,2,BRAND_AND_SELECTED_PRODUCTS_PRESENT_IN_STOMIR_KZ_CATALOG,OFFICIAL_PRODUCT_REFERENCE_REVIEW_REQUIRED,https://www.ztdental.com/productinfo/3640390.html
3641344,ZT Dental,ZT Dental,DENTAL ENDO BOX,Infection control,,https://nwzimg.wezhan.cn/contents/sitefiles2061/10305317/images/57237577.jpg | https://nwzimg.wezhan.cn/contents/sitefiles2061/10305317/images/57237578.jpg,2,BRAND_AND_SELECTED_PRODUCTS_PRESENT_IN_STOMIR_KZ_CATALOG,OFFICIAL_PRODUCT_REFERENCE_REVIEW_REQUIRED,https://www.ztdental.com/productinfo/3641344.html
3641370,ZT Dental,ZT Dental,FILE STAND WITH NUMBERINGS,Infection control,,https://nwzimg.wezhan.cn/contents/sitefiles2061/10305317/images/57237724.jpg | https://nwzimg.wezhan.cn/contents/sitefiles2061/10305317/images/57237723.jpg,2,BRAND_AND_SELECTED_PRODUCTS_PRESENT_IN_STOMIR_KZ_CATALOG,OFFICIAL_PRODUCT_REFERENCE_REVIEW_REQUIRED,https://www.ztdental.com/productinfo/3641370.html
3641417,ZT Dental,ZT Dental,FILE HOLDERS WITH NUMBERINGS,Infection control,,https://nwzimg.wezhan.cn/contents/sitefiles2061/10305317/images/57237814.jpg | https://nwzimg.wezhan.cn/contents/sitefiles2061/10305317/images/57237813.jpg,2,BRAND_AND_SELECTED_PRODUCTS_PRESENT_IN_STOMIR_KZ_CATALOG,OFFICIAL_PRODUCT_REFERENCE_REVIEW_REQUIRED,https://www.ztdental.com/productinfo/3641417.html
3641447,ZT Dental,ZT Dental,SAFETY EYEWEAR,Infection control,,https://nwzimg.wezhan.cn/contents/sitefiles2061/10305317/images/57238011.jpg | https://nwzimg.wezhan.cn/contents/sitefiles2061/10305317/images/57238010.jpg,2,BRAND_AND_SELECTED_PRODUCTS_PRESENT_IN_STOMIR_KZ_CATALOG,OFFICIAL_PRODUCT_REFERENCE_REVIEW_REQUIRED,https://www.ztdental.com/productinfo/3641447.html
816836,ZT Dental,ZT Dental,ASPIRATOR TIPS,Other dental products,,https://nwzimg.wezhan.cn/contents/sitefiles2061/10305317/images/33457400.jpeg,1,BRAND_AND_SELECTED_PRODUCTS_PRESENT_IN_STOMIR_KZ_CATALOG,OFFICIAL_PRODUCT_REFERENCE_REVIEW_REQUIRED,https://www.ztdental.com/productinfo/816836.html
816833,ZT Dental,ZT Dental,SALIVA EJECTORS,Other dental products,,https://nwzimg.wezhan.cn/contents/sitefiles2061/10305317/images/33457510.jpeg | http://img.wezhan.cn/content/sitefiles/67705/images/5304760_%E5%BC%B1%E5%90%B8.jpeg,2,BRAND_AND_SELECTED_PRODUCTS_PRESENT_IN_STOMIR_KZ_CATALOG,OFFICIAL_PRODUCT_REFERENCE_REVIEW_REQUIRED,https://www.ztdental.com/productinfo/816833.html
816841,ZT Dental,ZT Dental,MICRO APPLICATORS,Other dental products,,https://nwzimg.wezhan.cn/contents/sitefiles2061/10305317/images/33457519.jpeg | http://img.wezhan.cn/content/sitefiles/67705/images/5305609_DentalMicroapplicators09.jpeg | http://img.wezhan.cn/content/sitefiles/67705/images/5304761_%E5%B0%8F%E6%A3%89%E6%A3%92.jpeg | http://img.wezhan.cn/content/sitefiles/67705/images/5305576_022.jpeg,4,BRAND_AND_SELECTED_PRODUCTS_PRESENT_IN_STOMIR_KZ_CATALOG,OFFICIAL_PRODUCT_REFERENCE_REVIEW_REQUIRED,https://www.ztdental.com/productinfo/816841.html
816846,ZT Dental,ZT Dental,MIXING TIPS,Other dental products,,https://nwzimg.wezhan.cn/contents/sitefiles2061/10305317/images/33457451.jpeg | http://img.wezhan.cn/content/sitefiles/67705/images/5306266_Dentalmixingtips001.jpeg | http://img.wezhan.cn/content/sitefiles/67705/images/5306267_Dentalmixingtips002.jpeg,3,BRAND_AND_SELECTED_PRODUCTS_PRESENT_IN_STOMIR_KZ_CATALOG,OFFICIAL_PRODUCT_REFERENCE_REVIEW_REQUIRED,https://www.ztdental.com/productinfo/816846.html
816855,ZT Dental,ZT Dental,DENTAL DISPENSING GUN,Other dental products,,https://nwzimg.wezhan.cn/contents/sitefiles2061/10305317/images/33457528.jpeg,1,BRAND_AND_SELECTED_PRODUCTS_PRESENT_IN_STOMIR_KZ_CATALOG,OFFICIAL_PRODUCT_REFERENCE_REVIEW_REQUIRED,https://www.ztdental.com/productinfo/816855.html
816856,ZT Dental,ZT Dental,INTRAORAL TIPS,Other dental products,,https://nwzimg.wezhan.cn/contents/sitefiles2061/10305317/images/33457529.jpeg,1,BRAND_AND_SELECTED_PRODUCTS_PRESENT_IN_STOMIR_KZ_CATALOG,OFFICIAL_PRODUCT_REFERENCE_REVIEW_REQUIRED,https://www.ztdental.com/productinfo/816856.html
816868,ZT Dental,ZT Dental,PLASTIC TRAY SLEEVES,Other dental products,,https://nwzimg.wezhan.cn/contents/sitefiles2061/10305317/images/33457473.jpeg,1,BRAND_AND_SELECTED_PRODUCTS_PRESENT_IN_STOMIR_KZ_CATALOG,OFFICIAL_PRODUCT_REFERENCE_REVIEW_REQUIRED,https://www.ztdental.com/productinfo/816868.html
816834,ZT Dental,ZT Dental,EVACUATOR TIPS,Other dental products,,https://nwzimg.wezhan.cn/contents/sitefiles2061/10305317/images/33457512.jpeg,1,BRAND_AND_SELECTED_PRODUCTS_PRESENT_IN_STOMIR_KZ_CATALOG,OFFICIAL_PRODUCT_REFERENCE_REVIEW_REQUIRED,https://www.ztdental.com/productinfo/816834.html
816830,ZT Dental,ZT Dental,DISPOSABLE AIR/WATER SYRINGE TIPS,Other dental products,,https://nwzimg.wezhan.cn/contents/sitefiles2061/10305317/images/33457506.jpeg | http://img.wezhan.cn/content/sitefiles/67705/images/5314163_QQ%E6%88%AA%E5%9B%BE20151212160250.jpeg | http://img.wezhan.cn/content/sitefiles/67705/images/5314160_QQ%E6%88%AA%E5%9B%BE20151212160302.jpeg | http://img.wezhan.cn/content/sitefiles/67705/images/5304526_08.jpeg,4,BRAND_AND_SELECTED_PRODUCTS_PRESENT_IN_STOMIR_KZ_CATALOG,OFFICIAL_PRODUCT_REFERENCE_REVIEW_REQUIRED,https://www.ztdental.com/productinfo/816830.html
3642858,ZT Dental,ZT Dental,IRRIGATION NEEDLE TIPS,Other dental products,,https://nwzimg.wezhan.cn/contents/sitefiles2061/10305317/images/57251967.jpg | https://nwzimg.wezhan.cn/contents/sitefiles2061/10305317/images/57251966.jpg,2,BRAND_AND_SELECTED_PRODUCTS_PRESENT_IN_STOMIR_KZ_CATALOG,OFFICIAL_PRODUCT_REFERENCE_REVIEW_REQUIRED,https://www.ztdental.com/productinfo/3642858.html
